Name	luad_pvalue_transcriptomics	luad_rvalue_transcriptomics	hnscc_pvalue_transcriptomics	hnscc_rvalue_transcriptomics	ovarian_pvalue_transcriptomics	ovarian_rvalue_transcriptomics	colon_pvalue_transcriptomics	colon_rvalue_transcriptomics	brca_pvalue_transcriptomics	brca_rvalue_transcriptomics	lscc_pvalue_transcriptomics	lscc_rvalue_transcriptomics	luad_pvalue_proteomics	luad_rvalue_proteomics	hnscc_pvalue_proteomics	hnscc_rvalue_proteomics	ovarian_pvalue_proteomics	ovarian_rvalue_proteomics	colon_pvalue_proteomics	colon_rvalue_proteomics	brca_pvalue_proteomics	brca_rvalue_proteomics	lscc_pvalue_proteomics	lscc_rvalue_proteomics
ADAM28	6.785066495550102e-05	0.3853128893935993	0.0024333491250243984	0.3169780600000346	0.00924919729502169	0.2808174902285079	0.001413777539891497	0.31557511857091003	0.5779403006801292	0.06600103804023305	1.2095760005774632e-06	0.46200267715062626	0.12923874322385967	0.18118979644758346	0.2129152893750658	0.17795757021721303	0.7859964187599107	0.09657146718626569					0.0014497435695851877	0.3847242255558168
ADAM7	0.27514328678088484	0.1558614694616473	0.012570008518267835	0.26696928775620354	0.4201982611052377	0.09022117008202443			0.9653717159722381	-0.028534696977724483														
ADAMDEC1	0.18386194419621132	0.1335103271697899	0.5415933945421536	-0.07631494180080717	0.3992547264358832	-0.09475091792026502	0.4413812943393094	0.08067499639661391	0.9464463253771952	-0.009900710125559084	0.00102936086182498	0.3246884177033757	0.4068597419136781	0.14703130692857969	0.8293761728665993	0.04388445631449964	0.8997569712591159	0.034902231977897255	0.39681723382652534	0.112317145625553	0.6660192765370243	0.05563781752084373	0.8805457878168347	0.01881159754670058
ADRA1A	0.056416296146177256	0.1936227596763594	0.07946813132195295	0.19785454123947382	0.8320612341623038	-0.023194706683743196			0.42420711667339156	-0.11752278039355236	0.019218236958835337	0.24102478168328215												
AGPAT5	1.1540056358005445e-09	0.5552352690063656	8.758521631638099e-09	0.5419396171023626	1.5982886378685207e-10	0.6057207882558038	4.371358095044251e-15	0.6810153238097558	6.554854249164801e-11	0.5701291622186151	3.3473395927786757e-07	0.4820149780781041	1.3544226773331825e-05	0.4276218591157773	7.669124069602765e-07	0.4870850237224568	1.1417046703428618e-06	0.5542378555288219	1.4170477264019312e-05	0.4588048875390147	8.409662664065553e-07	0.45786428685786407	6.877511782415838e-07	0.485135085023289
ANGPT2	0.0006294040162890296	0.3354148874856674	0.11546501048976532	0.18065714130416965	0.357401977146148	0.10521102066329341	0.127257271951131	0.15742656300849345	0.24342150549878092	0.13655597399567337	0.2688993689544682	0.11207076196659119	0.5607258844452567	0.06040107339694861	0.2274697668294928	-0.17193545660191972	0.10050804238468612	0.3752788198302782			0.35001319364456945	-0.1153665488575272	0.5223500881706304	-0.07023392333666909
ARHGEF10	1.9156783199904064e-06	0.4512835825975835	0.0009562818994326513	0.34156993825288984	1.0151925134247423e-05	0.44573250646513857	0.0016233815834379162	0.31167241619012725	1.1537642171781692e-08	0.5098900768904231	7.401575421177238e-05	0.38641408579092307	1.4434685096564087e-05	0.4258725510621548	3.68463693944817e-05	0.41337780944541824	3.20507472656702e-05	0.4834154655827028	0.06981423540730135	0.3388496076527699	1.4894625598104499e-05	0.40432244633214	0.0090783183241609	0.2683001251411548
ASAH1	1.9021382179493835e-06	0.4516442203247834	1.8008573773029719e-06	0.46511849426817375	3.848296610369588e-13	0.6667097112096225	8.565387215467337e-11	0.5885185978646112	0.010415652288499617	0.25523763092857	7.865161145244845e-11	0.5891316473627399	0.02037248671603217	0.24036627077926098	0.04688591031547957	0.2227218849616899	4.66879477766213e-05	0.4745881406774293	0.0009597640073965545	0.35920891617838846	0.32824755601294303	0.11019414216674753	0.2952101936990398	0.11703327070729616
ATP6V1B2	3.0770713207078263e-06	0.44341113295150975	7.077310907910781e-13	0.6419695069229281	1.6493111625930307e-10	0.6048631739084289	2.1633541385170926e-18	0.73570707736975	1.7806219973937731e-07	0.47257015133193614	9.900137170661774e-17	0.7061473078086348	2.7012321888398594e-05	0.4135580440310139	9.866756751144908e-05	0.393477107082733	4.234157635069666e-06	0.5265769388421082	1.6602673289080507e-10	0.6201433847950331	5.405057200005766e-07	0.466969377369361	2.439682251137777e-09	0.5633422135446775
BIN3	1.5118647727504182e-24	0.8036784383799389	1.3566755452888262e-17	0.7248309430715152	1.693870203548949e-11	0.6301013824114832	5.25088685855213e-26	0.8233936659273089	4.46540785062372e-08	0.4911708041079055	8.493603363618867e-25	0.8111695812199213	0.012415504359911143	0.2582411438144536	0.18220477797520776	0.15610998899880596	0.0002833977823292684	0.4308848406363485	0.11200759338553652	0.19214878953349032	0.2612533853912373	0.12383238996717813	0.36329141412908217	0.10260955434378359
BLK	0.02319581524092939	0.22852497310085884	0.16119791027919647	0.16285010424414342	0.4082541304355222	0.09272421814278496			0.05222027522792117	0.2172929139978976	0.0005548838017902005	0.3406938223082734	0.022141297503142993	0.25930591737116065	0.3913094142705302	-0.2023008464229588	0.7817698261138286	-0.05297908353372352			0.13919426973039198	-0.1561303195903549		
BMP1	0.0018842454865635161	0.3077443792282211	0.923339828374154	-0.010369128029492039	0.01234181837165267	0.27149426532923504	0.11668767815083965	0.16203421359893042	0.5377129871668983	0.07362458691350326	8.916205008531917e-10	0.5616391740701303	0.2493942065095593	0.1179331737382868	0.1789424541512121	-0.15768183442087816	0.014472032181356198	0.3259756616807516			0.17782742359404213	0.14376111164480743	0.1613559646107221	0.15074601137265137
BNIP3L	2.6336378257931025e-11	0.5967140074359101	4.479924253326713e-07	0.4876369343031333	1.8668222830384453e-14	0.6926421229685815	3.624904011306926e-13	0.6435701087043268	3.8298348929265124e-08	0.49344546050256494	2.4596962477167524e-08	0.5191847160637004	0.0065627062872453505	0.320967069018428	0.9876559041880937	-0.004236299476620839	0.002873666174252225	0.3902419566764904			0.011708469631730228	0.3237596420837774	0.10741937497123683	0.2530093419205924
C8orf48	0.008726502461966807	0.2625338410889369	0.3175520080146742	0.11951235877886174					0.009440667411617658	0.25905641706301963	0.003272448687467682	0.29314397674439263												
C8orf49			0.6511581300391406	0.05684248003900414					0.3165390364958928	0.28779634048828584														
C8orf58	5.0507664927919005e-08	0.5064618378292287	0.002982382017779018	0.31122109461372294			8.117414738983875e-10	0.5624058875938431	0.16041972992196893	0.15376878070152963	7.272881891155316e-15	0.6742055843486221												
C8orf74	0.010604101134959501	0.3723368750434924	0.37623592628230923	0.10474072338421607																				
CCAR2	4.588083705386912e-30	0.8550410081307426	3.025742160348294e-18	0.7349440583749365			4.099519386461692e-13	0.6422783699886587			3.292292262715224e-17	0.714166277104439	0.1612462863325895	0.16004319633972827	5.951293726748353e-14	0.6725317832809625			5.698362370676241e-13	0.679743452629491			0.0054687149748147475	0.33273288561790515
CCAR2	4.588083705386912e-30	0.8550410081307426	3.025742160348294e-18	0.7349440583749365			4.099519386461692e-13	0.6422783699886587			3.292292262715224e-17	0.714166277104439	0.1612462863325895	0.16004319633972827	5.951293726748353e-14	0.6725317832809625			5.698362370676241e-13	0.679743452629491			0.0054687149748147475	0.33273288561790515
CCAR2	4.588083705386912e-30	0.8550410081307426	3.025742160348294e-18	0.7349440583749365			4.099519386461692e-13	0.6422783699886587			3.292292262715224e-17	0.714166277104439	0.1612462863325895	0.16004319633972827	5.951293726748353e-14	0.6725317832809625			5.698362370676241e-13	0.679743452629491			0.0054687149748147475	0.33273288561790515
CCAR2	4.588083705386912e-30	0.8550410081307426	3.025742160348294e-18	0.7349440583749365			4.099519386461692e-13	0.6422783699886587			3.292292262715224e-17	0.714166277104439	0.1612462863325895	0.16004319633972827	5.951293726748353e-14	0.6725317832809625			5.698362370676241e-13	0.679743452629491			0.0054687149748147475	0.33273288561790515
CCDC25	8.286503796421296e-19	0.7342977309013191	7.73715030364561e-24	0.8046488836433163	2.5652503469710295e-10	0.5994545363308981	8.175769198160408e-16	0.6943126196613624	9.199788329863519e-13	0.6134692665129848	1.566967568779526e-15	0.686272818240219	0.12923874322385967	0.18127875022305612	1.0274139860736314e-22	0.7972738106058864	4.123433262148298e-12	0.7116368944764728	1.4982320601165319e-05	0.45647986365256926	4.805696807248818e-14	0.6493861687337183	2.8929391744401832e-11	0.6104435920208242
CCDC25	8.286503796421296e-19	0.7342977309013191	7.73715030364561e-24	0.8046488836433163	2.5652503469710295e-10	0.5994545363308981	8.175769198160408e-16	0.6943126196613624	9.199788329863519e-13	0.6134692665129848	1.566967568779526e-15	0.686272818240219	0.12923874322385967	0.18127875022305612	1.0274139860736314e-22	0.7972738106058864	4.123433262148298e-12	0.7116368944764728	1.4982320601165319e-05	0.45647986365256926	4.805696807248818e-14	0.6493861687337183	2.8929391744401832e-11	0.6104435920208242
CDCA2	0.007665461918338332	0.2670611487870038	2.553033202115901e-09	0.5573584060702983			1.889136830368489e-12	0.6278981354916644	0.005581578608096356	0.2741504853786404	0.027538090150753734	0.22182381903694726			0.5308200913321632	0.08821665009779575					2.33639871949929e-05	0.42196194899168354	0.12441808311962646	0.20593379013962948
CHMP7	1.7954448573624922e-20	0.757295010298183	7.764316122930464e-17	0.7131302891016216			9.472569138018457e-33	0.8765746568604749	2.3532334860381494e-14	0.6432690051346508	1.6549679821394712e-25	0.8186138479956926	7.081706007519746e-18	0.7300772168535224	2.9086300652689748e-11	0.6136706609777745	1.7552548983738635e-11	0.6949847251392681	0.0005883474741879466	0.3742573489718016	9.668882850310616e-14	0.6389679605833698	7.183570801183312e-18	0.7387061346318444
CHRNA2	0.0019380613332053392	0.31386075614975945	0.3616958134692885	0.10815712291573083	0.3272129155183239	0.11211162202716793			0.8197018799082557	0.04809850295021814	0.46006963301863407	0.0962080785830416												
CLDN23	0.00035573837294755655	0.3491990011916969	0.16841136361896747	0.15874070463762485	8.737521673949467e-05	0.400709020308306	0.00705698280764113	0.2701127484528284	0.010272543656619225	0.2559883559449223	0.003064708254044618	0.2953970730087321	0.834692881865058	0.029101413860351838	0.42927950454972474	-0.32546819909134195							0.40693372269635747	0.14503224977439097
CLN8	3.590385824769692e-20	0.7529727791950138	1.1405321116626065e-16	0.7094982549977296	0.0015024285775899592	0.3337989417101207	2.0216006296773056e-11	0.6040307290645494	2.8085962811155943e-05	0.39254619465137763	2.6515207144108804e-18	0.7313292212194464			0.10081038810707532	0.21590904600662725			0.09480182999007841	0.9955335905976063				
CLU	0.09102373922942976	0.17169912526767506	0.3459006751087109	0.11157898842267654	0.10361986390094917	0.181568267440393	0.8515176057527618	0.01946274964233327	0.005445974580278944	0.2751569208793845	0.032739262698140745	0.2153573817600853	0.1594922902169255	0.1499581468831536	0.9514723752906874	-0.00806044289914229	0.0009249295238333371	0.3954702098983035	0.908881680476992	-0.01569222060839162	0.6660192765370243	0.051397458210226	0.7927160930179732	-0.030619706958498458
CNOT7	4.984013489200318e-20	0.7506152411817167	3.1681475359143867e-25	0.818279765941129	1.3069506599390134e-18	0.7623423045887812	1.4616868161386508e-20	0.7656692932683247	2.6095419292403506e-18	0.7093652104182568	4.924800883296156e-15	0.6773769795978084	5.2455350905125956e-06	0.4470019815157965	5.8949229878903115e-08	0.5262271997975845	0.0006354557297766984	0.4077568214244649	0.017984256778102524	0.3104775371783771	9.040370893507148e-06	0.4250235561726161	6.346007086404415e-07	0.488350108544512
CSGALNACT1	0.00035573837294755655	0.34908021414282686	0.009239158567585401	0.2769257888155159	0.9658335558510888	-0.004337957599211899	0.021537058390835223	0.2324312854943212	0.0007660691607928799	0.33162160521418893	1.2724138748725125e-08	0.5280255114851246			0.7427893287050771	0.07367295631709019								
CSMD1	0.1688994981360361	0.13912982160735865	0.21403175933232055	0.14453313646269234	0.8320612341623038	0.022850879370402102			0.9046494413489805	0.02057814801957034	0.18282256024117735	0.13542440379306378	0.1429294283329309	0.2712896110302846										
CTSB	0.10778685438408879	0.16294863744232202	0.001380583797319582	0.3314735963358309	0.00044586877223923364	0.3641255588139889	2.6493731095066745e-07	0.4848925023199278	0.11583840045383981	0.16883266269688535	0.0007242446454028556	0.33378922084005463	0.007112505749477439	0.27580298147613724	0.011722493426118653	0.27234298380294764	0.0006354557297766984	0.4078196448338237	0.0009188341445496357	0.3613594224275811	0.02858189771630055	0.22016467269705858	0.019114212029940982	0.24299402608352197
DCTN6	5.674785364264777e-18	0.7218415390802972	1.1405321116626065e-16	0.7099865012330238	1.65002207538118e-09	0.5775710952885916	1.8091437734203295e-15	0.6878272284972763	2.5497657210520833e-16	0.678618700408816	2.7358793814667745e-17	0.7156479017219943	0.00010340837100697475	0.38588828584025037	0.03298262190668274	0.2377475800395242	0.4883542264802173	0.10722305404216406	0.02322547796985355	0.2552793753446403	0.01514794057361792	0.24332821001465413	0.0002582083446521821	0.3737427279599763
DEFA1			0.7664821205953694	0.03740651612643846					0.6796041077635563	-0.104682807401483														
DEFA10P																								
DEFA11P																								
DEFA1B			0.7975360498865524	0.03281450743592877					0.3165390364958928	-0.2153620553138515					0.21995992428564248	0.14196629635242392								
DEFA3	0.48950328159563605	0.09568221514282126	0.7655665790782396	-0.03803396619691046					0.2524408375753499	-0.2974022442879437	0.6947895058153563	0.057109013936551406	0.1612462863325895	0.14556569812690465	0.12141131827401823	0.18118393250576276			0.03727690685112609	-0.2438263425376647	0.8928777795170713	0.012761895854196147	0.42265880131877226	0.08752816370510996
DEFA4	0.010842281592795896	0.38212747744661224	0.8336437879363261	0.024511165628398078	0.30692477135630236	-0.1170053170912835			0.6527087037339646	-0.36026110373488435	0.9908606585507984	-0.0030507774289035283	0.04687457730164972	0.20797656836788916	0.35530305129247314	0.11075679407653018			0.2420928900603612	-0.13733690121662606	0.7451906394659591	0.039584148453365046	0.4093461912238038	0.09041979550879642
DEFA5			0.3360800665790267	0.11420647085366435	0.022922747031544524	-0.24801234548857395	0.07445394327789315	0.18353344134098803	0.8496544711529217	-0.11335915089595619			0.3523670138442267	0.09531665424143401			0.7181060857587985	0.0658025873530845	0.002945172451530692	0.3474471363616373				
DEFA6			0.33155734371651746	0.11601683023086673	0.048268152212576895	0.2181770925239461	0.06239220428006051	0.19139556421096507									0.841475370087994	0.04415943777152601	0.03959046294938654	0.23269747791035314				
DEFA8P			0.33155734371651746	0.11618896700991367																				
DEFA9P			0.4940113201322745	0.08457192147853355																				
DEFB1	0.012100565370250971	0.2576311565418461	0.4065405215831168	0.09958447684248092	0.048268152212576895	0.21853662448813277	0.08000496378551787	0.1799761120058292	0.23599625537916433	0.13732394721989152	0.01119546851545887	0.258577590139673			0.3045248572964394	0.1422844280582197	0.01152548953118899	0.4634000442763416						
DEFB103A			0.5669885276436226	0.07031785248581068											0.2890314846298446	0.14276921296873427								
DEFB103B			0.6256222145528656	0.06053476180178991	0.55925576466811	0.0650733102533044			0.7843397931248626	-0.2498923193891044														
DEFB104A			0.16841136361896747	0.15887612847592214	0.48455207778639026	-0.07733103088909762																		
DEFB104B			0.21403175933232055	0.1444855537685697																				
DEFB105A			0.5439382185951381	0.0748758074976742																				
DEFB105B			0.24198145693335413	0.13692196237023224	0.6556072288419842	0.050467899594893145																		
DEFB106A			0.21020353708910203	0.14603999421571828																				
DEFB106B			0.07503187512035636	0.2007488507806075																				
DEFB107A			0.08266812502167316	0.19597406749164192	0.38086773457739626	0.09891990514230868																		
DEFB107B			0.08820825037564275	0.1930634481911394																				
DEFB109A			0.4641531430962642	0.08994170731598645																				
DEFB109B			0.8427093706534793	0.022072125588620067																				
DEFB130A			0.7575490487279232	0.040177521874957385																				
DEFB130B			0.5439382185951381	0.07521212872431293																				
DEFB134	0.29006477863448205	0.12320356409496151	0.7985675990788211	-0.03225661479817234	0.10542450801327943	-0.17995945711081685					0.1264131370075651	0.17185598188170284												
DEFB135	0.9501452046217405	0.008547821610819788	0.459858629370743	0.09092122960430375	0.5293081986663942	0.07000885726937951																		
DEFB136			0.47507355136174706	0.08802288921341342																				
DEFB4A	0.1688994981360361	0.17353728158752363	0.8066126203925029	0.030253850199866657					0.5428708081543369	0.3033727297121084														
DEFB4B			0.437097186711399	0.09460294231946295	0.5808599055221008	0.06141303933517263			0.15463178588328216	0.7479543016965515					0.12141131827401823	0.1852286085964231								
DEFT1P			0.3360800665790267	0.11436803840376601																				
DEFT1P2			0.3360800665790267	0.11436803840376601																				
DLC1	0.034188627561922806	0.21260020087916223	0.31423847717320447	0.12044823201797904	0.00513471028645642	0.2989317855130044	0.45878031141410497	0.07720160303671117	0.5142074642796076	0.07849953232206092	4.460939259201799e-05	0.39650757196019804	0.1442882175671505	0.15533627988328153	0.6055779069584815	0.3976494340874352	0.23787647388672464	-0.33032790028591447			0.5683415238303207	0.07081334567969644	0.7609717501018803	0.03738748030466195
DLGAP2	0.02930008645903831	0.21953994305164376	0.00046186968436034796	0.35853380025260134	0.30692477135630236	0.11719937216364128			0.026040019800181665	0.2587380717285558	0.06520999818277314	0.19103534276216155												
DLGAP2-AS1			0.949263543122738	-0.006714609924094776																				
DMTN	2.4951796726481265e-11	0.5974580542658161	0.0015416095616597556	0.3285318872068083	2.211781418120681e-08	0.5436334717374302	5.7405560181222127e-08	0.5072848562511254	0.3568897858264321	0.10717998244443676	5.80929215905069e-06	0.4349955242198988	0.1612462863325895	0.16004319633972827	0.3913094142705302	0.10322485302357298	0.8997569712591159	-0.04441889783469227	0.15652944959002962	0.16576766087700917	0.6660192765370243	0.05008448925439097	0.0054687149748147475	0.3332347061474782
DMTN	2.4951796726481265e-11	0.5974580542658161	0.0015416095616597556	0.3285318872068083	2.211781418120681e-08	0.5436334717374302	5.7405560181222127e-08	0.5072848562511254	0.3568897858264321	0.10717998244443676	5.80929215905069e-06	0.4349955242198988	0.1612462863325895	0.16004319633972827	0.3913094142705302	0.10322485302357298	0.8997569712591159	-0.04441889783469227	0.15652944959002962	0.16576766087700917	0.6660192765370243	0.05008448925439097	0.0054687149748147475	0.3332347061474782
DMTN	2.4951796726481265e-11	0.5974580542658161	0.0015416095616597556	0.3285318872068083	2.211781418120681e-08	0.5436334717374302	5.7405560181222127e-08	0.5072848562511254	0.3568897858264321	0.10717998244443676	5.80929215905069e-06	0.4349955242198988	0.1612462863325895	0.16004319633972827	0.3913094142705302	0.10322485302357298	0.8997569712591159	-0.04441889783469227	0.15652944959002962	0.16576766087700917	0.6660192765370243	0.05008448925439097	0.0054687149748147475	0.3332347061474782
DMTN	2.4951796726481265e-11	0.5974580542658161	0.0015416095616597556	0.3285318872068083	2.211781418120681e-08	0.5436334717374302	5.7405560181222127e-08	0.5072848562511254	0.3568897858264321	0.10717998244443676	5.80929215905069e-06	0.4349955242198988	0.1612462863325895	0.16004319633972827	0.3913094142705302	0.10322485302357298	0.8997569712591159	-0.04441889783469227	0.15652944959002962	0.16576766087700917	0.6660192765370243	0.05008448925439097	0.0054687149748147475	0.3332347061474782
DMTN	2.4951796726481265e-11	0.5974580542658161	0.0015416095616597556	0.3285318872068083	2.211781418120681e-08	0.5436334717374302	5.7405560181222127e-08	0.5072848562511254	0.3568897858264321	0.10717998244443676	5.80929215905069e-06	0.4349955242198988	0.1612462863325895	0.16004319633972827	0.3913094142705302	0.10322485302357298	0.8997569712591159	-0.04441889783469227	0.15652944959002962	0.16576766087700917	0.6660192765370243	0.05008448925439097	0.0054687149748147475	0.3332347061474782
DMTN	2.4951796726481265e-11	0.5974580542658161	0.0015416095616597556	0.3285318872068083	2.211781418120681e-08	0.5436334717374302	5.7405560181222127e-08	0.5072848562511254	0.3568897858264321	0.10717998244443676	5.80929215905069e-06	0.4349955242198988	0.1612462863325895	0.16004319633972827	0.3913094142705302	0.10322485302357298	0.8997569712591159	-0.04441889783469227	0.15652944959002962	0.16576766087700917	0.6660192765370243	0.05008448925439097	0.0054687149748147475	0.3332347061474782
DMTN	2.4951796726481265e-11	0.5974580542658161	0.0015416095616597556	0.3285318872068083	2.211781418120681e-08	0.5436334717374302	5.7405560181222127e-08	0.5072848562511254	0.3568897858264321	0.10717998244443676	5.80929215905069e-06	0.4349955242198988	0.1612462863325895	0.16004319633972827	0.3913094142705302	0.10322485302357298	0.8997569712591159	-0.04441889783469227	0.15652944959002962	0.16576766087700917	0.6660192765370243	0.05008448925439097	0.0054687149748147475	0.3332347061474782
DMTN	2.4951796726481265e-11	0.5974580542658161	0.0015416095616597556	0.3285318872068083	2.211781418120681e-08	0.5436334717374302	5.7405560181222127e-08	0.5072848562511254	0.3568897858264321	0.10717998244443676	5.80929215905069e-06	0.4349955242198988	0.1612462863325895	0.16004319633972827	0.3913094142705302	0.10322485302357298	0.8997569712591159	-0.04441889783469227	0.15652944959002962	0.16576766087700917	0.6660192765370243	0.05008448925439097	0.0054687149748147475	0.3332347061474782
DOCK5	8.549756352416477e-15	0.6702312776695418	1.8008573773029719e-06	0.4648996638008465	1.8601986535984273e-05	0.43348140508891003	2.7178702649073257e-08	0.5176837519139336	0.003964992331234072	0.28432523866898435	6.070190179066638e-10	0.5666185079348041	3.748141776123881e-09	0.5576541846029306	0.00027072880419930256	0.37178832015054786	0.02510978201652492	0.2818370017367608	0.0005383602596078952	0.3852937984710677	2.137070236260672e-06	0.4399947679306013	1.628650442303288e-05	0.4299482545500919
DOK2	0.5994941346157769	-0.05234729795934609	0.5309030085473633	0.07849370326570806	0.7268339198499478	0.03976985807565177	0.40245577710305264	0.08981552347955243	0.8541357696442936	0.025487252885482946	0.0003286039938644792	0.3539004255935902	0.8989201008942026	0.012308290871629626	0.14103643988948444	0.17362480549884504	0.7817698261138286	-0.05331481957793805	0.8295731540404767	-0.031259917045720544	0.7493261653102646	-0.033721695990586525	0.015301476285168935	0.2512379038709279
DPYSL2	0.0015349527600311062	0.3131817435195884	0.00044331637854832574	0.3598802824857501	1.6359460642159332e-05	0.4364962334009751	1.5980887221347638e-05	0.41497578245320477	0.15463178588328216	0.15512798129866356	3.992179876848794e-06	0.44172369340991186	0.0011644628726685529	0.32843462998966655	0.19092185146091584	0.15316650171465102	0.7817698261138286	0.10425321902132995	0.025265236740073853	0.25128344107470874	0.6468818941078601	0.057807060873549504	0.07066449246705901	0.19189603422598348
DPYSL2	0.0015349527600311062	0.3131817435195884	0.00044331637854832574	0.3598802824857501	1.6359460642159332e-05	0.4364962334009751	1.5980887221347638e-05	0.41497578245320477	0.15463178588328216	0.15512798129866356	3.992179876848794e-06	0.44172369340991186	0.0011644628726685529	0.32843462998966655	0.19092185146091584	0.15316650171465102	0.7817698261138286	0.10425321902132995	0.025265236740073853	0.25128344107470874	0.6468818941078601	0.057807060873549504	0.07066449246705901	0.19189603422598348
DUSP26	0.0216616605393485	0.23113183324142705	0.5415933945421536	-0.07635571157271753	0.28913233874183025	0.12298540689317966			0.3142439718339131	0.13626176997300612	0.9908606585507984	0.0024496794757318807			0.7092298398075455	0.19593865638772723								
DUSP4	5.280063876852935e-06	0.4340087203852444	0.003167870749378965	0.3088009488903126	0.019433701776295238	0.25478694779209715	8.239208795647867e-06	0.4280410034635348	0.005111688427867601	0.27753685175460396	0.00017519433740193806	0.3681414513026481									0.020985639088175193	0.29630507717287996		
EBF2	0.029767032990485526	0.2184267920950244	0.16967116497534557	-0.15799747384588256	0.03639211956601442	0.2304149982910979			0.9446192213939589	-0.010891251549642274	0.05172120172532037	0.19730691745032009												
EGR3	0.00026827729629700037	0.3559817368582666	0.05372992328558332	0.21432328843560722	0.08247629013118513	0.19320681924131672	0.36660206133686246	0.09666526941146819	0.4665787922152561	0.08558630909437608	2.903741252802309e-08	0.5168171360794652												
ELP3	5.674785364264777e-18	0.7217408858897735	6.605803669544619e-26	0.8252305956642816	8.448717001416429e-07	0.48812437688355603	5.218952792109532e-34	0.8854070329350539	1.9299958237788282e-12	0.6057744657327058	3.798969215550127e-20	0.7570112539320466	5.7773170654048405e-09	0.5513547036169256	1.251939588174758e-09	0.5740941123325352	0.9194333656939755	-0.027389897338786717	0.0002611068386253453	0.40514860919049644	5.405057200005766e-07	0.46672039206240684	7.386576499178392e-06	0.44493282729023753
ELP3	5.674785364264777e-18	0.7217408858897735	6.605803669544619e-26	0.8252305956642816	8.448717001416429e-07	0.48812437688355603	5.218952792109532e-34	0.8854070329350539	1.9299958237788282e-12	0.6057744657327058	3.798969215550127e-20	0.7570112539320466	5.7773170654048405e-09	0.5513547036169256	1.251939588174758e-09	0.5740941123325352	0.9194333656939755	-0.027389897338786717	0.0002611068386253453	0.40514860919049644	5.405057200005766e-07	0.46672039206240684	7.386576499178392e-06	0.44493282729023753
ENTPD4	2.905466414915503e-26	0.8208921596803014	3.8280011691510627e-13	0.6477720339520011			3.0665779583914124e-18	0.73275260051141	0.0003510447486164759	0.3424434812602015	2.2614743180771786e-21	0.773463546942222	0.12172995654041655	0.22565758867235924	0.6118677143553597	0.07684484282633121	0.36060966017220847	0.13857552297885417					0.031578517415046255	0.27978648120058514
ERI1	2.512445988850464e-12	0.6205803917170503	2.2803985747204403e-16	0.7045793089003111	1.1935804611858523e-16	0.7316810201763206	1.813345788192033e-17	0.7208827842968266	3.5423110927838656e-10	0.552259907011589	8.056879526235077e-16	0.6912729021946308	1.0783701446229627e-08	0.5428000231808627	5.589937490488135e-12	0.6301710261972004	3.332280933238744e-10	0.6629992317226495	0.006424187362745422	0.41103422819834107	2.13823330847453e-12	0.6084385559638545	3.021163413400689e-12	0.6338661493986969
ERICH1	1.9211705771151363e-18	0.7290723027330854	1.3704581239556384e-12	0.6356697637541192	2.8546747957989802e-12	0.64819133467008	1.308978110523543e-10	0.5835823412359955	4.104395974749869e-09	0.5239489379288291	3.514459745267217e-11	0.5977531109666754	1.1821877808434316e-08	0.5405650387342766	1.8553577811730924e-12	0.6597201790734473					3.090480892518955e-08	0.5256693258717999	1.8109846192199224e-07	0.5093281013763495
ESCO2	0.0026102732237484713	0.2982764612730357	2.1909845609259006e-08	0.5300427730228144	3.146460534381921e-09	0.5692543548581404	1.563274803235504e-11	0.6068076545350356	0.022886626009514632	0.23046533168001973	0.024194089551491944	0.22740109872982128			5.0332858855120864e-05	0.46810206062627524	0.942452953421823	-0.020407343190164032						
EXTL3	1.4137704849228966e-09	0.5526973516704659	3.975105811353565e-10	0.5793686183979003	4.468786304660582e-11	0.6201205399204051	1.3314423255384167e-14	0.6719888710406144	1.4492389420311361e-06	0.44216946706176447	1.3803166513772818e-11	0.6076327330983038	0.12172995654041655	0.24500942696719272	0.00012200668553477176	0.4352008554456204	0.12125205506800545	0.26061660750243854					0.007911373603125096	0.35465542104511405
EXTL3-AS1			0.5669885276436226	0.07097832189455165							0.06520999818277314	0.18634501937745646												
FAM160B2	1.2795766208100474e-12	0.6268942723332643	6.265932700785425e-07	0.48219720926298515	8.060066876179798e-09	0.5574883363314973	3.8541260128540354e-05	0.3976531367017717	4.329401332571987e-05	0.38427204891019523	7.872282831815983e-18	0.7244052906790096	3.749192782077944e-11	0.6084566782822531	1.2402232530184478e-05	0.4359739032866956	0.11922913164713078	0.21021481060438196	0.010496397258515004	0.4057086404909934	1.0786749666926462e-07	0.491058270696704	2.711821605650719e-11	0.6123301242469416
FAM167A	2.0473691213738778e-08	0.5185180329868518	0.052890262419054895	0.21521429151797278	0.0036104900314889105	0.30955057358569277			0.5570278682215493	0.07027646144033986	2.538129751538526e-05	0.4075733521254383	0.0021103919665304473	0.4826064308162692										
FAM167A-AS1			0.0030185767576686295	0.3106205859472288							0.15206197557832682	0.17378225860783028												
FAM66A			0.29950545574752235	0.1241588029150423					0.9148581388261892	0.018244476495988197														
FAM66B			0.027231113792020773	0.23990213595049065					0.11460550726951411	0.1758656250151803														
FAM66D			0.5997357251195212	0.06491480033175993					0.19796749069441563	0.14590338045651305														
FAM66E			0.021718726389120476	-0.24849304178766696					0.3165390364958928	0.12171464180150751	0.004014575431167149	0.30859632673511594												
FAM85B			0.7406179314763318	0.0434728018866942																				
FAM86B1	0.0011000604575293273	0.32165604112845353	0.3459006751087109	0.11149821885094302	0.00031257537275916115	0.3724985514381295	2.717391982466933e-07	0.48429103652980593	0.030909001657466417	0.2211869825881136	0.22703668690589618	0.12283107484693752												
FAM86B2	0.030451617172632072	0.22356929487192595	0.7655665790782396	0.0379414340996848	0.2558753210913132	0.13098642503617924			0.45920370200203364	0.08740381343341416	0.05178654949989698	0.20444750250471577												
FAM86B3P			0.013038502313049864	0.26557575119642707					0.07562383101169143	0.18978686279735293	2.449086011584997e-07	0.48675746085396526												
FAM87A			0.11927892990964159	0.17861911135951108							0.10096999783215427	0.17188923162987266												
FAM90A25P			0.17330551340962735	0.15635869342558495																				
FAM90A2P			0.5451702688568174	0.07433730994568448																				
FBXO16	2.873592334587737e-12	0.6191304685724641	0.0013254405240549023	0.3327346366612302	0.0002151575282130567	0.38137902678749147	1.9489612861062626e-10	0.5790597321089859	0.006223812723339281	0.2716776797975643	0.00016646937913628826	0.3694476032252947												
FBXO25	2.1049607846816505e-16	0.6978592969330418	9.260350330997497e-17	0.7116768916514277	2.1636769466652144e-07	0.5094362104549448	1.023671849569533e-16	0.7090092975552715	7.454516295217061e-12	0.5926421682643314	8.19795016325046e-08	0.5023205888134429												
FDFT1	2.858140920932948e-09	0.5438543691969315	0.00333181864670086	0.30692544382304654	0.06292271948000258	0.20567968397812558	1.1803625445203602e-10	0.584895637009655	0.0007660691607928799	0.368900408068732	4.233139881846781e-08	0.5116452452458874	0.0034303677970222504	0.2985878715921186	0.03633392323663152	0.23303148743974456	8.715421828783267e-06	0.5090743427720245	1.6770204668466793e-05	0.45319624924875646	0.000964898014312693	0.3180279551734366	0.0003205949656580992	0.3678618872050893
FGF17	7.511687490779093e-05	0.39165022621014994	0.02184271018786189	0.2477179660362335	0.31687372408917536	0.11457834676376295			0.37490017828822847	0.1235468070327856	0.009614595908579987	0.26261308288707186					0.17142859875793318	0.7384188776727111						
FGF20	0.13012837768966787	0.1652121395157836	0.02027761529549492	0.2511954615206171	0.056627351251976765	0.21071638707029536			0.5779403006801292	0.09411859115367963	0.2688993689544682	0.12710342528074187					0.1799869313097722	0.6208418910861404						
FGL1	0.023663272543140337	0.22860946007342453	0.5669885276436226	-0.07042941598605491	0.4602947080545402	0.08269445849339216			0.012365097290854688	0.3150569721355355	0.07582609584391874	0.18451061427315452	0.02886263623905335	0.23238255578298883	0.5197836771978934	0.09648644778967239	0.841475370087994	-0.053794581220088705					0.18420716499243076	0.15085183466069785
FUT10	2.9594978988229603e-17	0.7110975463147224	6.884793212886443e-15	0.6798943423262184	2.2274823479410173e-09	0.5737009539475606	1.1127788307433077e-18	0.7399664440127661	2.27725864447215e-15	0.6618233953802448	4.150987688626159e-13	0.6406997967825283												
FZD3	3.306511681487845e-07	0.47936804171717207	1.3673516457061793e-06	0.469676035890884	6.690365971472572e-08	0.5275035267918888	3.616001566022942e-13	0.6438122941025343	0.12550692304344124	0.1646357484133835	0.002888945915070944	0.29722297796311625					0.0011779283711309892	0.43266770160937706						
GATA4	0.1703019893521661	0.18837115137761817	0.2780360600332398	0.1285659396537796	0.44323572477991857	0.08593796283235906			0.9446192213939589	0.01483715399886111	0.9193280935856274	0.01410490289783748												
GFRA2	0.5111922812716893	0.06543697762747086	0.0046898748299532625	0.29701886678583556	0.30692477135630236	0.11806533259418901			0.8735552287743473	-0.022881676792058887	0.027538090150753734	0.22201422230620554												
GNRH1	3.235160412067761e-14	0.6591894169672446	3.975105811353565e-10	0.5791789509143901	0.2203365348222548	0.14064623895929163	0.020705909035769656	0.2345578584760102	9.528536120460545e-07	0.4486270647720014	1.8857187289916906e-11	0.6043667641081348												
GSR	1.9021382179493835e-06	0.45161363478730443	6.84130729374361e-05	0.40039941178119	5.4256975982979435e-08	0.5307304861539273	3.04213417577647e-19	0.7484500263681266	1.1834533479276654e-09	0.5385932615546055	0.05512217608717211	0.19396155555246158	1.6714822480939785e-06	0.46732047686346645	0.0006978060849778361	0.3493054665051414	4.234841241901155e-08	0.6035506283780613	5.5181819649928406e-12	0.6562000685030465	5.625479939667197e-06	0.42433214426581223	0.07577052777676685	0.1884757171809417
GTF2E2	4.4685778051086713e-20	0.7514945201783214	7.609400847392781e-18	0.7290556005477189	7.569556696933048e-07	0.4901416613881184	1.152810651944076e-15	0.6915907215975761	1.4347793102891586e-11	0.5861024792780899	8.039950721564583e-15	0.6732068854258633	1.013378566026987e-05	0.4344006631848403	1.5536953687597316e-07	0.511345645608963	5.3326743589256444e-05	0.4705482581985233	0.06299658009587258	0.233921005723222	9.040370893507148e-06	0.413286127061928	0.0005000552224781892	0.3575975626653608
HR	0.24260185387897712	0.11714599969849915	0.3749096202854575	0.10564272513886079	0.023468376439676916	0.2468138537114802	0.0002980453834779762	0.3537424245758969	0.06223657364035582	0.1940800085131083	0.009369537472796681	0.2612392647175291			0.29072523542074025	0.6066306798718546								
INTS10	4.5214126856396836e-27	0.8284133898556707	1.2614368602684357e-19	0.754993066150093	5.96230136586545e-20	0.7847506043551821	5.4160397420581965e-27	0.8331990014305493	1.917578951167636e-12	0.6065165172577255	1.6549679821394712e-25	0.8200940438001284	0.10696220759787033	0.17451985142546997	0.02445756764513129	0.24902162661719132	0.1684550167036044	0.18955146563549394	0.1359182197298143	0.1784284556731965			0.02776895603566571	0.22938439593570814
INTS9	1.337515238113105e-21	0.7707779689008094	8.210113007093968e-21	0.7702115221995345	1.3965918966939973e-09	0.5798798704555327	2.24269696332899e-10	0.5771260470878476	1.7237403378686144e-11	0.5834389961094444	3.595525524137457e-20	0.7578442544083851	0.0031985154726260423	0.30098950459110974	0.002365609484001402	0.31775640174688125	0.036181914298372225	0.2669610276756639	0.40447684832421443	0.11170076368937412			0.0035552693985328766	0.3048794459294451
KBTBD11	8.576076152858874e-05	0.3802074332511314	1.6273864029233968e-05	0.42750627675120345	0.012364384290253317	0.2710451118447832	1.477073627249253e-05	0.4166869302674896	0.6212627016111555	0.059121833002468795	0.0039651038597159505	0.28740564318519696	0.004811277946416497	0.2889527929862104	0.0004640206471666195	0.3596278748184482	0.5599114706585638	0.13387994685376398	0.0007900674322272453	0.36613009816206565	0.6660192765370243	0.051659132252642376	0.09083415770044145	0.1803664712911093
KBTBD11-OT1			0.005276080659488955	0.2932603451474491							0.5504990934328264	0.07205451839215252												
KCNU1	0.020788226652885634	0.37790666881869484	0.864043277739119	0.018558185894549356	0.02348943981349602	0.24639717479477635			0.4468818493520844	0.14554860672821											0.7580047371223446	0.03870282515991095		
KCTD9	7.374084051144043e-22	0.774025954939163	8.007275381442617e-13	0.6406300041470852	0.0031407967590501556	0.31372948256103717	1.1772773490267887e-05	0.42110251649504904	6.236807510394071e-09	0.5178791934359589	2.694860175950491e-14	0.6633961751694855	6.84158698309431e-06	0.44191260972116614	0.21383207742014412	0.14408341794737053	0.8743153386404711	0.07038877299734012	0.37773757998861196	0.2114370847732781	2.4663953480776136e-05	0.3935524660521971	0.004245093314816932	0.29790151828766775
KIF13B	1.5039947648396912e-11	0.6026361208754042	6.174787943032242e-06	0.44430738988637253	6.532346312019464e-07	0.4927245225993594	1.825221054419205e-05	0.41224546067856066	0.012365097290854688	0.24933377142234642	6.189135697210516e-11	0.591814420015532	4.80530054129156e-07	0.48826996304480996	1.6894192936754207e-05	0.42860653694853285	0.0003265692410579953	0.4263891279908974	3.2897582122682308e-12	0.6625628252785487	0.0006418331972813745	0.3276333310891103	7.386576499178392e-06	0.44562270690604683
LEPROTL1	4.070495252938825e-15	0.6763034818665487	1.3426701374079492e-18	0.7404678914530508	4.616116767069623e-13	0.6646313239309598	2.5679095408184855e-18	0.7343804694587714	2.5497657210520833e-16	0.6795225244576808	2.479274323021882e-15	0.6826916995253187												
LGI3	0.07596223196688863	0.18171247106097516	0.7817294346670483	0.03514311207292994	0.013706993220182902	0.2666430154918318			0.5377129871668983	0.10335958178218461	0.05176163505329123	0.19791926511709979												
LINC00208			0.5793049431144901	-0.06808526464553599																				
LINC00589			0.06051860938557499	0.20959023504434426					0.020569927160059252	0.28160881519036884	0.10304201659935033	0.16622713785345503												
LINC00599			0.0012323305275958056	0.3347549327684656					0.4545908699011862	-0.3666249187800962	0.060797727639941394	-0.3171054178389546												
LINC01288			0.7407409706213173	-0.042618432478272884																				
LINC02099			0.9838673433572355	-0.001978036803769817																				
LINC02153			0.2014227662068553	0.14847316771843747																				
LINC02209			0.14032948503209275	0.17089230037447795																				
LONRF1	8.549756352416477e-15	0.6702587118250705	0.0007995591509412725	0.3459784849158729	1.0007878098996038e-08	0.5540687481670015	7.908621157888014e-15	0.6762614419325901	1.894360271549852e-05	0.3999781806022299	2.4292779701898173e-08	0.5195565514002851												
LOXL2	0.24260185387897712	0.11709837758496017	0.349275290100938	-0.11058430945849787			0.8752664245818249	-0.01550362579143963	0.23015462400280512	0.13476374743875244	0.021239116878628464	0.23265286855149023	0.5821432261675205	0.056596300418193336	0.31735520175777077	-0.11805605960143348	0.09534158220914692	0.22337243773981694	0.9349468124573956	-0.008486501071398918	0.8700045360523943	0.017471171946516945	0.3444614820082372	0.10661176752759716
LPL	0.12620473621197084	0.1550519443459247	0.31253851101237073	-0.12142849918976123	0.1729065033213826	0.15465506520011282	0.40311094652683477	-0.089025579303494	0.8752430397494287	0.022008444142625146	0.0004938836417923512	0.344064555361028	0.00034206485994511	0.3583903342597323	0.8222649295779272	0.033458380488988436	0.2124620405978927	0.4034688774900245			0.8928777795170713	0.012810005936504228	0.893639781786374	-0.015219814778076893
LZTS1	0.4845395332584823	0.07035740977558541	0.2612622473223964	-0.13223530897807806	0.0819548883294551	0.19389235776552316			0.9267651189690239	-0.014004124430050665	0.02331114480959331	0.22921049557882522	0.5030371322524041	0.07047177468276686	0.796957612030322	-0.03710676957943718	0.7181060857587985	-0.06717962829681591			0.10236432114989957	0.16953528179020522	0.00846335619923153	0.2709108851080847
LZTS1-AS1			0.8357344878650588	0.023813340062505087																				
MAK16	1.1260074981840344e-29	0.8497768459850209	3.43397854532768e-21	0.7750958509850205	5.96230136586545e-20	0.7820880904395406	2.6360406630753493e-17	0.718226216036702	3.4835192844145995e-24	0.7822500735593967	1.5309925071507256e-17	0.7196261043078505	0.0002868368261811749	0.3633023571201809	1.5536953687597316e-07	0.5116862271952615	0.18053776017365164	0.18008498450949845	1.2143120028972949e-05	0.4629609270913797	9.306889902713819e-05	0.36764482423775996	0.00018863544490377348	0.3811166703473072
MBOAT4	0.08685394027936	0.17403850973316282	0.11711420780442662	0.17972707980611236	0.09445622691858724	0.1865093765627479			0.4570130747715153	-0.2006494913536488	0.9374087045949563	0.012547609670332117												
MCPH1	1.1260074981840344e-29	0.8490622815523936	1.5316460453410646e-27	0.8420903540415732	2.597879058723857e-15	0.7092044508233968	3.2020954967599483e-22	0.7853667215696245	2.6095419292403506e-18	0.7118205179404672	7.498505290488244e-26	0.8256128560900957												
MCPH1-AS1			8.025626524782767e-09	0.5432715082822416																				
MFHAS1	3.253587542543762e-10	0.5699750990357837	3.382341248089269e-07	0.4919508609200057	4.459089195552889e-08	0.5337114861310217	9.119689977969586e-06	0.4259719236958592	2.3134722365073546e-06	0.43473605204542265	2.2921928360598475e-09	0.5501265057523839	0.19972747719449493	0.15558589768020434	0.08871239183651566	0.31357394141340644	0.13391397012554712	0.2637613239748112			0.7342142621766521	0.04795146752305627	0.0006529499998974296	0.3676590415337915
MICU3	2.1249598901275753e-05	0.40824534208828006	0.1632370807563893	0.16109215458485468	1.0606719002194984e-05	0.4446190334310697			0.37490017828822847	0.10264288551282726	0.0007242446454028556	0.33356438980263475			0.5308200913321632	0.15666329234375825								
MIR124-1																								
MIR1322																								
MIR3148																								
MIR320A											3.0129151697363254e-05	0.40592317958475954												
MIR3622A																								
MIR3622B																								
MIR3674																								
MIR383																								
MIR3926-1											0.9976283180153405	-0.0006265737267120153												
MIR3926-2																								
MIR4286																								
MIR4287																								
MIR4288																								
MIR4659A											0.0005251674218741264	0.34395976381989546												
MIR4659B																								
MIR4660											0.00022005356102415286	0.40416629263924075												
MIR548H4									0.37490017828822847	0.1310103360139121														
MIR548I3			0.37623592628230923	0.10506946153476777																				
MIR548V											1.9665165066680386e-09	0.5521346541024349												
MIR5692A2																								
MIR596											0.394610060399315	0.14817227337842104												
MIR597			0.8447919538876372	0.021371217775477628							1.3958018029637134e-06	0.45954719379854253												
MIR598			0.003677489869486462	-0.3040598911446515							0.003259424987234986	0.3396987810643188												
MIR6841																								
MIR6842											0.006391572954628804	0.28940931694158656												
MIR6843			0.8384181113668565	-0.023041974988111835																				
MIR6876											0.017810216057037923	0.26404738603771055												
MIR7160																								
MIR8055			0.5793049431144901	0.0679462106763719																				
MSR1	0.156338882349188	-0.1435462045650653	0.8066126203925029	-0.030363194256005546	0.12238099258169338	-0.17228439029848702	0.4708445282234355	0.07390123363964046	0.5779403006801292	-0.06527167150270408	0.0005292148600364375	0.34201514759147833	0.837813477044501	-0.020872439368717202	0.8001180853888752	0.03400700820156373	0.43659680593435357	-0.11791594286118634	0.7917395838537765	0.03974828786057431	0.7227879399267931	0.0413133361464118	0.10741623646630523	0.17193602396884333
MSRA	4.532799159150684e-11	0.5910654665368829	5.9387824172656535e-08	0.5166348285780785	3.6724438387808945e-08	0.536645089252726	1.4143152656021699e-11	0.6080110387312619	4.273731905372524e-06	0.4247647336249485	5.173865735053048e-09	0.5399935174105116	1.6309540282583023e-12	0.6403195371665946	6.178454966628644e-06	0.45325903184078364	5.2694285045644475e-06	0.5210642009934138	0.015309751124666435	0.28357489437780314	0.001022577005034763	0.3160116918783843	0.00013856555651759408	0.38891465762851335
MTMR7	0.00024689657659430727	0.3580157480372693	0.0001408117694012795	0.38484594224204777	0.021854952935925244	0.25003513664687693			0.001563761133451028	0.6641519016021326	0.18398918874512607	0.13605024212451866	0.0026168837176400467	0.32854929738078814							0.09680309841647951	0.19257883771457307	0.40813813737631255	0.0913816456224293
MTMR9	7.362137285258742e-25	0.807139096906509	1.002484216383783e-21	0.7816377502355739	2.9188463965312696e-12	0.6474753272360991	2.558584246428483e-08	0.5187054089775244	3.4104477842589e-08	0.49524831915172285	3.595525524137457e-20	0.7581354301652035	1.2407244684908639e-08	0.5389391963076657	0.0010953258013701136	0.3376849969388843	0.0001490974813645159	0.4464417497906536	0.8295731540404767	-0.030040251244436888	9.040370893507148e-06	0.41466441722435055	8.814396478803218e-06	0.44116454547299044
MTUS1	2.857756093320105e-09	0.544062033861065	5.192837130718804e-05	0.4059064987586374	5.747530248535137e-05	0.41002682945703167	2.0124050525633483e-14	0.6685084691468273	0.00013305375598051533	0.36189896227239604	6.301205640346632e-10	0.5659746654486069	1.013378566026987e-05	0.43323580548784146	0.0023471097231274416	0.3185879721831163			0.0034368823015566113	0.41759527203885494	0.4269296061948376	0.09906491263522146	5.409145414790328e-07	0.49176251676950344
MTUS1	2.857756093320105e-09	0.544062033861065	5.192837130718804e-05	0.4059064987586374	5.747530248535137e-05	0.41002682945703167	2.0124050525633483e-14	0.6685084691468273	0.00013305375598051533	0.36189896227239604	6.301205640346632e-10	0.5659746654486069	1.013378566026987e-05	0.43323580548784146	0.0023471097231274416	0.3185879721831163			0.0034368823015566113	0.41759527203885494	0.4269296061948376	0.09906491263522146	5.409145414790328e-07	0.49176251676950344
MYOM2	0.156338882349188	0.14348732243997953	0.48718956614065984	0.08595357234448507	0.1053381683669673	0.18041177431156058			0.3968162546764329	0.09848033874203879	0.2688993689544682	0.1122327942149951			0.8671522917769535	0.02222117751838961	0.6487350240427672	0.11379847993807696			0.32824755601294303	0.1904920519965638		
NAT1	0.000674105844320431	0.33357719003603686	5.133770159299615e-10	0.5758637864024964	1.7308749435017046e-05	0.435132491416073	1.9602462027865478e-10	0.5787992186771926	0.9696125315260332	0.003703632741242203	1.2724138748725125e-08	0.5280790450868891	2.7005325101568583e-05	0.4141933961358495	1.9040126583460813e-07	0.5076008216951559	5.435113097152776e-06	0.5188898328586553	2.094147640805114e-06	0.4938848536892664	0.37354917908078367	0.10021280773068716	2.020036615415125e-06	0.4672494887915265
NAT2	0.1688994981360361	0.1400355438633461	0.00037356122939023376	0.3642931650146485	0.16333549335950515	0.15795395496827785	0.10274572415378996	0.1684035809921084	0.3142439718339131	0.12300570609128268	0.0006334244353319481	0.3939152394410747												
NEFL	0.7113147306181334	-0.03748408649839039	0.033609129121045175	0.23250172726845494	0.36838461646320636	0.10161649200284643			0.7782890338359284	0.04114146553256358	0.14335800055982997	-0.15072783484102412			0.39995213376603406	0.10057300078541812	0.18053776017365164	0.17829997868176273	0.15526724881416545	-0.2675437502254931	0.7451906394659591	-0.03796834643841657	0.47144849682433493	-0.07887751935934907
NEFM	0.21989931551296812	0.13437718845503366	0.31253851101237073	0.12109745120382347	0.357401977146148	-0.104568653627742			0.9233601269299352	0.016286724157498843	0.07582609584391874	-0.18918188572413547			0.5197836771978934	0.08000268938580667	0.18053776017365164	0.17850495981951642					0.07016179931133777	-0.26356167302418865
NEIL2	1.9233613283895904e-10	0.5758461688732589	7.832719743721903e-10	0.570969187994752	0.357401977146148	0.1047479366629304	4.2302350475443316e-18	0.7302734656263978	7.967449960736118e-08	0.5123023321260044	6.33485605948684e-12	0.6152852701749507	3.0894946809196094e-05	0.4272779675734141	7.408213679491653e-06	0.4724976939452388	0.21008870203181834	0.2056936429955618	0.6230090212057309	0.21344499358728958	5.468427118324169e-07	0.46512654048647295	0.0010113179636212944	0.3656230357909347
NKX2-6			0.7198892839182149	0.046384567096542435	0.10719836167016432	-0.17879176231789753																		
NKX3-1	0.0006087715599537384	0.33642807092421007	0.033774321351567174	0.23203187047257895	0.07915769142541661	0.19578060361166688					0.00269534820848697	0.29931288281529944												
NPM2	6.360011494516014e-07	0.4694558489507208	0.2212313334826802	0.14216920077456624	0.021694523181303587	0.2506794366324494	2.35605787327637e-07	0.48685918435950815	0.23599625537916433	0.13772794402381416	0.10302615783798709	0.16496852848694227			0.08638613648553094	0.8931521115850131								
NRG1	0.03678442118293189	0.2096371460924541	0.21536981341664654	0.14384725783415128	0.39921024284126827	0.09525725930848074			0.3169654214338891	0.1144242553162094	0.08153347271808421	0.1758404713410428			0.8855201407519174	0.02237244167494465							0.1406414836089164	0.23351002662269724
NRG1-IT1			0.8303614806889189	-0.025616493280786093																				
NRG1-IT3			0.6683275250326255	0.05351247470013881																				
NUDT18	2.82697013323634e-07	0.48186050813231635	8.975525533436163e-05	0.39431431470706246	1.646264143564135e-06	0.47667074056824754	3.3179552007649884e-12	0.6224362698687748	0.006223812723339281	0.27856392113541384	9.398007166165095e-13	0.6333586789051566	1.013378566026987e-05	0.4338747046066626	0.7092298398075455	0.050032753507682125	0.18053776017365164	0.1910554598810304	0.3667090079114491	0.3753015697272065	0.04048655603419336	0.20724824637642653	3.7767243729466886e-07	0.4980159225012618
NUGGC	0.02930008645903831	0.21926924387782654	0.14057611710501522	0.17044799296008153	0.46496900978448585	0.08143753146868435			0.965678826449025	-0.005299741083424056	0.0032784850222272997	0.2928550220762858					0.7859964187599107	0.25169188699068973						
PBK	0.002102003170232399	0.3041827659180672	4.291632497973592e-08	0.5211584073432832			1.0599605842022264e-11	0.6110655964017245	0.011180981249855906	0.25289587327511376	0.023532076400717528	0.22862208334044554	0.0006336289035108609	0.34366962480806884	1.0418861744854612e-06	0.48165937487488186			0.01511018687427142	0.3173261033249053	1.9535167782474476e-05	0.3990047035101619	0.014477852224012286	0.2535345791493462
PCM1	1.374114441457002e-14	0.6661193638809932	3.817514343103268e-19	0.748013797311521			5.667749191082244e-27	0.8324891793130248	0.0022042622538215144	0.2989452600266328	9.701453114910832e-18	0.7227852027633099	1.12317356637048e-06	0.47413990666281475	2.4380026044901636e-14	0.6814280495915084			3.3424389543118727e-13	0.6865559562336823	6.789102523134192e-05	0.374179608874622	0.008129771808492049	0.31786238356534213
PCM1	1.374114441457002e-14	0.6661193638809932	3.817514343103268e-19	0.748013797311521			5.667749191082244e-27	0.8324891793130248	0.0022042622538215144	0.2989452600266328	9.701453114910832e-18	0.7227852027633099	1.12317356637048e-06	0.47413990666281475	2.4380026044901636e-14	0.6814280495915084			3.3424389543118727e-13	0.6865559562336823	6.789102523134192e-05	0.374179608874622	0.008129771808492049	0.31786238356534213
PDGFRL	0.007489834137812428	0.2681544804474261	0.6576287982105159	-0.05563925105433325	0.30692477135630236	0.11743703128642471	0.23165787883067893	0.12489510897371545	0.5340571182146149	0.07517837150953827	0.006018333411198421	0.27511720584863314	0.12172995654041655	0.17027778643032376	0.15760373415016585	-0.17052349404314596	0.5599114706585638	0.09298629879130536			0.5264952353062262	0.07430364338574433	0.2444833999048146	0.12827982460497225
PDLIM2	0.156338882349188	0.14342362549485482	0.042751296598185926	0.22320134883854245			0.007674242231048793	0.2671997045152641	0.4319457128274614	0.0926116119617771	1.0740130295480326e-12	0.6319389793212945	0.01846085488271772	0.2446917338519365	0.0010953258013701136	0.3377075105714108	0.09534158220914692	0.22292964886469033	0.1897215728646518	0.1519619596479611	0.4269296061948376	0.09039242835745726	0.10709561458853029	0.17269379864301226
PEBP4	0.10183931266548267	0.1658124401075485	0.711510739031131	0.047811710015597156	0.24002129970626168	0.13503631139527256			0.965678826449025	-0.005991056255728971	0.008776357032787781	0.26591647398965446	0.27469930935972686	0.11177149871437672	0.2330210266948829	0.29148181496974895					0.7227879399267931	-0.04407571535212094	0.7906226309971532	-0.03267327681593212
PHYHIP	0.0038074726248187958	0.2878747835256509	0.0971869371368296	0.18881087410632974	0.013094526353268073	0.26883927650362316			0.9655280275389981	-0.006557495557416276	1.570832362077686e-05	0.41698278853449744			0.8671522917769535	0.0379578334892126								
PINX1	2.107344012917216e-13	0.6431990212036323	6.241039375270082e-08	0.5157121610416691	0.03881522732640287	0.2276316804591027	2.1581827273312625e-14	0.667734375352893	1.7237403378686144e-11	0.5833194078583517	6.335041860248391e-10	0.565690365923007	0.01178035999293583	0.28312526615349537	7.941701599960785e-06	0.45199444211593387	0.0009249295238333371	0.4451613407433961	8.475315191322673e-05	0.5466551019773951	4.816555398153824e-05	0.48326167946178616	0.0040502463048038406	0.31279721836496244
PIWIL2	0.012157410319718766	0.25129430397350194	0.6256222145528656	-0.06044766064821029	0.33700622570888306	0.10978143407770616			0.6382521655357344	0.0576012757678109	0.033495703388629915	0.21426090989422922												
PNMA2	0.00401476304986757	0.28616094701540934	0.10723018298033166	0.18442351241198657	0.013706993220182902	0.266610354874909			0.768748246411239	0.04484533549961531	0.0010337942067278577	0.3243534381503543	0.032685660950470326	0.22156396497287661	0.1750623452354119	0.2965253275781917					0.056214688215317436	-0.20855117634927228	0.6013004928384621	0.061865834071172306
PNOC	0.0019859375547073843	0.3058957278652767	0.17330551340962735	0.1565519004007922	0.19537110362752796	0.1479396952713229			0.35029761680820903	0.11196371293266558	0.027538090150753734	0.22184010379906077												
POLR3D	2.1951133310249346e-22	0.7805486608365821	1.0190190839202478e-10	0.5942806997845053	5.6760512420622e-17	0.7373737343943128	5.278180432236822e-28	0.8418511170145742	1.052178762440238e-09	0.5403342222519988	6.112723932133382e-17	0.7098683956148044	0.029796921406786085	0.22534886014991531	0.06896804360370248	0.2078537752342269	0.18053776017365164	0.18245979271098534	0.5172208009243765	0.12246988096880668	0.6660192765370243	-0.051261538550509626	0.9339383481156881	-0.009213980912190976
PPP1R3B	2.0080292246675697e-08	0.5189733586494287	0.00042285361850680523	0.3613235075659553	8.832691649380998e-08	0.5230669587414951	0.0493114247278907	0.20133087852826664	3.0871053712214394e-05	0.39055439812754256	8.333144711443384e-09	0.5337307631252155			0.796957612030322	-0.041546426438830206								
PPP2CB	6.673890311071629e-14	0.6531531185570919	3.644601675376903e-19	0.7487163795543543	1.5974229416139062e-10	0.6061725647972611	2.8308989178842476e-18	0.7335085796663977	1.0902479264421388e-15	0.6678476425288693	5.826694017710104e-20	0.7539986292094037	1.0725641286653393e-07	0.5097617551967955	5.589937490488135e-12	0.6446790450539172	0.0006354557297766984	0.40703615385544956	7.231051036234481e-05	0.4241927851152263	1.0003630518852963e-06	0.45420114202756456	0.003925201116925465	0.3013029301500487
PPP2R2A	1.3644817287621777e-19	0.7448238976906638	1.1405321116626065e-16	0.7094660913895476	6.768718953903826e-15	0.7015546968080858	5.437616945920329e-29	0.8499668485493571	2.3134722365073546e-06	0.4345036573843467	5.570103653136537e-22	0.7815192282926768	4.591450499599617e-20	0.7637302101115377	8.685706782427011e-09	0.5509148341373482	2.046804447390943e-06	0.5405016673748451	1.4376274269200972e-17	0.7636585005719206	3.1537868289610456e-08	0.5079826915828707	1.569208012416802e-14	0.6845277007747468
PPP3CC	7.846030083623181e-12	0.6091039876486349	3.586859991824008e-11	0.6050216149220392	2.1849570909324004e-05	0.42985847455591936	4.996183917695151e-06	0.43708134784247954	0.0021770844685209895	0.3008071345995521	6.136887541686506e-22	0.7803428681666316	2.2334007348629885e-06	0.46206316301711214	7.408213679491653e-06	0.44832853209051005	0.5599114706585638	0.09375370761258248	0.15526724881416545	0.5676093069987151	0.0556283491441739	0.19552585760298272	2.349279033485505e-14	0.6785937598046742
PRAG1	6.105450905913603e-05	0.3876116442026694	0.0001097416936778835	0.39009133470821233									0.02037248671603217	0.24055896896855397	7.941701599960785e-06	0.4452786144719746								
PRR23D1			0.24198145693335413	0.13705472932809926																				
PRR23D2			0.33756463172812884	0.1136095415459609																				
PRSS51	4.966926632079501e-05	0.39184749516586037																						
PRSS55	0.09600414984783658	0.2208854108306219	0.15751317041648968	0.16437611684569547	0.8320612341623038	0.023867213962391304			0.03678907865810215	-0.547846539964745	0.8743392530575862	0.0280721644610179												
PSD3	8.030922828239107e-09	0.5309382005761325	8.459208585998356e-05	0.3957690328265333	6.978557272243635e-05	0.40583956445460934	2.130502615352734e-11	0.6032996542301661	0.033267637941340966	0.2172089883183474	8.186879470569126e-07	0.46845444539788317	6.985280232741502e-05	0.3947060971977421	0.03633392323663152	0.23316727553710762	0.012498660862562596	0.33707618817203844			0.0211819982409189	0.24854349165151912	0.0014821161944454347	0.3298986496946519
PTK2B	1.3335524104249253e-08	0.5243949886035086	4.117220595952688e-05	0.41051677647856377	4.323519644215907e-05	0.4162510327914546	5.151606569535072e-05	0.39164015722112483	0.005214118058477957	0.27665014493563295	2.220059921891486e-10	0.5780290490031088	2.498363589772919e-08	0.529397339607526	1.2515808698316206e-05	0.4351208978710801	0.06008088837096952	0.2453806192610711	5.95664510004059e-07	0.5147721095489319	0.09991750006623812	0.17130591182510194	0.0015959957019023913	0.3796687395206648
PTK2B	1.3335524104249253e-08	0.5243949886035086	4.117220595952688e-05	0.41051677647856377	4.323519644215907e-05	0.4162510327914546	5.151606569535072e-05	0.39164015722112483	0.005214118058477957	0.27665014493563295	2.220059921891486e-10	0.5780290490031088	2.498363589772919e-08	0.529397339607526	1.2515808698316206e-05	0.4351208978710801	0.06008088837096952	0.2453806192610711	5.95664510004059e-07	0.5147721095489319	0.09991750006623812	0.17130591182510194	0.0015959957019023913	0.3796687395206648
PURG	0.4796975075520965	-0.07154846759398963	0.8066126203925029	0.02998349310531305							1.4711965069771972e-05	0.41837946435892237	0.1612462863325895	0.16161047729033926							0.49747601001703673	-0.07902297465202404	0.8108012294514017	-0.028068682878912524
PURG	0.4796975075520965	-0.07154846759398963	0.8066126203925029	0.02998349310531305							1.4711965069771972e-05	0.41837946435892237	0.1612462863325895	0.16161047729033926							0.49747601001703673	-0.07902297465202404	0.8108012294514017	-0.028068682878912524
R3HCC1	1.3501770403679712e-22	0.783233553556266	4.203803952043779e-17	0.7173999417682211	2.503303421860463e-17	0.7435541764923809	4.839570499799831e-24	0.8048871289003288	3.4104477842589e-08	0.4992291990768547	2.0207950164767944e-19	0.7468408205270428	3.824171827311692e-06	0.46260715456927604	0.15760373415016585	0.16751985403249328	0.0001490974813645159	0.45987363555715743	0.006424187362745422	0.427092530566964	5.686953435700879e-06	0.4232178587715378	0.00015916770042429153	0.3853337119499296
RBPMS	1.9021382179493835e-06	0.4517549622924558	8.459208585998356e-05	0.39574600387591197	2.113785565815499e-05	0.4307960390809377	0.4708445282234355	0.07433988969001842	0.0008999173215512146	0.32241287364516297	3.992285856913589e-06	0.44150622970756304	1.1214353303887727e-06	0.4750609468782501	0.00876380122784267	0.28145537625688544	0.01152548953118899	0.3148349923303357	0.9296751821644798	0.011107939909372824	0.0004712283078347663	0.33490411219447036	0.0035552693985328766	0.304575967362798
RBPMS-AS1			0.0011194641488419977	0.33731115296175307							2.3755075634903707e-05	0.4090170373620814												
REEP4	3.296670346413001e-12	0.6176501933335854	0.004443922396201399	0.2987494060826956	1.1462911939883647e-07	0.5187922279404121	1.7382964569152365e-09	0.5532580044474029	2.4296541984101834e-05	0.39539442637649036	1.6564039502233934e-06	0.456417442157321	0.1612462863325895	0.16004319633972827	0.04202058874301227	0.22729621343853376	0.0016758726106659912	0.38840262290108496	0.013974365271390763	0.28726045248207926	0.008086329485551734	0.26246454411768577	0.0054687149748147475	0.3332347061474782
REEP4	3.296670346413001e-12	0.6176501933335854	0.004443922396201399	0.2987494060826956	1.1462911939883647e-07	0.5187922279404121	1.7382964569152365e-09	0.5532580044474029	2.4296541984101834e-05	0.39539442637649036	1.6564039502233934e-06	0.456417442157321	0.1612462863325895	0.16004319633972827	0.04202058874301227	0.22729621343853376	0.0016758726106659912	0.38840262290108496	0.013974365271390763	0.28726045248207926	0.008086329485551734	0.26246454411768577	0.0054687149748147475	0.3332347061474782
REEP4	3.296670346413001e-12	0.6176501933335854	0.004443922396201399	0.2987494060826956	1.1462911939883647e-07	0.5187922279404121	1.7382964569152365e-09	0.5532580044474029	2.4296541984101834e-05	0.39539442637649036	1.6564039502233934e-06	0.456417442157321	0.1612462863325895	0.16004319633972827	0.04202058874301227	0.22729621343853376	0.0016758726106659912	0.38840262290108496	0.013974365271390763	0.28726045248207926	0.008086329485551734	0.26246454411768577	0.0054687149748147475	0.3332347061474782
REEP4	3.296670346413001e-12	0.6176501933335854	0.004443922396201399	0.2987494060826956	1.1462911939883647e-07	0.5187922279404121	1.7382964569152365e-09	0.5532580044474029	2.4296541984101834e-05	0.39539442637649036	1.6564039502233934e-06	0.456417442157321	0.1612462863325895	0.16004319633972827	0.04202058874301227	0.22729621343853376	0.0016758726106659912	0.38840262290108496	0.013974365271390763	0.28726045248207926	0.008086329485551734	0.26246454411768577	0.0054687149748147475	0.3332347061474782
RHOBTB2	1.623152507269526e-05	0.4135756435634579	0.006457410871539871	0.28739884671999905	6.690365971472572e-08	0.5272114067064967	0.0003199500186806129	0.3518448753284864	4.666717539616088e-05	0.4104689771204932	1.0110902178411418e-06	0.4649982314898352												
RNF122	1.73283969363114e-07	0.4892953155926934	0.03882831461714678	0.22689898505263334			0.00017963087974096293	0.36528004051832086	0.3649379708559471	0.10549594767318785	7.331198320675454e-08	0.5040538382891904												
RP1L1	0.0005353182324962385	0.35229183859996793	0.07503187512035636	0.20050565946350066	0.006805965920005542	0.2903842938419392			0.11583840045383981	0.18281076098974888	0.0011591927102950672	0.3225453064103283	0.20877910306807365	0.24945073770673115	0.9449063270414353	0.0312148128569293								
RPL23AP53			1.4739835158756368e-07	0.5038571905673679			4.762074926146188e-11	0.5948767063794815	2.9819570277612573e-09	0.5279947519052783														
SARAF	9.789256726981577e-15	0.6689585196222138	3.871382853522625e-16	0.7007247940424267							3.798969215550127e-20	0.7566719962372789	0.0002868368261811749	0.3635139733191457	1.5559979413830475e-05	0.47586944598837316							0.004963250150610868	0.29305131838960613
SCARA3	0.02930008645903831	0.21942528527922917	0.011571613687312984	0.27002825491109195	0.0005167450419100811	0.36038608260166816	0.14247707290732922	0.15143733534201861	0.010165347708512707	0.25664950320823054	0.0101832014464142	0.2581853510850287			0.4945752393005288	0.16361214392562054	0.0028530446386097054	0.41225975919363633						
SCARA5	0.2547076511061751	0.11396146962034415	0.6581757658330666	0.05517402874841443	0.823040646263242	-0.02606866423887817	0.6070153062457257	0.053118676197902795	0.8175288671871429	-0.032761175519393344	0.00019880556870245444	0.3652371816107495	0.3151219260436094	0.12461777204914937	0.44982892193113444	0.10687478231555134			0.15526724881416545	0.23868193044295521			0.9753905186947355	-0.0033167932275297227
SDAD1P1			4.954043431157958e-07	0.48590544068467684																				
SFTPC	0.1869837068171856	0.1322915867696475	0.8175552140881357	-0.028224535656600477	0.040728409300319825	0.22543506103695982			0.8197018799082557	-0.10568397014670547	0.06609818462033445	0.1863788505329098	0.1612462863325895	0.16004319633972827	0.2129152893750658	0.43819700323218913							0.0054687149748147475	0.3332347061474782
SFTPC	0.1869837068171856	0.1322915867696475	0.8175552140881357	-0.028224535656600477	0.040728409300319825	0.22543506103695982			0.8197018799082557	-0.10568397014670547	0.06609818462033445	0.1863788505329098	0.1612462863325895	0.16004319633972827	0.2129152893750658	0.43819700323218913							0.0054687149748147475	0.3332347061474782
SFTPC	0.1869837068171856	0.1322915867696475	0.8175552140881357	-0.028224535656600477	0.040728409300319825	0.22543506103695982			0.8197018799082557	-0.10568397014670547	0.06609818462033445	0.1863788505329098	0.1612462863325895	0.16004319633972827	0.2129152893750658	0.43819700323218913							0.0054687149748147475	0.3332347061474782
SFTPC	0.1869837068171856	0.1322915867696475	0.8175552140881357	-0.028224535656600477	0.040728409300319825	0.22543506103695982			0.8197018799082557	-0.10568397014670547	0.06609818462033445	0.1863788505329098	0.1612462863325895	0.16004319633972827	0.2129152893750658	0.43819700323218913							0.0054687149748147475	0.3332347061474782
SGCZ			0.4940113201322745	0.08426809749218539	0.8339113276622105	0.02192279675330642			0.37490017828822847	-0.2379681902888291	0.5540886362037892	0.08143921356657342												
SH2D4A	1.8911980705583813e-06	0.45237343218756576	4.8933254482879025e-06	0.44867692909658086	1.6493111625930307e-10	0.6045491188304777	5.41117124185751e-22	0.782497059232993	4.7256454699989476e-05	0.38350227365655015	3.04327728604254e-06	0.4464126753947979	0.0003099581278645595	0.36107291500213246	7.941701599960785e-06	0.4448488638742538	0.0010239520231674435	0.3918182550640506	1.6602673289080507e-10	0.619892481131755	0.0011080019441436556	0.3135068249935816	6.717470748720823e-05	0.40366036923743676
SLC18A1	0.016140699807295305	0.26878314145322235	0.6256222145528656	0.0606323709437373	0.050234866040950066	0.21622760208725628			0.9696125315260332	-0.004505043129762264	0.23488146392976056	0.1223388022696638												
SLC25A37	2.036671364562591e-07	0.4867856744014267	6.1506192722655055e-06	0.44463816894997493	9.202189017438383e-09	0.5554760658463034	1.8091437734203295e-15	0.6879239162730795	5.9004020192630926e-05	0.38180762968971305	3.662694729780778e-10	0.572400604507792												
SLC35G5	1.9278532110886018e-05	0.41024219207099694	0.1371245401030047	0.17224426577648455	0.002091565094842712	0.32492355900316755			0.574666365808873	0.07889740473262163	0.018879662964472316	0.23766630366749208												
SLC39A14	1.623152507269526e-05	0.4136585352926658	0.19604401930523016	0.15012259429146985	0.000994530447422983	0.3444314578359446	1.5628174616517197e-13	0.651246385525409	7.261045180161952e-06	0.4160601461819348	2.64152671815624e-09	0.5482434443430022	8.273173690971637e-05	0.3908408715878975	0.08154493245216692	0.20068821263750836	0.01152548953118899	0.3138360218390097	4.486156276263004e-09	0.581561466232798	0.03157583231615989	0.22266831463287343	8.790095796994624e-07	0.48062252378323034
SLC7A2	0.00035534236206175463	0.34958173348616717	0.000986365804723678	0.34055938925709384	0.2822729985978283	0.12487562126152252			0.6796041077635563	0.05156534926363236	0.024975286868688128	0.2260357969277007	0.014094033023275493	0.2920878817658745	0.1750623452354119	0.2797622911524399	0.7458132620573477	0.06706804659827409			0.0038134921806478226	0.3014898079870747		
SMIM18	4.280624626695869e-12	0.6150163587387905	4.211833854744012e-09	0.551243865139412	0.30630230095407257	0.11907214876955508																		
SNORD13			0.07503187512035636	0.2004236633414644							0.01912181488848762	0.23697638248307687												
SORBS3	4.603353399677089e-06	0.4365305840738182	0.015407416890812571	0.2601911699522044	2.3434118997473885e-05	0.42823495437273085	0.43391471608545445	0.08326430347128927	0.22522967815075218	0.13667303752209514	3.354995009670285e-11	0.598450667246319	0.0069716591523812516	0.27692788506490185	0.028496979380631296	0.24332761367252975	0.014592281335242136	0.3021952569577201	0.8091840132949923	-0.033811917336313196	0.3420983563384074	0.10700828169519837	0.030170457524998303	0.22595310485587933
SOX7	0.03345713727271998	0.21366712764651957	0.02184271018786189	0.24801028205183948	0.2203365348222548	0.1410474424839016			0.0020829631835412713	0.30101513011678266	1.4674632305540544e-06	0.45854411021615427			0.3650204925173683	0.5422301229893777								
SPAG11A			0.5424812576899184	0.07582036472906009																				
SPAG11B			0.15375937589226982	0.16580420928685952	0.7671062138067248	0.033894649973104075																		
STC1	0.06316041743526428	0.18791500247384313	0.1618968332626765	0.16212703377003124	0.3596753907194986	0.10366860635629731	0.6436316680506428	0.047286777682080575	0.21594743231101568	0.14083057078684547	0.03651736544666291	0.21082183497042323			0.15760373415016585	0.2084297344845911					0.15206970553234014	0.15150477573077095	0.47144849682433493	0.08422843083545324
STMN4	0.12411772460197582	0.21140923870984515	0.1632370807563893	0.16131305249713926	0.05220442007578849	0.21432499328909171			0.03678907865810215	0.2693992240489203	0.7488805546162443	0.04041116627258466									0.17855378915711007	0.1427207128885634		
TDH			0.02027761529549492	0.25099087682166993					0.2256476345668234	0.15620119734047894	0.1634209394428712	0.14421119233934276												
TDRP	9.242845672707372e-06	0.42420247806306144	0.0025109247433521124	0.3158950102991165	1.4905782804426386e-06	0.47889650874440765			0.035688166615475324	0.2172311304536667	0.00038065780722156125	0.35016864524192703	0.0001201031362789626	0.3891408744671914	0.0006498065177433063	0.3580089227397891	0.0023863062814649155	0.46880936838388226			0.002299488708644927	0.2958776344386004	0.017349734072801628	0.2466815634969028
TEX15	0.9110512215324719	-0.01194487762082555	0.10814515193042601	0.18374135377203266	0.7062713578164915	-0.043098019782279076			0.5779403006801292	-0.09433301477700791	0.5141123580289254	-0.06885295240389169	0.6808217682264963	-0.046678115020607376									0.6794388704109017	0.05619312818586522
TNFRSF10A	1.5484424709887446e-15	0.6836280510638895	4.913900796833004e-10	0.576612900894182	5.190250130753296e-12	0.6417283298435295	1.0572892100236794e-18	0.7405853808028362	9.477303794559799e-09	0.5163136744348804	7.855384926035391e-16	0.6917174899039242	0.024249016978927243	0.3660119828415751	0.0024665119458274825	0.39879207918213255							0.0002582083446521821	0.536910307350742
TNFRSF10B	4.454538044662603e-18	0.7237348186872952	1.2623875914775537e-06	0.4714330900417963	9.186926558435228e-11	0.6123645640580322	3.0948335746843794e-18	0.7324375220807291	5.84470621413202e-05	0.3778584851559891	1.0344063192232983e-14	0.6710547137382126			0.7283480269360324	0.08032959139975424								
TNFRSF10C	3.503507059156625e-05	0.3987321650852058	0.02630695808858928	0.24134496233622757			0.17126705910050832	0.1416523015937139	0.10180096628307811	0.17502602660345745	0.0005662151995143142	0.33999617302565327	0.00047838887138182705	0.3505127316306527	0.2129152893750658	0.22061083351039368			0.4539917230471603	-0.32781177251395305			0.2952101936990398	0.1192408761996546
TNFRSF10D	2.556213133745153e-13	0.6413439802755283	0.004724239551226083	0.296541928284394	8.737521673949467e-05	0.40065924617236975	0.020705909035769656	0.23419911022921075	0.12500120636008014	0.16521939560034127	0.0011591927102950672	0.3212907709426196												
TNKS	6.507065426666723e-23	0.7870258426509836	1.3566755452888262e-17	0.7248711452057658	9.313611734661879e-14	0.6789132132314212	4.536115649882339e-13	0.6411779725992235	6.274252842410368e-12	0.5948039809933126	8.293933952321172e-19	0.738492295061411	0.0008252126343926675	0.3513239167643349	0.1783254385846765	0.23583659254077521	0.8997569712591159	-0.02820849700369479			0.021411821912582656	0.23069675505134835	0.023821912371066973	0.2351537911403767
TRIM35	3.466712882939964e-20	0.7534828679760175	1.5531206660072594e-08	0.5346260622200074	1.3069506599390134e-18	0.7620554798843953	3.979111230514726e-23	0.795324704402604	1.225976383171761e-08	0.5087820533869226	6.0791443450351006e-09	0.5378179862575381												
TRMT9B			0.0030793252523228683	0.3098193041860143																				
TTI2	8.447294409315917e-10	0.5589869937566261	2.4274922854576655e-26	0.8303030361635961	9.48570868947065e-15	0.6983692497300082	2.325902567269222e-20	0.7628694338919935	1.0114865379850203e-22	0.764778602213827	1.5124730352389438e-22	0.7883359147999592	0.12172995654041655	0.16627221735607758	0.19823504030402703	0.15063712418787567	0.5758241281900799	0.09278159002484854	0.40447684832421443	-0.13770171239265766	0.025469259352093352	0.22456757419056705	0.0026200590409769424	0.3137846589557144
TUSC3	1.623152507269526e-05	0.4137598040795072	0.012070713225192119	0.26847628234736143	1.555135264284646e-06	0.47789855487772537	0.4413812943393094	0.08071269563671485	0.0018190176442813924	0.30454917989378405	0.0003591120427592191	0.3517006080610805	0.00576297013450604	0.3493681685660316	0.996257367911381	0.0006353766293585791	0.7817698261138286	0.04906173483555322					0.3635690109930467	0.1010374554866244
UBXN8	3.5655553149819192e-09	0.5410173949201601	6.211319879224662e-13	0.643371877599384			2.191016124183012e-09	0.5502818358779422	1.3661530674055796e-10	0.5643480715901084	2.1382269856103534e-05	0.4111713444834081			0.8855201407519174	-0.06317006938916066								
UNC5D	0.008181269143905366	0.29581524124269487	0.8303614806889189	0.025352638064237373	0.08840508819043738	0.18981026662734699			0.5340571182146149	0.13919384154035203	0.020913648169636326	0.26933345900101546												
USP17L1	0.09600414984783658	0.17812227890332366	0.16841136361896747	0.15866849883876744																				
USP17L2	0.04699590103874668	0.2132983139638055	0.7655665790782396	0.038348844585860256																				
USP17L3			0.16119791027919647	0.16265551943945994																				
USP17L4	0.27089423658099043	0.13136828281506657	0.14057611710501522	0.17015304812704082																				
USP17L7	0.016692715144477503	0.2533779634493262	0.7407409706213173	0.04262020830650825																				
USP17L8			0.8303614806889189	0.025911652297846303																				
VPS37A	1.3318229908505076e-13	0.6472591128933015	9.156890080840053e-23	0.7932729625290762	9.551057650855575e-16	0.7169956429311692	8.30790150062393e-27	0.8306386428129856	9.0408925364637e-07	0.4497456748979124	1.7324200863541683e-20	0.7626860701267231	2.054335966276053e-11	0.6158301327329458	7.408213679491653e-06	0.44885211741330977	1.845321566868406e-06	0.5443011287476334	0.012642853539034778	0.3410423579916513	1.930995970126223e-06	0.4435918697405684	3.021163413400689e-12	0.6337756996233955
WRN	3.756341148380126e-22	0.7776228874073279	2.9515759854008917e-18	0.7354717661002678	2.084516760118552e-14	0.6911943864056307	3.5557387498048354e-19	0.7472196027137763	4.433741220031119e-09	0.5222016454039633	2.7273580613388863e-12	0.6233261736108643	4.721143211901333e-10	0.5816435844082951	2.8739610294345046e-05	0.45559147886567863	0.4883542264802173	0.10734952798563471			1.9570293539939916e-06	0.4423093187149359	6.497145498286784e-07	0.4869497482499181
XKR5	0.015596187117230858	0.24883140951487626	0.2532933858571426	0.13420486300216986	0.05916437139139429	0.20856461067417303			0.49927781376516994	0.08772200276104018	0.21098281015874865	0.12839041688921582												
XKR6	0.007665461918338332	0.2669306518223522	0.00044331637854832574	0.3597154131823538	4.484915045077237e-05	0.41521705070637877			0.0007660691607928799	0.3360404383835718	1.3298490105476362e-05	0.42040356905576504												
XPO7	2.8989446233230383e-25	0.81144617846059	3.481308268926358e-20	0.7623103485276694	0.000256606034969017	0.3772007868085332	1.1769347615464588e-29	0.8555921129456583	3.585728346399516e-15	0.6577878579823168	6.112723932133382e-17	0.7095935640960405	2.0233494776155764e-18	0.7397011110962567	9.908354161418836e-16	0.7068157865371789	2.968186752135326e-14	0.7558677070403705	5.876459571654923e-16	0.7362857024295382	7.551671649971622e-13	0.6195248516473404	3.021163413400689e-12	0.6371389529675674
ZDHHC2	4.765294972466286e-10	0.5655839824847053	0.0032518122453093364	0.30783919540023397	9.248865891645571e-08	0.5221039354560153	3.0788620077986887e-07	0.482201603560505	0.030909001657466417	0.2199473911239786	0.0007704051095395239	0.3318746709354695	0.0028313547545898545	0.31777610773166853									0.3635690109930467	0.10154299670274716
ZNF395	3.5441043989833516e-13	0.6383399083105608	1.2946960749745417e-06	0.4707774841861676	0.003988017174990488	0.3064293843924466	8.816644613584436e-09	0.5328199637445664	4.433741220031119e-09	0.5222356708126901	8.027480476595189e-05	0.38457401047778383			0.5677096649381875	0.11443375173843404							0.03208826896825325	0.2619127091076967
ZNF596	2.7105859565197807e-09	0.5448967839702161	1.3664921395310673e-10	0.5909830389627667	1.2019672399206288e-09	0.5819945738387016	8.562485887260565e-13	0.635317766835363	2.327672549316312e-08	0.5025054504071812	1.9665165066680386e-09	0.5521468897229276					0.7974599517687466	0.048291700046144456						
ZNF705B			0.3207799674140091	-0.11859539309691727	0.48412833752746326	0.07792009434448685			0.5608692166304726	0.2714534163173742														
ZNF705D			0.5198617447544023	0.0803538399426332	0.225042018272218	0.13903804281405766			0.8379593457932043	-0.03646785174611085														
ZNF705G			0.8768970088481822	-0.016525045948262047	0.10083411631313063	-0.18320416200806677			0.7940646541915114	0.3017707351074641													0.3745378015083608	0.11547568304459974
