Name	brca_Database_ID	lscc_Database_ID	luad_Database_ID	ovarian_Database_ID	brca_pvalue	colon_pvalue	hnscc_pvalue	lscc_pvalue	luad_pvalue	ovarian_pvalue	brca_diff	colon_diff	hnscc_diff	lscc_diff	luad_diff	ovarian_diff
ADAMDEC1	NP_055294.1|NP_001138744.1	NP_055294.1|NP_001138743.1	NP_055294.1|NP_001138743.1	NP_001138744	0.6978530620358637	0.12666488427961914	0.7380720690589458	0.8748058005245465	0.14669487340013454	0.7404988492546762	-0.2986160225442833	-0.40226680911680907	-0.08831738269985578	0.0845224101479915	-1.1674154882154881	-0.15556336284615385
AGPAT5	NP_060831.2	NP_060831.2	NP_060831.2	NP_060831	0.00214429736466058	0.00254956203437443	0.0009045393473726943	0.009115924982058788	0.0003360920645850501	0.010356009313404477	-0.8497460497835497	-0.29390694310511095	-0.2749375444586484	-0.5787296551724139	-0.9402486607142863	-0.32702391925975605
ANGPT2	NP_001138.1|NP_001112360.1|NP_001112359.1	NP_001112359.1|NP_001138.1	NP_001112359.1|NP_001138.1|NP_001112360.1	NP_001112359	0.5032264249147239		0.7922710742712226	0.2733473136639002	0.3227315623588714	0.31470708229919475	0.25875612648221336		0.05070107958958303	0.39526696551724094	-0.34677081980519486	-0.5137990860833334
ARHGEF10	NP_001295082.1|NP_055444.2|NP_001295081.1	NP_001295082.1	NP_001295082.1|NP_055444.2|NP_001295081.1	NP_001295081	0.0004226185947606569	0.5620636509162693	0.023277431447059065	0.2733473136639002	0.0014974139881748748	0.032413798696215156	-0.7280214826839825	-0.08584545454545456	-0.18953002694262722	-0.24554131034482785	-0.5993862824675332	-0.2773310137804878
ASAH1	NP_004306.3|NP_808592.2	NP_004306.3|NP_808592.2|NP_001350672.1|NP_001120977.1	NP_808592.2|NP_004306.3|NP_001350672.1|NP_001120977.1	NP_004306	0.02771828223297314	0.0077934951979102985	0.07073915242962854	0.6952235943317014	0.14669487340013454	0.012498810774506479	-0.7115145562770564	-0.29489749276759886	-0.20218564401940142	-0.1460835862068972	-0.5611078733766237	-0.32744264534878037
ATP6V1B2	NP_001684.2	NP_001684.2	NP_001684.2	NP_001684	0.00014339306692041256	2.050610303507412e-09	0.02389823911551342	0.00018954224889816858	6.139620287459604e-05	0.0059979712855848626	-0.4081018398268396	-0.3135596914175507	-0.14148714162420717	-0.5012026896551726	-0.5779896509740261	-0.18896955368353663
BIN3	NP_061158.1	NP_061158.1|NP_001349975.1	NP_061158.1|NP_001349975.1	NP_061158	0.030558561736854777	0.25556715931796975	0.8079039378057471	0.8651408167144276	0.4118204828368865	0.1842748726191726	-0.5567000541125542	-0.08299757575757574	-0.026597385091040593	-0.03988075862068985	-0.170858685064935	-0.14730630636158532
BLK	NP_001706.2|NP_001317394.1		NP_001706.2|NP_001317394.1	NP_001317394	0.11550788117285724		0.3174665868435582		0.012797586459663788	0.9947579382750358	0.44137056277056286		0.2582003640527617		-2.2691844907407406	-0.0012059502972972952
BMP1	NP_006120.1|NP_001190.1	NP_006120.1|NP_001190.1	NP_006120.1|NP_001190.1	NP_006120	0.16245064771392145		0.03248692494137259	0.6140620757392194	0.12306738858167426	0.0343676738133009	-0.4899829545454544		0.3986445517550443	-0.29504648275862067	-0.740406858766234	-0.4247392934000001
BNIP3L	NP_004322.1|NP_001317420.1	NP_001317420.1|NP_004322.1	NP_001317420.1|NP_004322.1	NP_001317420	0.019852763006495237		0.7630402211070548	0.8007151552163235	0.29725948701600197	0.03853609345519599	-0.8910260670731709		-0.141000129634552	-0.10464524959742347	-0.33794919298245607	-0.23537977017647055
CCAR2	NP_066997.3	NP_066997.3	NP_066997.3	NP_066997	2.2097079450327e-12	7.071058124884753e-05	8.606965217111897e-06	0.00018954224889816858	1.151753692419969e-08	3.5668917482085173e-06	-0.8625879870129869	-0.25791668273866936	-0.29579540846282626	-0.5621383448275861	-0.8283036931818182	-0.41350391730304875
CCAR2	NP_066997.3	NP_066997.3	NP_001349997.1	NP_066997	2.2097079450327e-12	7.071058124884753e-05	8.606965217111897e-06	0.00018954224889816858	0.11750088403171384	3.5668917482085173e-06	-0.8625879870129869	-0.25791668273866936	-0.29579540846282626	-0.5621383448275861	-0.3502908374384236	-0.41350391730304875
CCAR2	NP_066997.3	NP_001349997.1	NP_066997.3	NP_066997	2.2097079450327e-12	7.071058124884753e-05	8.606965217111897e-06	0.14265768870757758	1.151753692419969e-08	3.5668917482085173e-06	-0.8625879870129869	-0.25791668273866936	-0.29579540846282626	-0.29623834482758604	-0.8283036931818182	-0.41350391730304875
CCAR2	NP_066997.3	NP_001349997.1	NP_001349997.1	NP_066997	2.2097079450327e-12	7.071058124884753e-05	8.606965217111897e-06	0.14265768870757758	0.11750088403171384	3.5668917482085173e-06	-0.8625879870129869	-0.25791668273866936	-0.29579540846282626	-0.29623834482758604	-0.3502908374384236	-0.41350391730304875
CCDC25	NP_060716.2|NP_001291461.1|NP_001291459.1|NP_001291458.1	NP_060716.2|NP_001291461.1|NP_001291458.1	NP_060716.2|NP_001291461.1|NP_001291458.1	NP_060716	2.0536437660388152e-11	0.0028575772264212997	2.803755411374444e-07	0.00028596747837062483	3.462116681213105e-09	0.0019011195476853853	-1.0064930735930735	-0.2968413693346191	-0.3492818679265355	-0.5606748965517243	-1.0150596590909091	-0.3187680046469513
CCDC25	NP_060716.2|NP_001291461.1|NP_001291459.1|NP_001291458.1	NP_060716.2|NP_001291461.1|NP_001291458.1	NP_001291459.1	NP_060716	2.0536437660388152e-11	0.0028575772264212997	2.803755411374444e-07	0.00028596747837062483	0.05393265743812342	0.0019011195476853853	-1.0064930735930735	-0.2968413693346191	-0.3492818679265355	-0.5606748965517243	-0.9231357692307691	-0.3187680046469513
CDCA2	NP_689775.2|NP_001304835.1|NP_001304836.1	NP_689775.2|NP_001304835.1|NP_001304836.1		NP_001304835	0.004767437825465636		0.31658643107669115	0.7299575750197115		0.6743670033668012	-1.0916235507246377		-0.18488202500646977	-0.13367095959595962		0.1383247145809524
CHMP7	NP_689485.1|NP_001304828.1	NP_689485.1|NP_001304828.1|NP_001350112.1	NP_689485.1|NP_001350112.1|NP_001304828.1	NP_689485	3.019346090996151e-10	0.0012639309527331926	1.5816035205362319e-06	2.2766604833266546e-10	3.462116681213105e-09	0.01658024510688358	-0.8372146103896105	-0.26520004821600773	-0.2328207625381964	-0.8706813103448279	-0.967228206168831	-0.1872644904536585
CLU	NP_001822.3	NP_001822.3	NP_001822.3	NP_001822	0.2479576130919898	0.5995644930126912	0.9617796946997457	0.45980258962664344	0.32758412473143156	0.06951425505306967	-0.5040374458874461	-0.09711432015429122	0.009705734833655555	0.38409096551724153	-0.38274460227272755	-0.4137478015237805
CNOT7	NP_001309022.1|NP_001309020.1|NP_001309023.1|NP_001309018.1|NP_001309026.1|NP_001309029.1	NP_001309022.1|NP_001309019.1|NP_001309023.1|NP_001309016.1|NP_001309024.1|NP_001309027.1	NP_001309019.1|NP_001309022.1|NP_001309023.1|NP_001309016.1|NP_001309024.1|NP_001309027.1	NP_001309020	0.003966028975267673	0.08986365643139334	8.606965217111897e-06	0.018808740089463604	0.000787493601492147	0.31470708229919475	-0.3802315885575167	-0.26651854545454556	-0.19871820343751168	-0.32962048275862055	-0.4328866071428571	-0.09912731367073171
CTSB	NP_001899.1|NP_001304166.1	NP_001899.1|NP_001304166.1	NP_001899.1|NP_001304166.1	NP_001899	0.339979231590038	0.007896175239681965	0.5796231005173242	0.013055155198498383	0.006065058458731123	0.0005935074199627082	-0.23238219696969709	-0.44394059787849555	0.07561549305220794	-0.83961675862069	-0.7054906655844156	-0.513760455352439
DCTN6	NP_006562.1	NP_006562.1	NP_006562.1	NP_006562	0.79156162770587	0.018242187389617342	0.08344148549748247	0.007306279416987691	7.34356820591717e-05	0.8262536994936621	-0.04031801948051958	-0.13961263259402124	-0.10732318771035665	-0.29768951724137926	-0.4155971996753247	-0.018339813147560974
DEFA3	NP_005208.1|NP_001289194.1|NP_004075.1	NP_005208.1|NP_001289194.1|NP_001035965.1	NP_005208.1|NP_001289194.1|NP_001035965.1		0.8361348486737366	0.3205283530819947	0.17305091056809424	0.8109347873835067	0.09021268141751355		0.1357187229437231	0.4606973859844271	-0.6893249911925956	-0.22871910344827562	-1.4971805194805194	
DEFA4	NP_001916.1	NP_001916.1	NP_001916.1		0.41009927563093523	0.5620636509162693	0.5796231005173242	0.6140620757392194	0.022022322803256826		0.4773508417508415	0.11348066538090645	-0.13500005261929005	-0.30260144827586216	-1.11455762987013	
DLC1	NP_872584.2|NP_001303597.1|NP_001157743.1|NP_079043.3	NP_001335010.1|NP_001303597.1|NP_006085.2|NP_001157743.1|NP_079043.3	NP_001335010.1|NP_001303597.1|NP_006085.2|NP_001157743.1|NP_079043.3	NP_001157743	0.30839420438415666			0.9112684839724327	0.8078486760279576	0.33425598185079736	-0.3482022068095838		0.24084739173703262	0.02277373584905673	-0.0475885146103896	0.19757222810101005
DMTN	NP_001310311.1|NP_001310318.1|NP_001310326.1|NP_001289746.1	NP_001107607.1|NP_001310318.1|NP_001310320.1|NP_001289746.1	NP_001107607.1|NP_001310318.1|NP_001310320.1|NP_001289746.1	NP_001289746	0.9524649896870987	0.7727207410823336	0.7080361471011819	0.01761980212213596	0.03752410364942328	0.6619744991181072	0.027707521645021722	0.0280000513610682	-0.07148803232523804	0.6994652413793099	-0.585110633116884	-0.08941264824146322
DMTN	NP_001310311.1|NP_001310318.1|NP_001310326.1|NP_001289746.1	NP_001107607.1|NP_001310318.1|NP_001310320.1|NP_001289746.1	NP_001107607.1|NP_001310318.1|NP_001310320.1|NP_001289746.1	NP_001107609	0.9524649896870987	0.7727207410823336	0.7080361471011819	0.01761980212213596	0.03752410364942328	0.674156178283111	0.027707521645021722	0.0280000513610682	-0.07148803232523804	0.6994652413793099	-0.585110633116884	-0.08671221629573167
DMTN	NP_001310311.1|NP_001310318.1|NP_001310326.1|NP_001289746.1	NP_001107607.1|NP_001310318.1|NP_001310320.1|NP_001289746.1	NP_001107609.1|NP_001107611.1|NP_001310327.1	NP_001289746	0.9524649896870987	0.7727207410823336	0.7080361471011819	0.01761980212213596	0.1539507980764506	0.6619744991181072	0.027707521645021722	0.0280000513610682	-0.07148803232523804	0.6994652413793099	-0.5701389610389618	-0.08941264824146322
DMTN	NP_001310311.1|NP_001310318.1|NP_001310326.1|NP_001289746.1	NP_001107607.1|NP_001310318.1|NP_001310320.1|NP_001289746.1	NP_001107609.1|NP_001107611.1|NP_001310327.1	NP_001107609	0.9524649896870987	0.7727207410823336	0.7080361471011819	0.01761980212213596	0.1539507980764506	0.674156178283111	0.027707521645021722	0.0280000513610682	-0.07148803232523804	0.6994652413793099	-0.5701389610389618	-0.08671221629573167
DMTN	NP_001310311.1|NP_001310318.1|NP_001310326.1|NP_001289746.1	NP_001107609.1|NP_001107611.1|NP_001310327.1	NP_001107607.1|NP_001310318.1|NP_001310320.1|NP_001289746.1	NP_001289746	0.9524649896870987	0.7727207410823336	0.7080361471011819	0.1116150137306558	0.03752410364942328	0.6619744991181072	0.027707521645021722	0.0280000513610682	-0.07148803232523804	0.902578525641025	-0.585110633116884	-0.08941264824146322
DMTN	NP_001310311.1|NP_001310318.1|NP_001310326.1|NP_001289746.1	NP_001107609.1|NP_001107611.1|NP_001310327.1	NP_001107607.1|NP_001310318.1|NP_001310320.1|NP_001289746.1	NP_001107609	0.9524649896870987	0.7727207410823336	0.7080361471011819	0.1116150137306558	0.03752410364942328	0.674156178283111	0.027707521645021722	0.0280000513610682	-0.07148803232523804	0.902578525641025	-0.585110633116884	-0.08671221629573167
DMTN	NP_001310311.1|NP_001310318.1|NP_001310326.1|NP_001289746.1	NP_001107609.1|NP_001107611.1|NP_001310327.1	NP_001107609.1|NP_001107611.1|NP_001310327.1	NP_001289746	0.9524649896870987	0.7727207410823336	0.7080361471011819	0.1116150137306558	0.1539507980764506	0.6619744991181072	0.027707521645021722	0.0280000513610682	-0.07148803232523804	0.902578525641025	-0.5701389610389618	-0.08941264824146322
DMTN	NP_001310311.1|NP_001310318.1|NP_001310326.1|NP_001289746.1	NP_001107609.1|NP_001107611.1|NP_001310327.1	NP_001107609.1|NP_001107611.1|NP_001310327.1	NP_001107609	0.9524649896870987	0.7727207410823336	0.7080361471011819	0.1116150137306558	0.1539507980764506	0.674156178283111	0.027707521645021722	0.0280000513610682	-0.07148803232523804	0.902578525641025	-0.5701389610389618	-0.08671221629573167
DOCK5	NP_079216.4	NP_079216.4	NP_079216.4	NP_079216	5.516872544455891e-05	0.004906241987657159	0.056588060393235246	0.012596840752425299	6.490213896840234e-06	0.14835132621453676	-0.7580857142857143	-0.19193299788135595	-0.1514742442122916	-0.5430968965517239	-1.1248205762987014	-0.11715590979024387
DOK2	NP_003965.2|NP_001304729.1	NP_003965.2|NP_001304729.1	NP_003965.2|NP_001304729.1	NP_003965	0.42981967761725165	0.5620636509162693	0.02473378180686553	0.025670739425620093	0.3133414783028276	0.3545605118814308	0.2604386904761904	-0.06295974842767298	-0.3080020794903042	-0.648617172413793	-0.2589756493506493	0.14053220535121955
DPYSL2	NP_001184222.1|NP_001231533.1	NP_001184222.1|NP_001377.1|NP_001231533.1	NP_001184222.1|NP_001377.1|NP_001231533.1	NP_001231533	0.16539829405546497	0.13540843069859457	0.02473378180686553	0.041668436007835305	0.03895740811875135	0.031707643865119914	-0.6609737012987013	-0.1590520732883317	-0.21040392660007612	-0.4447085517241389	-0.46263202110389634	-0.3221607253506097
DPYSL2	NP_001184222.1|NP_001231533.1	NP_001184222.1|NP_001377.1|NP_001231533.1	NP_001184222.1|NP_001377.1|NP_001231533.1	NP_001184222	0.16539829405546497	0.13540843069859457	0.02473378180686553	0.041668436007835305	0.03895740811875135	0.03691340345588025	-0.6609737012987013	-0.1590520732883317	-0.21040392660007612	-0.4447085517241389	-0.46263202110389634	-0.2932780691804878
DUSP4	NP_001385.1|NP_476499.1|NP_004409.1				0.40955652084910504						-0.5050991341991341					
ELP3	NP_060561.3|NP_001271151.1|NP_001271149.1|NP_001271155.1|NP_001271153.1	NP_060561.3|NP_001271151.1|NP_001271149.1|NP_001271155.1|NP_001271153.1	NP_060561.3|NP_001271151.1|NP_001271149.1|NP_001271155.1|NP_001271153.1	NP_060561	0.0012702497677675375	0.000577091724367429	0.0005287843622280656	0.0396466241868862	9.815052613185633e-08	0.1880430649878788	-0.3979504870129869	-0.2513517222525971	-0.209695428046917	-0.27257303448275877	-0.7217889610389608	-0.10794827874390245
ELP3	NP_060561.3|NP_001271151.1|NP_001271149.1|NP_001271155.1|NP_001271153.1	NP_060561.3|NP_001271151.1|NP_001271149.1|NP_001271155.1|NP_001271153.1	NP_060561.3|NP_001271151.1|NP_001271149.1|NP_001271155.1|NP_001271153.1	NP_001271151	0.0012702497677675375	0.000577091724367429	0.0005287843622280656	0.0396466241868862	9.815052613185633e-08	0.2299135078132526	-0.3979504870129869	-0.2513517222525971	-0.209695428046917	-0.27257303448275877	-0.7217889610389608	-0.10180593116646341
EPHX2	NP_001970.2|NP_001243411.1|NP_001243412.1	NP_001970.2|NP_001243411.1|NP_001243412.1	NP_001970.2|NP_001243411.1	NP_001970	0.00014422709185308002	0.092615643477961	0.09064285075509054	0.061859395732781375	0.14669487340013454	0.15504624555392407	-1.4228721320346318	-0.24791870781099323	-0.21119688313704543	-0.6729857931034483	-0.6074624999999999	-0.2713103249518293
EPHX2	NP_001970.2|NP_001243411.1|NP_001243412.1	NP_001970.2|NP_001243411.1|NP_001243412.1	NP_001970.2|NP_001243411.1	NP_001243412	0.00014422709185308002	0.092615643477961	0.09064285075509054	0.061859395732781375	0.14669487340013454	0.17281735798947948	-1.4228721320346318	-0.24791870781099323	-0.21119688313704543	-0.6729857931034483	-0.6074624999999999	-0.26010132413048787
ERI1	NP_699163.2	NP_699163.2|NP_001341564.1|NP_001341565.1|NP_001341567.1	NP_699163.2|NP_001341567.1|NP_001341564.1|NP_001341565.1	NP_699163	5.900740587124227e-06	0.017405001380222638	1.5078078637462085e-06	1.6484541706934354e-08	1.2371530776050376e-07	0.00010127569511295536	-0.9389627164502167	-0.35372647058823525	-0.35191441966083303	-1.054425103448276	-1.1156607142857142	-0.48791914428353644
ERICH1	NP_997215.1|NP_001290029.1	NP_997215.1|NP_001290029.1	NP_997215.1|NP_001290029.1		0.0023119005677441256		0.00010159060572247166	0.005325745216970123	0.00229888620992978		-0.7594744200433036		-0.4739227050216783	-0.7235720689655174	-0.8780172483766235	
FAM160B2	NP_073586.5	NP_073586.5|NP_001341179.1|NP_001341180.1	NP_073586.5|NP_001341179.1|NP_001341180.1	NP_073586	1.1288060619622726e-07	0.029580288280038003	0.07073915242962854	0.00018439448146117686	4.4543812632483e-07	0.1401585006959782	-1.0602291125541128	-0.29561935483870966	-0.17951242055387695	-0.8670294482758623	-1.1611603084415585	-0.1294502357359756
FDFT1	NP_001274671.1|NP_001274679.1|NP_001274673.1|NP_001274680.1|NP_001274685.1	NP_001274671.1|NP_001274679.1|NP_001274673.1|NP_001274680.1|NP_001274685.1	NP_001274671.1|NP_001274679.1|NP_001274673.1|NP_001274680.1|NP_001274685.1	NP_001274671	0.012028593472469288	0.00041732410475497044	0.07030088498337672	0.13503828403225945	0.03837452144360528	0.022744758231436818	-1.0776692099567102	-0.5687385728061716	-0.3403970488356336	-0.8326355862068964	-0.9820431412337663	-0.34171487522256094
GSR	NP_000628.2|NP_001182031.1|NP_001182032.1|NP_001182033.1	NP_000628.2|NP_001182031.1|NP_001182032.1|NP_001182033.1	NP_000628.2|NP_001182031.1|NP_001182032.1|NP_001182033.1	NP_000628	0.1975414855128725	3.1896148851679456e-09	0.07073915242962854	0.9568419657645255	5.2966887188308117e-05	0.00011892940003442198	-0.3860122835497834	-0.43149064609450344	-0.22557324663073786	0.02135572413793102	-1.247468262987013	-0.5057451202725611
GTF2E2	NP_002086.1	NP_002086.1|NP_001335282.1	NP_002086.1|NP_001335282.1	NP_002086	0.010265653718607293	0.1311382882941788	0.019549729139218826	0.04817059611850767	0.0003663703447211097	0.0063718891789201855	-0.41114853896103887	-0.19087296296296297	-0.2167934351077463	-0.4138013103448276	-0.6278655844155843	-0.2510111889371951
HMBOX1	NP_001311312.1|NP_001317427.1|NP_001311314.1|NP_001129198.1|NP_001311315.1|NP_001311316.1|NP_001311318.1|NP_001311320.1|NP_001311322.1|NP_001311324.1	NP_001311312.1|NP_001317427.1|NP_001311314.1|NP_001311318.1|NP_001311320.1|NP_001311322.1|NP_001129198.1|NP_001311315.1|NP_001311316.1|NP_001311324.1	NP_001311312.1|NP_001317427.1|NP_001311314.1|NP_001129198.1|NP_001311315.1|NP_001311316.1|NP_001311318.1|NP_001311320.1|NP_001311322.1|NP_001311324.1|NP_001293108.1|NP_000536.5		0.0025440252430054505		0.12972559173122425	0.0396466241868862	0.039759222627531045		-0.6382652857142856		-0.19468350948931246	-0.5597622068965519	-0.4231633116883119	
KBTBD11	NP_055682.1	NP_055682.1	NP_055682.1	NP_055682	0.7297365263891264	0.26223882448116775	0.03207903281543365	0.9112684839724327	0.014663022032794208	0.8658577920234611	-0.09716304112554136	-0.08541562198649952	-0.1903846101663227	-0.024361931034482698	-0.6287509334415586	0.03812061875187972
KCTD9	NP_060104.2	NP_060104.2	NP_060104.2	NP_060104	0.0019992288223943675	0.6004230978284828	0.5960307295817069	0.3837526945551306	7.744000152996757e-06	0.7496522821974281	-0.6190254870129868	-0.07434583333333336	-0.060696026736042796	-0.18065972413793102	-0.7774607142857144	0.09966735730000001
KIF13B	NP_056069.2	NP_056069.2	NP_056069.2|NP_872312.2	NP_056069	0.0009912391316298107	3.630762756757319e-05	3.538026642921005e-05	3.506850911389104e-05	0.0003663703447211097	0.01658024510688358	-1.0046373917748919	-0.2824772420443586	-0.3638382813217689	-0.7889969655172413	-1.1025151379870133	-0.23301358580487802
LOXL2	NP_002309.1	NP_002309.1	NP_002309.1	NP_002309	0.5032264249147239	0.5620636509162693	0.28082615025863095	0.41355966092780855	0.39146654989270885	0.17049269414547866	-0.3180665043290043	-0.0756223240115719	0.19325999083640966	-0.6235560000000001	-0.4546163961038958	-0.28219182320914626
LPL	NP_000228.1	NP_000228.1	NP_000228.1	NP_000228	0.7818882810566798		0.8619756878190761	0.9733365585996946	0.012704226186689812	0.7318296868177578	0.10636894703656996		-0.028402672344711277	-0.00853737931034515	-0.7486676542207791	-0.32659625485714283
LZTS1	NP_066300.1	NP_001349813.1	NP_001349813.1	NP_066300	0.5400543345548999		0.9867631849894134	0.24560388496582933	0.24272675588962972	0.6337851439934019	-0.1289853354978355		-0.0019959482505562676	-0.3990400689655174	-0.46407550675675685	0.06621572721219511
MFHAS1	NP_004216.2	NP_004216.2	NP_004216.2	NP_004216	0.3167984511159037		0.8149377256458261	0.6140620757392194	0.17144239269166547	0.1549908476431093	0.2748025091799265		-0.04291725888424125	-0.19089299790356395	-0.39642007905138327	-0.31966515358333325
MSR1	NP_619729.1|NP_619730.1	NP_619729.1|NP_001350673.1|NP_619730.1|NP_002436.1	NP_619729.1|NP_001350673.1|NP_619730.1|NP_002436.1	NP_619729	0.5566397623108102	0.5620636509162693	0.8331270409021885	0.2733473136639002	0.6624602389559959	0.8184633000056237	-0.15523479437229432	-0.10679952380952384	-0.028849062274215242	-0.32049862068965507	-0.12359415584415612	0.03566485544268286
MSRA	NP_036463.1|NP_001129143.1|NP_001129142.1|NP_001186658.1	NP_036463.1|NP_001129143.1|NP_001129142.1|NP_001186658.1	NP_036463.1|NP_001129143.1|NP_001186658.1|NP_001129142.1	NP_036463	0.04717178652973023	0.03212420406457576	0.0007109850868245372	0.0006794220035380146	9.815052613185633e-08	0.007315163061043906	-0.5011977272727273	-0.248570625	-0.322897157308617	-0.7304091724137929	-0.9093795454545455	-0.23106836434756095
MTMR7	NP_004677.3	NP_004677.3	NP_004677.3		0.01713639383899305			0.04659639858809975	0.012797586459663788		-0.7009702625102545			-0.4976006896551725	-0.6906315904139434	
MTMR9	NP_056273.2	NP_056273.2	NP_056273.2	NP_056273	0.00012382727005752744	0.42995161225021616	0.02838434168351572	0.0009868689853955407	1.6018382576514306e-06	0.03853609345519599	-0.6043828463203462	0.10171296296296292	-0.10750827308725519	-0.434502	-0.7160304383116882	-0.18726494695182927
MTUS1	NP_001001924.1|NP_001159865.1|NP_065800.1|NP_001317399.1	NP_001001924.1|NP_001001925.1|NP_001349986.1|NP_001349989.1|NP_001159865.1|NP_065800.1|NP_001317399.1	NP_001001924.1|NP_001001925.1|NP_001349986.1|NP_001349989.1|NP_001159865.1|NP_065800.1|NP_001317399.1		0.00017519268147884106	0.29887225117729205	0.07073915242962854	0.041668436007835305	0.011613081063646334		-1.1468839826839827	-0.17819170437405737	-0.203594500505222	-0.608033103448276	-1.079407305194805	
MTUS1	NP_001001925.1	NP_001001924.1|NP_001001925.1|NP_001349986.1|NP_001349989.1|NP_001159865.1|NP_065800.1|NP_001317399.1	NP_001001924.1|NP_001001925.1|NP_001349986.1|NP_001349989.1|NP_001159865.1|NP_065800.1|NP_001317399.1		0.04372314177863181	0.29887225117729205	0.07073915242962854	0.041668436007835305	0.011613081063646334		-1.1027464285714288	-0.17819170437405737	-0.203594500505222	-0.608033103448276	-1.079407305194805	
MYOM2	NP_003961.3			NP_003961	0.09669056753162748		0.9617796946997457			0.9947579382750358	-1.9381513636363636		0.020866054082642194			-0.009709137294736436
NAT1	NP_001153651.1|NP_001278891.1	NP_000653.3|NP_001153647.1	NP_000653.3|NP_001153647.1	NP_001153651	0.025425591213202082	0.0004375570731850757	0.044930252270129194	8.109664467057397e-06	0.0006029504108006656	0.00404934019095366	-1.4731979978354979	-0.3288143201542913	-0.1444198710570639	-1.1263213793103448	-0.7694901785714285	-0.38236411681158533
NEFL	NP_006149.2	NP_006149.2		NP_006149	0.7297365263891264	0.22069903763986942	0.2192084622916808	0.6255904797583912		0.02585283488491905	-0.22084778571428587	0.31258461538461557	-0.3685981941180323	0.4851554482758622		-0.3655288315609755
NEIL2	NP_659480.1|NP_001129220.1	NP_001129218.1|NP_001129219.1|NP_001129220.1	NP_001129218.1|NP_001129219.1|NP_001129220.1	NP_659480	5.3915865134196786e-05		0.025488691177433888	0.04817059611850767	0.02437526817457638	0.716859002160659	-1.1395538961038958	0.5277111111111111	-0.27831278292574524	-0.5505928774928777	-0.6671595238095236	0.06578807571220152
NUDT18	NP_079091.3	NP_079091.3	NP_079091.3	NP_079091	0.046343703877859604		0.6241570610126589	2.1081776668591694e-05	0.002748414479362407	0.43174224169791536	-0.3398757575757576	-0.03323750000000001	0.04837277656732297	-0.7091675862068966	-0.4657325892857143	-0.1115711185953453
PBK	NP_060962.2|NP_001265874.1	NP_001349969.1|NP_001265874.1	NP_001349969.1|NP_001265874.1	NP_060962	0.012259075976932344	0.092615643477961	0.1907235681006384	0.5712560817198252	0.00869266507775555	0.05101863218736613	-0.9088054653679651	-0.26735018115942033	-0.19563452092844713	-0.3029675172413794	-1.1978440746753247	-0.34295654816768295
PCM1	NP_006188.3|NP_001302437.1	NP_001339564.1|NP_001302436.1|NP_001339562.1|NP_001339572.1|NP_001339586.1|NP_001339588.1	NP_001339561.1|NP_001339563.1|NP_001339568.1|NP_001339572.1|NP_001339586.1|NP_001339583.1|NP_001339588.1	NP_006188	3.677181130566869e-05	8.389439273947562e-08	0.00024114690293726199	1.87486681272754e-05	0.001643471904579753	0.007315163061043906	-1.1092727813852812	-0.38407598842815815	-0.2993439241379825	-0.7353448275862071	-0.7999182224025974	-0.31553315702012197
PCM1	NP_006188.3|NP_001302437.1	NP_001339565.1|NP_001339566.1|NP_001339569.1|NP_001339573.1|NP_001339568.1|NP_001302437.1|NP_001339571.1|NP_001339583.1	NP_001339561.1|NP_001339563.1|NP_001339568.1|NP_001339572.1|NP_001339586.1|NP_001339583.1|NP_001339588.1	NP_006188	3.677181130566869e-05	8.389439273947562e-08	0.00024114690293726199	0.011065885093833529	0.001643471904579753	0.007315163061043906	-1.1092727813852812	-0.38407598842815815	-0.2993439241379825	-0.8052054507337527	-0.7999182224025974	-0.31553315702012197
PDGFRL	NP_006198.1	NP_006198.1	NP_006198.1	NP_006198	0.40044685156046783		0.13501630353045677	0.24560388496582933	0.2131714441922113	0.716859002160659	-0.39725167748917767		0.33230360775572976	-0.6943879999999996	-0.5805532432432434	-0.09214372690670725
PDLIM2	NP_067643.3	NP_067643.3	NP_067643.3	NP_067643	0.46098980106217596	0.42995161225021616	0.044930252270129194	0.5890550159550414	0.26991988578524817	0.31470708229919475	-0.17246839826839838	-0.08950250723240119	-0.18786421602044356	-0.1452250344827597	-0.2864368100649357	-0.19422429759817078
PEBP4	NP_659399.2	NP_001350162.1	NP_001350162.1		0.9895223803874764		0.20695197614971128	0.8966248367128142	0.4118204828368865		0.004691249999999814		-0.35109787014288685	-0.056683409610984725	-0.37207698863636374	
PINX1	NP_060354.4|NP_001271285.1	NP_060354.4|NP_001271285.1	NP_060354.4|NP_001271285.1	NP_060354	0.012341866161998961	0.007896175239681965	1.4714085853190227e-05	0.37915517140542865	0.035498489300784676	0.01658024510688358	-0.7103158139534885	-0.39898153846153844	-0.5133360399584284	-0.28669417555373256	-0.7866705357142857	-0.33267605668181816
PNMA2	NP_009188.1	NP_009188.1	NP_009188.1		0.16245064771392145		0.7911699414988623	0.07477610586847455	0.035498489300784676		0.8251019943019946		0.06619466822187547	-1.155227051282051	-1.1760483766233767	
POLR3D	NP_001713.2	NP_001713.2	NP_001713.2	NP_001713	0.3167984511159037	0.5627172834160538	0.08344148549748247	0.558083465202099	0.8120290849024272	0.27769806233921923	0.1668070346320346	-0.05801919191919191	-0.10687831656863622	-0.11223634482758618	-0.03938181818181813	-0.11205239104939019
PPP2CB	NP_001009552.1	NP_001009552.1|NP_001341948.1	NP_001009552.1|NP_001341948.1	NP_001009552	0.02525670925311675	4.4404278139032595e-05	0.002087277753585122	0.2733473136639002	4.789882268844036e-06	0.0019011195476853853	-0.5489149891774893	-0.45425781099324974	-0.25241934908907027	-0.09941179310344826	-0.4259408279220779	-0.18266203185304872
PPP2R2A	NP_002708.1|NP_001171062.1	NP_002708.1|NP_001171062.1	NP_002708.1|NP_001171062.1	NP_001171062	4.2577847460390486e-10	1.2912498796924548e-09	0.002087277753585122	1.4291321573268502e-08	3.847374117849447e-08	0.0011354181677966275	-1.3361166666666666	-0.47848355834136924	-0.24424607558469447	-0.8613476551724137	-1.2185868506493507	-0.3661219336146342
PPP3CC	NP_001230904.1|NP_005596.2|NP_001230903.1	NP_001230904.1|NP_001230903.1|NP_005596.2	NP_001230903.1|NP_005596.2|NP_001230904.1	NP_001230904	0.055209517898728536		0.00024114690293726199	1.2713562945079946e-08	4.297653368577775e-05	0.8262536994936621	-0.30799540043290036	-0.25658333333333333	-0.2657887884990764	-0.9939016551724138	-0.6840292613636363	0.024986204701829277
PSD3	NP_056125.3|NP_996792.1	NP_056125.3|NP_001349748.1|NP_996792.1	NP_056125.3|NP_001349748.1|NP_996792.1	NP_056125	0.0244614250125133		0.4297320620869126	0.2733473136639002	0.14669487340013454	0.01658024510688358	-0.5965582401730977		-0.08543896998982348	-0.30880903448275876	-0.2979751217532467	-0.3515838042986112
PTK2B	NP_775267.1|NP_004094.3	NP_004094.3	NP_775267.1|NP_004094.3	NP_004094	0.33300540661286887	7.867298746235897e-06	0.023389193582536077	1.87486681272754e-05	2.973773040657544e-07	0.27769806233921923	-0.19649145021645023	-0.3085023625843781	-0.2174368156510198	-1.0681648275862068	-0.927099512987013	-0.11753399193292684
PTK2B	NP_775267.1|NP_004094.3	NP_775267.1	NP_775267.1|NP_004094.3	NP_004094	0.33300540661286887	7.867298746235897e-06	0.023389193582536077	0.0003931562670260386	2.973773040657544e-07	0.27769806233921923	-0.19649145021645023	-0.3085023625843781	-0.2174368156510198	-1.1963786896551722	-0.927099512987013	-0.11753399193292684
R3HCC1	NP_001129580.2|NP_001288579.1	NP_001129580.2|NP_001288579.1	NP_001129580.2|NP_001288579.1	NP_001129580	0.0065002063779538545	0.12428451014839838	0.056588060393235246	0.04737367400489607	0.0010248358659180814	0.031707643865119914	-0.4833522186147186	-0.18763506787330317	-0.15871070710444357	-0.3735929655172415	-0.6000322522522523	-0.27933624541094954
RBPMS	NP_001008712.1|NP_001008711.1	NP_001008712.1|NP_001008711.1	NP_001008712.1|NP_001008711.1	NP_001008710	0.339979231590038	0.13540843069859457	0.33031638930049906	0.0009711557714902343	0.011613081063646334	0.07691975954206527	-0.25018262987012985	0.1356146094503376	-0.08773754093306962	-0.6561801379310345	-0.8593794237012986	-0.277787952145122
REEP4	NP_079508.2|NP_001303893.1	NP_001303894.1	NP_079508.2|NP_001303893.1	NP_079508	0.009649453891213942	0.25556715931796975	0.43891053708187444	0.6053225414746517	0.10052537824352802	0.007315163061043906	-0.5894260822510821	-0.09655	-0.08027856773208342	-0.1827229019211324	-0.3392530078465562	-0.2848170444275814
REEP4	NP_079508.2|NP_001303893.1	NP_001303894.1	NP_001303894.1	NP_079508	0.009649453891213942	0.25556715931796975	0.43891053708187444	0.6053225414746517	0.3207414240468689	0.007315163061043906	-0.5894260822510821	-0.09655	-0.08027856773208342	-0.1827229019211324	-0.3141726086956522	-0.2848170444275814
REEP4	NP_079508.2|NP_001303893.1	NP_079508.2|NP_001303893.1	NP_079508.2|NP_001303893.1	NP_079508	0.009649453891213942	0.25556715931796975	0.43891053708187444	0.8109347873835067	0.10052537824352802	0.007315163061043906	-0.5894260822510821	-0.09655	-0.08027856773208342	-0.064157448275862	-0.3392530078465562	-0.2848170444275814
REEP4	NP_079508.2|NP_001303893.1	NP_079508.2|NP_001303893.1	NP_001303894.1	NP_079508	0.009649453891213942	0.25556715931796975	0.43891053708187444	0.8109347873835067	0.3207414240468689	0.007315163061043906	-0.5894260822510821	-0.09655	-0.08027856773208342	-0.064157448275862	-0.3141726086956522	-0.2848170444275814
SARAF	NP_057211.4|NP_001271168.1	NP_057211.4|NP_001271168.1	NP_057211.4|NP_001271168.1	NP_057211	0.01313005616932109	0.11339095382107778	0.027166499057035255	0.11800320939605699	0.002748414479362407	0.02585283488491905	-1.0766579802259884	-0.26676785714285717	-0.3067532142720282	-0.31350289655172403	-0.9259298295454546	-0.3553517469256756
SH2D4A	NP_071354.2|NP_001167631.1	NP_001167630.1|NP_001350039.1|NP_001167631.1	NP_001167630.1|NP_001350039.1|NP_001167631.1	NP_071354	0.012259075976932344	2.460986110694428e-06	0.017587985112410158	0.1290654705246266	0.00877044806702167	0.031707643865119914	-0.7748542207792206	-0.4775671648987464	-0.3045061436372478	-0.4342502068965516	-0.8186761363636366	-0.27681888687134154
SLC39A14	NP_001121903.1|NP_056174.2|NP_001128626.1	NP_001338586.1|NP_001121903.1|NP_056174.2|NP_001128626.1	NP_001338586.1|NP_001121903.1|NP_056174.2|NP_001128626.1	NP_001121903	0.02525670925311675	2.8611376368354997e-05	0.28082615025863095	0.0004433575964609125	0.004114348999672595	0.011554400799958533	-0.7896066950699947	-0.3147538090646095	-0.12615170584360413	-1.1233514482758626	-1.1120005681818181	-0.27731418595
SLC7A2	NP_001158243.1|NP_001008539.3|NP_003037.4		NP_001158243.1|NP_001008539.3|NP_003037.4	NP_001008539	0.0012702497677675375		0.5890362415334864		0.1418339484703219	0.21136740168829735	-1.8588244234800848		-0.15602702287835513		-1.0731504545454547	-0.21306998374955438
SORBS3	NP_005766.3|NP_001018003.1	NP_005766.3	NP_005766.3	NP_005766	0.09791437120428502	0.5620636509162693	0.01434813528385995	0.2733473136639002	0.07560015942994919	0.06704643918941708	-0.36696737012987013	0.05048461909353913	-0.1899574350864306	-0.21639413793103324	-0.36917260551948083	-0.26357005229878044
STC1	NP_003146.1	NP_003146.1			0.28725592642177		0.2508358227633597	0.5712560817198252			-0.5410977813852815		-0.32083370958449464	-0.49608218181818176		
STMN4	NP_110422.2|NP_001269982.1|NP_001269983.1|NP_001269984.1				0.2479576130919898						-0.5116323051948051					
TDRP	NP_778250.2|NP_001243042.1	NP_778250.2|NP_001243042.1	NP_778250.2|NP_001243042.1	NP_001243042	0.5566397623108102		0.01620573542634779	0.09985545980019256	0.16366227595043556	0.19801462313212712	-0.21011369047619055		-0.39866042774709953	-0.5738854482758621	-0.40960967465753423	-0.24680323244405597
TNKS	NP_003738.2	NP_003738.2	NP_003738.2	NP_003738	0.023015978774471244		0.2671276757693676	0.7299575750197115	0.2903300317480185	0.6873125284462566	-0.4537531926406927		-0.23660977960950547	-0.06906124137931036	-0.24587178241864982	0.10080058801488095
VPS37A	NP_689628.2|NP_001138624.1	NP_001350102.1|NP_001350096.1|NP_001138624.1|NP_001350097.1|NP_001350099.1	NP_001350102.1|NP_001350096.1|NP_001138624.1|NP_001350097.1|NP_001350099.1	NP_689628	0.0004226185947606569	0.03212420406457576	0.0010402711610227509	6.156945210449724e-07	1.4706774756096817e-09	0.007315163061043906	-0.4623018398268399	-0.17916677740863793	-0.16844086966907312	-0.6617138620689655	-0.9578265827922077	-0.23428462266036587
XPO7	NP_055839.3	NP_055839.3|NP_001093631.1|NP_001349731.1	NP_001349731.1|NP_001093631.1	NP_055839	1.5134849394382428e-07	2.050610303507412e-09	5.243271169812001e-05	0.008832293312200767	5.522446875896729e-08	3.38220986794837e-05	-0.9413126623376621	-0.319683269045323	-0.2894584405328082	-0.41836427586206903	-0.820412418831169	-0.34985368366890246
