Name	brca_Database_ID	lscc_Database_ID	luad_Database_ID	ovarian_Database_ID	brca_pvalue	colon_pvalue	hnscc_pvalue	lscc_pvalue	luad_pvalue	ovarian_pvalue
ANKRD46	NP_001257308.1|NP_001257307.1	NP_001257308.1|NP_001257306.1	NP_001257308.1|NP_001257306.1	NP_001257307	0.1959043145091636		0.013793409712070097	0.019142278730264795	0.12665850384613048	0.12751153450228683
ASAP1	NP_060952.2|NP_001234925.1	NP_060952.2|NP_001234925.1|NP_001349854.1|NP_001349855.1	NP_060952.2|NP_001234925.1|NP_001349854.1|NP_001349855.1	NP_001234925	0.1364089951069221	0.017615080832588018	0.013459001095503666	0.03451137912378358	0.022300768692983492	0.0901299224745737
ATAD2	NP_054828.2	NP_054828.2	NP_054828.2|NP_001341036.1|NP_060022.2|NP_001229267.2	NP_054828	0.9999817420298085	0.08403604610145227	0.06634600800002846	0.023267925209814265	0.8203157823533602	0.014808135586220636
ATP6V1C1	NP_001686.1	NP_001686.1	NP_001686.1	NP_001686	0.9740403436279826	0.02756994088597773	0.0622367287753619	0.023267925209814265	0.07577247697518898	0.9316641202909157
C8orf37	NP_808880.1	NP_808880.1|NP_001350189.1	NP_808880.1|NP_001350189.1	NP_808880	0.10308582998744878		0.01906649859167544	0.09202393561730818	0.29600083237436	0.02896566612946563
CA1	NP_001158302.1|NP_001278896.1	NP_001122301.1|NP_001278896.1	NP_001122301.1|NP_001278896.1	NP_001158302	0.12020400327579736	0.02375007542425626	0.013459001095503666	0.019986695569699647	0.02193127565786002	0.017587157614559448
CA1	NP_001158302.1|NP_001278896.1	NP_001122301.1|NP_001278896.1	NP_001278897.1	NP_001158302	0.12020400327579736	0.02375007542425626	0.013459001095503666	0.019986695569699647	0.02193127565786002	0.017587157614559448
CA1	NP_001158302.1|NP_001278896.1	NP_001278897.1	NP_001122301.1|NP_001278896.1	NP_001158302	0.12020400327579736	0.02375007542425626	0.013459001095503666	0.019142278730264795	0.02193127565786002	0.017587157614559448
CA1	NP_001158302.1|NP_001278896.1	NP_001278897.1	NP_001278897.1	NP_001158302	0.12020400327579736	0.02375007542425626	0.013459001095503666	0.019142278730264795	0.02193127565786002	0.017587157614559448
CA13	NP_940986.1	NP_940986.1	NP_940986.1	NP_940986	0.10308582998744878	0.2511699348632123	0.02622602295704058	0.2588712570753188	0.3608689234258572	0.10197990408390695
CA2	NP_000058.1|P00921	NP_000058.1|P00921	NP_000058.1|P00921	NP_000058	0.020741114330695417	0.019645077051265055	0.04099005540870858	0.010912318441202527	0.02193127565786002	0.018102385787981005
CA2	NP_000058.1|P00921	NP_000058.1|P00921	NP_001280604.1	NP_000058	0.020741114330695417	0.019645077051265055	0.04099005540870858	0.010912318441202527	0.02193127565786002	0.018102385787981005
CA3	NP_005172.1	NP_005172.1	NP_005172.1	NP_005172	0.08979563573030681	0.017615080832588018	0.013459001095503666	0.0919226533251487	0.02193127565786002	0.018102385787981005
CHMP4C	NP_689497.1	NP_689497.1	NP_689497.1	NP_689497	0.10308582998744878	0.27331379079853796	0.0622367287753619	0.014591983622005115	0.5966560126420506	0.014003696621647252
CNGB3	NP_061971.3	NP_061971.3	NP_061971.3		0.3996956671344735			0.012915867216196747	0.06817576969165441	
COL14A1	NP_066933.1	NP_066933.1	NP_066933.1	NP_066933	0.9999817420298085	0.017615080832588018	0.17074734462379076	0.0181655357118699	0.025276083587082356	0.014003696621647252
COLEC10	NP_006429.2|NP_001311024.1		NP_006429.2|NP_001311024.1		0.021141917855841328	0.025172005308255634			0.06117274020502971	
COX6C	NP_004365.1	NP_004365.1	NP_004365.1	NP_004365	0.4111885092051503	0.25411187443999705	0.025809697989551347	0.020468419915652666	0.02929342515233159	0.029975158064756854
CPNE3	NP_003900.1|NP_055242.1|NP_705900.1	NP_003900.1	NP_003900.1|NP_001267487.1|NP_006023.1	NP_003900	0.9740403436279826	0.25995432035662874	0.5108577404186218	0.2862396359046559	0.9750505666453254	0.728784896240318
CPQ	NP_057218.1	NP_057218.1	NP_057218.1	NP_057218	0.020741114330695417	0.017615080832588018	0.0622367287753619	0.07446056125728795	0.02929342515233159	0.7410630965992244
CSMD3	NP_937756.1|NP_937757.1|NP_443132.3	NP_937757.1|NP_937756.1|NP_443132.3|NP_001350114.1			0.5555951465135739			0.010046925907185953		
CTHRC1	NP_612464.1	NP_001243028.1	NP_001243028.1	NP_612464	0.14906497941270694	0.03312342641886412	0.013459001095503666	0.04477103082734808	0.04893264678178022	0.024161276657259388
CTHRC1	NP_612464.1	NP_001243028.1	NP_612464.1	NP_612464	0.14906497941270694	0.03312342641886412	0.013459001095503666	0.04477103082734808	0.04893264678178022	0.024161276657259388
CTHRC1	NP_612464.1	NP_612464.1	NP_001243028.1	NP_612464	0.14906497941270694	0.03312342641886412	0.013459001095503666	0.0895638635865089	0.04893264678178022	0.024161276657259388
CTHRC1	NP_612464.1	NP_612464.1	NP_612464.1	NP_612464	0.14906497941270694	0.03312342641886412	0.013459001095503666	0.0895638635865089	0.04893264678178022	0.024161276657259388
DCAF13	NP_056235.4	NP_056235.4	NP_056235.4	NP_056235	0.9999817420298085	0.40679017984675797	0.44588125000618534	0.025234260509648547	0.5193292595788785	0.06644496943740276
DECR1	NP_001317504.1|NP_001350.1	NP_001350.1|NP_001317504.1	NP_001350.1|NP_001317504.1	NP_001317504	0.9999817420298085	0.9937056473103039	0.19470622298601112	0.15785075298922963	0.9204457288670805	0.9660125674028918
DEPTOR	NP_073620.2|NP_001269941.1	NP_073620.2|NP_001269941.1	NP_073620.2|NP_001269941.1	NP_073620	0.02636897552626741	0.024969985440966323	0.015053709079475114	0.04205468764099865	0.33173800854657304	0.06298877104456328
DERL1	NP_077271.1|NP_001128143.1|NP_001317530.1	NP_077271.1|NP_001128143.1|NP_001317530.1	NP_077271.1|NP_001128143.1|NP_001317530.1	NP_001128143	0.17997065083457287	0.21131101921211556	0.46640336674192706	0.12153520586724521	0.38044903312764133	0.44870335262320643
DPYS	NP_001376.1	NP_001376.1	NP_001376.1	NP_001376	0.460130201273092			0.05290128909757606	0.06872214798270088	0.028274271124419548
DSCC1	NP_076999.2	NP_076999.2	NP_076999.2	NP_076999	0.9999817420298085	0.03265408799372263	0.039360829914792485	0.07836988244993004	0.06872214798270088	0.02962792984415059
E2F5	NP_001942.2|NP_001077057.1			NP_001077057	0.8521918828469188					0.052645653961718206
EBAG9	NP_936056.1	NP_001265867.1	NP_001265867.1	NP_936056	0.6618684390425155	0.9999853555585676	0.5267153822438221	0.10542139792159715	0.8991149216362617	0.505652061783625
EMC2	NP_001316422.1|NP_055488.1|NP_001316424.1|NP_001316423.1	NP_001316422.1|NP_055488.1|NP_001316424.1|NP_001316423.1	NP_001316422.1|NP_055488.1|NP_001316424.1|NP_001316423.1	NP_001316422	0.020741114330695417	0.032905657445656857	0.16379911258725038	0.010912318441202527	0.02201299332203199	0.031365969784907896
ENPP2	NP_001124335.1|NP_001317529.1|NP_001035181.1|NP_006200.3	NP_001124335.1|NP_001317529.1|NP_001035181.1	NP_001124335.1|NP_001317529.1|NP_001035181.1|NP_006200.3	NP_001035181	0.22686211315215724		0.2043966199906257	0.06253656377867363	0.07736546613798516	0.028274271124419548
ENY2	NP_064574.1|NP_001180486.1	NP_001180486.1|NP_064574.1	NP_001180486.1|NP_064574.1	NP_001180486	0.697711497950619	0.17184206201702176	0.11003732075224024	0.019986695569699647	0.4813157656455539	0.07646744010031364
ESRP1	NP_060167.2	NP_060167.2|NP_001116297.1	NP_060167.2|NP_001030087.2|NP_001116297.1|NP_001116299.1	NP_001116298	0.9999817420298085	0.6076098778769423	0.9832729635702142	0.2567934085745402	0.9998880689549056	0.9316641202909157
ESRP1	NP_060167.2	NP_060167.2|NP_001116297.1	NP_060167.2|NP_001030087.2|NP_001116297.1|NP_001116299.1	NP_060167	0.9999817420298085	0.6076098778769423	0.9832729635702142	0.2567934085745402	0.9998880689549056	0.9316641202909157
EXT1	NP_000118.2	NP_000118.2	NP_000118.2	NP_000118	0.020741114330695417		0.07454665689703913	0.4964508153703485	0.22255446934168738	0.07957863872985507
FABP4	NP_001433.1	NP_001433.1	NP_001433.1	NP_001433	0.10308582998744878	0.034398050535697375	0.18173536210132854	0.023267925209814265	0.02193127565786002	0.014808135586220636
FABP5	NP_001435.1	NP_001435.1	NP_001435.1	NP_001435	0.021141917855841328	0.017615080832588018	0.4573958165652645	0.32764841456249233	0.04893264678178022	0.018322135475211363
FAM49B	NP_001243692.1|NP_001317541.1	NP_001243692.1|NP_001340245.1|NP_001317541.1	NP_001243692.1	NP_001243692	0.460130201273092	0.22678562780629327	0.02272620445457752	0.010046925907185953	0.06117274020502971	0.09584116619191026
FAM49B	NP_001243692.1|NP_001317541.1	NP_001243692.1|NP_001340245.1|NP_001317541.1	NP_001243692.1	NP_001317541	0.460130201273092	0.22678562780629327	0.02272620445457752	0.010046925907185953	0.06117274020502971	0.2522654078105683
FAM49B	NP_001243692.1|NP_001317541.1	NP_001243692.1|NP_001340245.1|NP_001317541.1	NP_001340231.1|NP_001340245.1|NP_001317541.1	NP_001243692	0.460130201273092	0.22678562780629327	0.02272620445457752	0.010046925907185953	0.02929342515233159	0.09584116619191026
FAM49B	NP_001243692.1|NP_001317541.1	NP_001243692.1|NP_001340245.1|NP_001317541.1	NP_001340231.1|NP_001340245.1|NP_001317541.1	NP_001317541	0.460130201273092	0.22678562780629327	0.02272620445457752	0.010046925907185953	0.02929342515233159	0.2522654078105683
FAM91A1	NP_659400.2|NP_001304847.1|NP_001304846.1	NP_659400.2|NP_001304847.1|NP_001304846.1	NP_659400.2|NP_001304847.1|NP_001304846.1	NP_659400	0.9999817420298085	0.8960016924151736	0.6972349766819216	0.5204807090245973	0.9998880689549056	0.09584116619191026
FER1L6	NP_001034201.2	NP_001034201.2	NP_001034201.2		0.020741114330695417			0.010046925907185953	0.02201299332203199	
FZD6	NP_001158087.1|NP_001158088.1|NP_001304725.1	NP_001158087.1|NP_001158088.1|NP_001304725.1	NP_001158087.1|NP_001158088.1|NP_001304725.1	NP_001158087	0.12361746008784559		0.9906294947001758	0.46482565109099533	0.9750505666453254	0.31915840323368094
GEM	NP_859053.1	NP_005252.1	NP_005252.1		0.3106190779364844		0.13146786939181954	0.010912318441202527	0.0815759332071001	
GRHL2	NP_079191.2|NP_001317522.1	NP_079191.2|NP_001317522.1	NP_079191.2|NP_001317522.1	NP_079191	0.9740403436279826	0.017615080832588018	0.5095341480651813	0.023267925209814265	0.8839991699812842	0.6194464877152732
IMPA1	NP_005527.1|NP_001138350.1|NP_001138351.1	NP_005527.1|NP_001138350.1|NP_001138351.1	NP_005527.1|NP_001138350.1|NP_001138351.1	NP_001138350	0.35019556106012817	0.017615080832588018	0.023755359661302898	0.12155655752476957	0.33173800854657304	0.30044429241015597
INTS8	NP_060334.2	NP_060334.2	NP_060334.2	NP_060334	0.021141917855841328	0.02856598838828031	0.013459001095503666	0.010046925907185953	0.0776055111508656	0.014003696621647252
LRRCC1	NP_208325.3	NP_001336565.1|NP_208325.3|NP_001336567.1|NP_001336568.1	NP_001336566.1|NP_208325.3|NP_001336565.1|NP_001336567.1|NP_001336568.1		0.04196293520994907		0.013793409712070097	0.05460814615971518	0.02193127565786002	
MATN2	NP_002371.3|NP_001304677.1	NP_002371.3|NP_001304677.1	NP_002371.3|NP_001304677.1	NP_002371	0.020741114330695417	0.03265408799372263	0.013459001095503666	0.02469674848936813	0.02193127565786002	0.2543749156012002
MATN2	NP_002371.3|NP_001304677.1	NP_002371.3|NP_001304677.1	NP_002371.3|NP_001304677.1	NP_085072	0.020741114330695417	0.03265408799372263	0.013459001095503666	0.02469674848936813	0.02193127565786002	0.2543749156012002
MATN2	NP_002371.3|NP_001304677.1	NP_085072.2	NP_002371.3|NP_001304677.1	NP_002371	0.020741114330695417	0.03265408799372263	0.013459001095503666	0.011717263922441235	0.02193127565786002	0.2543749156012002
MATN2	NP_002371.3|NP_001304677.1	NP_085072.2	NP_002371.3|NP_001304677.1	NP_085072	0.020741114330695417	0.03265408799372263	0.013459001095503666	0.011717263922441235	0.02193127565786002	0.2543749156012002
MED30	NP_542382.1|NP_001269915.1	NP_542382.1|NP_001350111.1|NP_001269915.1	NP_542382.1|NP_001350111.1|NP_001269915.1	NP_542382	0.23643719793646295	0.017615080832588018	0.06634600800002846	0.016387031996051425	0.1679385681803808	0.022335924230450464
MRPL13	NP_054797.2	NP_054797.2	NP_054797.2	NP_054797	0.9561889312227326	0.6907721670806215	0.6343106176585575	0.010046925907185953	0.03740658671054623	0.11384656307086863
MTDH	NP_848927.2	NP_848927.2|NP_001350065.1	NP_848927.2|NP_001350066.1|NP_001350065.1	NP_848927	0.9088259330580261	0.9798183695053161	0.4001068495876284	0.3108838821467556	0.35215743522139153	0.9842317035560106
MTERF3	NP_057026.3|NP_001273572.1	NP_057026.3|NP_001273572.1|NP_001349893.1	NP_057026.3|NP_001349893.1|NP_001273572.1	NP_057026	0.9999817420298085	0.7156391537904209	0.8834095908370442	0.12440854019924602	0.26549530240914554	0.6194464877152732
MTSS1	NP_055566.3|NP_001269903.1|NP_001269900.1	NP_055566.3|NP_001269903.1|NP_001350229.1|NP_001350224.1|NP_001350231.1|NP_001350223.1|NP_001350227.1|NP_001350230.1|NP_001269900.1|NP_001350225.1|NP_001350228.1|NP_001350226.1	NP_001269900.1|NP_001350225.1|NP_001350228.1|NP_055566.3|NP_001269903.1|NP_001350229.1|NP_001350224.1|NP_001350231.1|NP_001350226.1|NP_001350223.1|NP_001350227.1|NP_001350230.1	NP_001269900	0.11296593698623086	0.019645077051265055	0.5541296307878304	0.2831435380799707	0.22255446934168738	0.018322135475211363
NBN	NP_002476.2|NP_001019859.1	NP_002476.2|NP_001019859.1	NP_002476.2|NP_001019859.1	NP_002476	0.17997065083457287	0.6585271648052033	0.013459001095503666	0.24033518102704082	0.9998880689549056	0.9754684187574535
NCALD	NP_114430.2	NP_001035714.1	NP_001035714.1	NP_114430	0.02651378648995922	0.017615080832588018	0.013459001095503666	0.02217858730215621	0.39803208787229005	0.014003696621647252
NDUFAF6	NP_689629.2|NP_001317511.1	NP_689629.2|NP_001341445.1|NP_001317511.1|NP_001341446.1|NP_001341451.1|NP_001341450.1|NP_001341463.1	NP_689629.2|NP_001341445.1|NP_001317511.1|NP_001341446.1|NP_001341451.1|NP_001341450.1|NP_001341463.1	NP_689629	0.9999817420298085	0.14373465478779468	0.5195729262906943	0.1460802462366433	0.7826127849993543	0.6243965453041039
NDUFB9	NP_004996.1|NP_001298097.1|NP_001265575.1|NP_001265574.1	NP_004996.1|NP_001298097.1|NP_001265575.1|NP_001265574.1	NP_004996.1|NP_001298097.1|NP_001265575.1|NP_001265574.1	NP_004996	0.32179137273615027	0.022089734442621363	0.05369872314727714	0.010046925907185953	0.02193127565786002	0.025104401130191818
NSMCE2	NP_775956.1	NP_001336414.1|NP_001336416.1	NP_001336414.1|NP_001336416.1	NP_775956	0.9982381963979231	0.02756994088597773	0.06903220097880745	0.010046925907185953	0.6047356143487322	0.02236133627808991
NUDCD1	NP_116258.2|NP_001121683.1	NP_116258.2|NP_001121683.1	NP_116258.2|NP_001121683.1	NP_116258	0.9999817420298085	0.9937056473103039	0.5716872811864947	0.8205175710427124	0.9998880689549056	0.653905299635839
OTUD6B	NP_057107.3|NP_001273674.1	NP_057107.3|NP_001273674.1	NP_057107.3|NP_001273674.1	NP_057107	0.9999817420298085	0.6260496054608348	0.8834095908370442	0.6713204634425777	0.736542662003488	0.728784896240318
OXR1	NP_001185461.1|NP_001185462.1|NP_060472.2|NP_001185463.1|NP_001185464.1	NP_001185461.1|NP_001185462.1|NP_060472.2|NP_001185463.1|NP_001185464.1	NP_001185461.1|NP_001185462.1|NP_060472.2|NP_001185463.1|NP_001185464.1	NP_001185461	0.9561889312227326	0.4189057532966484	0.1015731405748085	0.12982878935512335	0.2856223422014275	0.12060727988260674
OXR1	NP_001185461.1|NP_001185462.1|NP_060472.2|NP_001185463.1|NP_001185464.1	NP_001185461.1|NP_001185462.1|NP_060472.2|NP_001185463.1|NP_001185464.1	NP_001185461.1|NP_001185462.1|NP_060472.2|NP_001185463.1|NP_001185464.1	NP_851999	0.9561889312227326	0.4189057532966484	0.1015731405748085	0.12982878935512335	0.2856223422014275	0.11384656307086863
OXR1	NP_001185461.1|NP_001185462.1|NP_060472.2|NP_001185463.1|NP_001185464.1	NP_001185461.1|NP_001185462.1|NP_060472.2|NP_001185463.1|NP_001185464.1	NP_851999.2	NP_001185461	0.9561889312227326	0.4189057532966484	0.1015731405748085	0.12982878935512335	0.5544574403826046	0.12060727988260674
OXR1	NP_001185461.1|NP_001185462.1|NP_060472.2|NP_001185463.1|NP_001185464.1	NP_001185461.1|NP_001185462.1|NP_060472.2|NP_001185463.1|NP_001185464.1	NP_851999.2	NP_851999	0.9561889312227326	0.4189057532966484	0.1015731405748085	0.12982878935512335	0.5544574403826046	0.11384656307086863
OXR1	NP_001185461.1|NP_001185462.1|NP_060472.2|NP_001185463.1|NP_001185464.1	NP_851999.2	NP_001185461.1|NP_001185462.1|NP_060472.2|NP_001185463.1|NP_001185464.1	NP_001185461	0.9561889312227326	0.4189057532966484	0.1015731405748085	0.010912318441202527	0.2856223422014275	0.12060727988260674
OXR1	NP_001185461.1|NP_001185462.1|NP_060472.2|NP_001185463.1|NP_001185464.1	NP_851999.2	NP_001185461.1|NP_001185462.1|NP_060472.2|NP_001185463.1|NP_001185464.1	NP_851999	0.9561889312227326	0.4189057532966484	0.1015731405748085	0.010912318441202527	0.2856223422014275	0.11384656307086863
OXR1	NP_001185461.1|NP_001185462.1|NP_060472.2|NP_001185463.1|NP_001185464.1	NP_851999.2	NP_851999.2	NP_001185461	0.9561889312227326	0.4189057532966484	0.1015731405748085	0.010912318441202527	0.5544574403826046	0.12060727988260674
OXR1	NP_001185461.1|NP_001185462.1|NP_060472.2|NP_001185463.1|NP_001185464.1	NP_851999.2	NP_851999.2	NP_851999	0.9561889312227326	0.4189057532966484	0.1015731405748085	0.010912318441202527	0.5544574403826046	0.11384656307086863
OXR1	NP_851999.2	NP_001185461.1|NP_001185462.1|NP_060472.2|NP_001185463.1|NP_001185464.1	NP_001185461.1|NP_001185462.1|NP_060472.2|NP_001185463.1|NP_001185464.1	NP_001185461	0.9648027027343677	0.4189057532966484	0.1015731405748085	0.12982878935512335	0.2856223422014275	0.12060727988260674
OXR1	NP_851999.2	NP_001185461.1|NP_001185462.1|NP_060472.2|NP_001185463.1|NP_001185464.1	NP_001185461.1|NP_001185462.1|NP_060472.2|NP_001185463.1|NP_001185464.1	NP_851999	0.9648027027343677	0.4189057532966484	0.1015731405748085	0.12982878935512335	0.2856223422014275	0.11384656307086863
OXR1	NP_851999.2	NP_001185461.1|NP_001185462.1|NP_060472.2|NP_001185463.1|NP_001185464.1	NP_851999.2	NP_001185461	0.9648027027343677	0.4189057532966484	0.1015731405748085	0.12982878935512335	0.5544574403826046	0.12060727988260674
OXR1	NP_851999.2	NP_001185461.1|NP_001185462.1|NP_060472.2|NP_001185463.1|NP_001185464.1	NP_851999.2	NP_851999	0.9648027027343677	0.4189057532966484	0.1015731405748085	0.12982878935512335	0.5544574403826046	0.11384656307086863
OXR1	NP_851999.2	NP_851999.2	NP_001185461.1|NP_001185462.1|NP_060472.2|NP_001185463.1|NP_001185464.1	NP_001185461	0.9648027027343677	0.4189057532966484	0.1015731405748085	0.010912318441202527	0.2856223422014275	0.12060727988260674
OXR1	NP_851999.2	NP_851999.2	NP_001185461.1|NP_001185462.1|NP_060472.2|NP_001185463.1|NP_001185464.1	NP_851999	0.9648027027343677	0.4189057532966484	0.1015731405748085	0.010912318441202527	0.2856223422014275	0.11384656307086863
OXR1	NP_851999.2	NP_851999.2	NP_851999.2	NP_001185461	0.9648027027343677	0.4189057532966484	0.1015731405748085	0.010912318441202527	0.5544574403826046	0.12060727988260674
OXR1	NP_851999.2	NP_851999.2	NP_851999.2	NP_851999	0.9648027027343677	0.4189057532966484	0.1015731405748085	0.010912318441202527	0.5544574403826046	0.11384656307086863
PABPC1	NP_002559.2	NP_002559.2	NP_002559.2	NP_002559	0.9561889312227326	0.03265408799372263	0.46156521056525535	0.06480452432117188	0.3954624344933284	0.7410630965992244
PAG1	NP_060910.3	NP_060910.3	NP_060910.3	NP_060910	0.10308582998744878	0.049287567550596344	0.02675569166071432	0.025234260509648547	0.14158086877323575	0.024126858411649833
PDP1	NP_001155252.1|NP_060914.2	NP_001155251.1|NP_001155253.1	NP_001155251.1|NP_001155253.1	NP_001155252	0.2593002872093473	0.9562978366278564	0.14692055077323204	0.04164051451416305	0.1113160508093252	0.12949801567427124
PLEKHF2	NP_078889.1	NP_078889.1	NP_078889.1	NP_078889	0.10308582998744878	0.10451011306960714	0.7470901255398743	0.05226133568369655	0.4512166478499099	0.4697898132939601
PMP2	NP_002668.1	NP_002668.1|NP_001335310.1	NP_002668.1		0.023456087824720646		0.013459001095503666	0.08865570056973728	0.02193127565786002	
POLR2K	NP_005025.1	NP_005025.1	NP_005025.1	NP_005025	0.3758667751180417	0.052996275311319244	0.149264489098679	0.03310663597392984	0.35436564638881146	0.06644496943740276
POP1	NP_001139332.1	NP_001139332.1	NP_001139332.1	NP_001139332	0.9561889312227326	0.2441071303762844	0.7470901255398743	0.3347620693740168	0.9204457288670805	0.993340396031578
PTDSS1	NP_055569.1|NP_001277154.1	NP_055569.1|NP_001277154.1	NP_055569.1|NP_001277154.1	NP_055569	0.10308582998744878	0.568177169048443	0.3065127221387369	0.010046925907185953	0.9998880689549056	0.8230048266844845
RAD21	NP_006256.1|NP_001130038.2	NP_006256.1		NP_006256	0.9999817420298085	0.6169648014730184	0.013459001095503666	0.023267925209814265		0.018102385787981005
RAD54B	NP_036547.1|NP_001192192.1|NP_001192191.1	NP_036547.1|NP_001192192.1|NP_001192191.1		NP_036547	0.14906497941270694		0.038781061566833266	0.010046925907185953		0.028274271124419548
RALYL	NP_001093862.1|NP_001274172.1|NP_001093861.1|NP_001274173.1	NP_001093861.1|NP_001341250.1|NP_001093862.1|NP_001341243.1|NP_001274172.1|NP_001341252.1|NP_001341251.1|NP_001341240.1|NP_001274173.1|NP_001341239.1	NP_001093861.1|NP_001341250.1|NP_001093862.1|NP_001341243.1|NP_001274172.1|NP_001341252.1|NP_001341251.1|NP_001341240.1|NP_001274173.1|NP_001341239.1	NP_001093861	0.11842838880017253	0.8670488344383206		0.051534556706571526	0.06872214798270088	0.014003696621647252
RBM12B	NP_976324.2	NP_976324.2	NP_976324.2	NP_976324	0.7576763462494724	0.7015645620015569	0.12213938239425931	0.038974667034733936	0.9998880689549056	0.30044429241015597
RGS22	NP_056483.3|NP_001273621.1|NP_001273622.1	NP_056483.3|NP_001273621.1|NP_001273622.1	NP_056483.3|NP_001273621.1|NP_001273622.1		0.03122159046213263			0.010912318441202527	0.12577679431258587	
RIDA	NP_005827.1	NP_005827.1	NP_005827.1	NP_005827	0.9999817420298085	0.9999853555585676	0.33772746956673355	0.614404744325073	0.8247745456401067	0.8154332313793634
RIPK2	NP_003812.1	NP_003812.1	NP_003812.1	NP_003812	0.9740403436279826	0.03265408799372263	0.03728400858063609	0.013402834371557124	0.08752937019356156	0.11384656307086863
RMDN1	NP_057117.2|NP_001273648.1|NP_001273636.1|NP_001304736.1	NP_057117.2|NP_001273648.1|NP_001304736.1|NP_001273636.1	NP_057117.2|NP_001273648.1|NP_001304736.1|NP_001273636.1	NP_057117	0.6306253235168565	0.425567745921694	0.968132194651565	0.7265624591505964	0.694250118796667	0.5948379317171992
RNF139	NP_009149.2	NP_009149.2	NP_009149.2	NP_009149	0.020741114330695417		0.038781061566833266	0.06480452432117188	0.5956200179846382	0.38264785969583737
RPL30	NP_000980.1	NP_000980.1	NP_000980.1	NP_000980	0.08979563573030681	0.022089734442621363	0.02272620445457752	0.01839410980338453	0.03141381678413362	0.017587157614559448
RRM2B	NP_056528.2|NP_001165948.1|NP_001165949.1	NP_056528.2|NP_001165948.1|NP_001165949.1	NP_056528.2|NP_001165948.1|NP_001165949.1	NP_001165948	0.5206741597305957	0.06467234136151975	0.013459001095503666	0.012769615461243706	0.0776055111508656	0.23436227885914382
SAMD12	NP_001095146.1|NP_997389.2	NP_997389.2|NP_001095146.1|NP_001350203.1|NP_001336740.1	NP_997389.2|NP_001350203.1	NP_001095146	0.06771599249804187		0.19529523254811657	0.010620918227229294	0.5608686938009319	0.10197990408390695
SDC2	NP_002989.2	NP_002989.2	NP_002989.2	NP_002989	0.02636897552626741	0.057319890417302635	0.04990036477137128	0.1835715409384969	0.2827097798562451	0.08969857084760537
SLC25A32	NP_110407.2	NP_110407.2	NP_110407.2	NP_110407	0.32179137273615027	0.017615080832588018	0.8834095908370442	0.12886924264967242	0.7644252530109429	0.42635283510932703
SNTB1	NP_066301.1	NP_066301.1	NP_066301.1	NP_066301	0.021141917855841328	0.037917557316721286	0.05827027045886882	0.010046925907185953	0.4512166478499099	0.08316061241801291
SNX16	NP_071416.2|NP_690050.1	NP_071416.2|NP_690050.1|NP_001335118.1	NP_071416.2|NP_690050.1|NP_001335118.1	NP_071416	0.0920150111033336	0.10891010769368985	0.23151031210397968	0.38584544781477376	0.1679385681803808	0.02236133627808991
SPAG1	NP_003105.2	NP_003105.2	NP_003105.2	NP_003105	0.43240432426915776	0.7964041464971992	0.8929244228301093	0.16844204059251525	0.736542662003488	0.2561287699942255
SQLE	NP_003120.2	NP_003120.2	NP_003120.2	NP_003120	0.9561889312227326	0.48447890226680396	0.5267526238489562	0.3352950252335444	0.694250118796667	0.19564461455887613
STK3	NP_006272.2|NP_001243241.1|NP_001243242.1	NP_006272.2|NP_001243241.1|NP_001243242.1	NP_006272.2|NP_001243241.1|NP_001243242.1	NP_001243241	0.9999817420298085	0.5311207172550092	0.7638722941638166	0.8637569097878608	0.8015892194273334	0.9314657138817733
SYBU	NP_001093222.1|NP_060256.3|NP_001093226.1|NP_001093225.1|NP_001317525.1	NP_001093214.1|NP_001093213.1|NP_001093226.1|NP_001093216.1|NP_001317525.1|NP_001349961.1	NP_001093226.1|NP_001093214.1|NP_001093213.1|NP_001093216.1|NP_001317525.1|NP_001349961.1	NP_001093222	0.023456087824720646	0.5813920667941312	0.06903220097880745	0.01839410980338453	0.02193127565786002	0.0901299224745737
TAF2	NP_003175.1	NP_003175.1	NP_003175.1	NP_003175	0.9648027027343677		0.5195729262906943	0.05290128909757606	0.9998880689549056	0.06708584228737473
TATDN1	NP_001304818.1|NP_114415.1|NP_001304819.1|NP_001304820.1	NP_001304818.1|NP_114415.1|NP_001139632.1|NP_001304819.1|NP_001304820.1	NP_001304818.1|NP_114415.1|NP_001139632.1|NP_001304819.1|NP_001304820.1	NP_001304820	0.9999817420298085	0.11285624484421644	0.9376454906660353	0.38590930282003383	0.9998880689549056	0.30044429241015597
TATDN1	NP_001304818.1|NP_114415.1|NP_001304819.1|NP_001304820.1	NP_001304818.1|NP_114415.1|NP_001139632.1|NP_001304819.1|NP_001304820.1	NP_001304818.1|NP_114415.1|NP_001139632.1|NP_001304819.1|NP_001304820.1	NP_114415	0.9999817420298085	0.11285624484421644	0.9376454906660353	0.38590930282003383	0.9998880689549056	0.4641856966951094
TBC1D31	NP_663622.2|NP_001138560.1|NP_001317535.1	NP_663622.2|NP_001350078.1|NP_001350079.1|NP_001350077.1|NP_001317535.1|NP_001138560.1|NP_001350081.1|NP_001350084.1|NP_001350083.1|NP_001350080.1|NP_001350082.1|NP_001350085.1	NP_663622.2|NP_001350078.1|NP_001350077.1|NP_001350079.1|NP_001138560.1|NP_001317535.1|NP_001350084.1|NP_001350082.1|NP_001350080.1|NP_001350081.1|NP_001350083.1|NP_001350085.1		0.021141917855841328		0.013459001095503666	0.010912318441202527	0.02193127565786002	
TMEM65	NP_919267.2	NP_919267.2	NP_919267.2	NP_919267	0.6306253235168565	0.6907721670806215	0.06634600800002846	0.3100223047313973	0.9303588821404817	0.8756116700431481
TRPS1	NP_054831.2|NP_001269832.1|NP_001269831.1|NP_001317528.1	NP_001269831.1|NP_054831.2|NP_001269832.1|NP_001317528.1	NP_054831.2|NP_001269832.1|NP_001269831.1|NP_001317528.1	NP_001269831	0.5555951465135739		0.013793409712070097	0.18435401981339392	0.11222387718943483	0.10197990408390695
TSPYL5	NP_277047.2	NP_277047.2	NP_277047.2	NP_277047	0.2792015341501276		0.024961970887997897	0.010046925907185953	0.22255446934168738	0.11831280572991146
UBR5	NP_056986.2|NP_001269802.1	NP_056986.2|NP_001269802.1	NP_056986.2|NP_001269802.1	NP_001269802	0.9999817420298085	0.09437658824503663	0.17074734462379076	0.010620918227229294	0.9998880689549056	0.03219387158520815
UQCRB	NP_006285.1|NP_001186904.1|NP_001241681.1	NP_006285.1|NP_001241681.1|NP_001186904.1	NP_006285.1|NP_001241681.1|NP_001186904.1	NP_006285	0.460130201273092	0.48447890226680396	0.013459001095503666	0.051534556706571526	0.28799530099186904	0.050857559506582876
UTP23	NP_115710.2	NP_115710.2	NP_115710.2	NP_115710	0.9999817420298085	0.7156391537904209	0.5716872811864947	0.05290128909757606	0.9750505666453254	0.029975158064756854
VPS13B	NP_060360.3|NP_689777.3|NP_056058.2|NP_858047.2	NP_060360.3|NP_689777.3|NP_056058.2|NP_858047.2	NP_060360.3|NP_689777.3|NP_056058.2|NP_858047.2	NP_060360	0.06771599249804187		0.46640336674192706	0.5402257311716573	0.4527927281078747	0.043144866164259374
WDYHV1	NP_060494.1|NP_001269953.1|NP_001269956.1	NP_060494.1|NP_001269953.1|NP_001269956.1	NP_060494.1|NP_001269953.1|NP_001269956.1	NP_001269953	0.3758667751180417		0.03914362052674566	0.618215260644941	0.0776055111508656	0.025104401130191818
WWP1	NP_008944.1	NP_008944.1	NP_008944.1		0.16681763797323046	0.05738519283128952	0.024961970887997897	0.3011500779025747	0.1679385681803808	
YWHAZ	NP_001129173.1	NP_001129171.1	NP_001129171.1	NP_001129173	0.9999817420298085	0.9999853555585676	0.806028426387858	0.6713204634425777	0.8991149216362617	0.995138033468377
ZFAND1	NP_078975.2|NP_001164267.1|NP_001164268.1	NP_078975.2|NP_001164267.1|NP_001164268.1	NP_078975.2|NP_001164267.1|NP_001164268.1	NP_078975	0.35019556106012817	0.022089734442621363	0.031436319829680405	0.6517685197394636	0.5608686938009319	0.8230048266844845
ZHX1	NP_009153.3	NP_001017926.1	NP_001017926.1	NP_009153	0.3049666322260809		0.06634600800002846	0.6059267494193921	0.9800792884962751	0.08969857084760537
ZHX2	NP_055758.1	NP_001349726.1	NP_001349726.1	NP_055758	0.17997065083457287	0.07291319233494192	0.09979603548121763	0.03505354465905681	0.28410414830128394	0.028274271124419548
ZNF706	NP_001035975.1	NP_001035975.1	NP_001035975.1	NP_001035975	0.9999817420298085	0.6633889830994103	0.6343106176585575	0.0895638635865089	0.02193127565786002	0.7410630965992244
