	Name	Database_ID	start_bp	end_bp	variable	value	cancer
0	OR4F21	unknown	166049.0	167043.0	gain	161	BRCA
1	OR4F21	unknown	166049.0	167043.0	loss	551	BRCA
2	RPL23AP53	unknown	213186.0	232231.0	gain	161	BRCA
3	RPL23AP53	unknown	213186.0	232231.0	loss	551	BRCA
4	ZNF596	unknown	232137.0	264703.0	gain	161	BRCA
5	ZNF596	unknown	232137.0	264703.0	loss	551	BRCA
6	FBXO25	unknown	406428.0	477967.0	gain	161	BRCA
7	FBXO25	unknown	406428.0	477967.0	loss	551	BRCA
8	TDRP	unknown	489792.0	545781.0	gain	161	BRCA
9	TDRP	unknown	489792.0	545781.0	loss	551	BRCA
10	ERICH1	unknown	614746.0	738106.0	gain	160	BRCA
11	ERICH1	unknown	614746.0	738106.0	loss	552	BRCA
12	DLGAP2	unknown	737596.0	1708474.0	gain	160	BRCA
13	DLGAP2	unknown	737596.0	1708474.0	loss	554	BRCA
14	CLN8	unknown	1755778.0	1801711.0	gain	159	BRCA
15	CLN8	unknown	1755778.0	1801711.0	loss	553	BRCA
16	MIR596	unknown	1817231.0	1817307.0	gain	159	BRCA
17	MIR596	unknown	1817231.0	1817307.0	loss	553	BRCA
18	ARHGEF10	unknown	1823926.0	1958641.0	gain	159	BRCA
19	ARHGEF10	unknown	1823926.0	1958641.0	loss	553	BRCA
20	KBTBD11	unknown	1973677.0	2006936.0	gain	159	BRCA
21	KBTBD11	unknown	1973677.0	2006936.0	loss	553	BRCA
22	MYOM2	unknown	2045046.0	2165552.0	gain	158	BRCA
23	MYOM2	unknown	2045046.0	2165552.0	loss	554	BRCA
24	CSMD1	unknown	2935353.0	4994972.0	gain	158	BRCA
25	CSMD1	unknown	2935353.0	4994972.0	loss	570	BRCA
26	RNA5SP251	unknown	3700492.0	3700628.0	gain	152	BRCA
27	RNA5SP251	unknown	3700492.0	3700628.0	loss	560	BRCA
28	RN7SL318P	unknown	5142411.0	5142707.0	gain	152	BRCA
29	RN7SL318P	unknown	5142411.0	5142707.0	loss	565	BRCA
30	RN7SKP159	unknown	5910945.0	5911236.0	gain	152	BRCA
31	RN7SKP159	unknown	5910945.0	5911236.0	loss	565	BRCA
32	MCPH1	unknown	6406596.0	6648508.0	gain	151	BRCA
33	MCPH1	unknown	6406596.0	6648508.0	loss	566	BRCA
34	ANGPT2	unknown	6499651.0	6563409.0	gain	149	BRCA
35	ANGPT2	unknown	6499651.0	6563409.0	loss	566	BRCA
36	AGPAT5	unknown	6708642.0	6761503.0	gain	150	BRCA
37	AGPAT5	unknown	6708642.0	6761503.0	loss	565	BRCA
38	MIR4659A	unknown	6745164.0	6745244.0	gain	150	BRCA
39	MIR4659A	unknown	6745164.0	6745244.0	loss	565	BRCA
40	XKR5	unknown	6808517.0	6835524.0	gain	149	BRCA
41	XKR5	unknown	6808517.0	6835524.0	loss	564	BRCA
42	DEFB1	unknown	6870592.0	6877936.0	gain	149	BRCA
43	DEFB1	unknown	6870592.0	6877936.0	loss	564	BRCA
44	DEFA6	unknown	6924697.0	6926076.0	gain	149	BRCA
45	DEFA6	unknown	6924697.0	6926076.0	loss	564	BRCA
46	DEFA4	unknown	6935820.0	6938306.0	gain	149	BRCA
47	DEFA4	unknown	6935820.0	6938306.0	loss	565	BRCA
48	DEFA1	unknown	6977649.0	6980080.0	gain	151	BRCA
49	DEFA1	unknown	6977649.0	6980080.0	loss	567	BRCA
50	DEFA1B	unknown	6996766.0	6999195.0	gain	151	BRCA
51	DEFA1B	unknown	6996766.0	6999195.0	loss	567	BRCA
52	DEFA3	unknown	7015869.0	7018297.0	gain	151	BRCA
53	DEFA3	unknown	7015869.0	7018297.0	loss	567	BRCA
54	DEFA5	unknown	7055304.0	7056739.0	gain	151	BRCA
55	DEFA5	unknown	7055304.0	7056739.0	loss	567	BRCA
56	FAM66B	unknown	7298744.0	7355359.0	gain	151	BRCA
57	FAM66B	unknown	7298744.0	7355359.0	loss	567	BRCA
58	ZNF705G	unknown	7355517.0	7385558.0	gain	151	BRCA
59	ZNF705G	unknown	7355517.0	7385558.0	loss	567	BRCA
60	DEFB4B	unknown	7414855.0	7416863.0	gain	151	BRCA
61	DEFB4B	unknown	7414855.0	7416863.0	loss	567	BRCA
62	DEFB103B	unknown	7428888.0	7430348.0	gain	151	BRCA
63	DEFB103B	unknown	7428888.0	7430348.0	loss	567	BRCA
64	SPAG11B	unknown	7442684.0	7463674.0	gain	151	BRCA
65	SPAG11B	unknown	7442684.0	7463674.0	loss	567	BRCA
66	DEFB104B	unknown	7470308.0	7475082.0	gain	151	BRCA
67	DEFB104B	unknown	7470308.0	7475082.0	loss	567	BRCA
68	DEFB106B	unknown	7482504.0	7486400.0	gain	151	BRCA
69	DEFB106B	unknown	7482504.0	7486400.0	loss	567	BRCA
70	DEFB105B	unknown	7487679.0	7489593.0	gain	151	BRCA
71	DEFB105B	unknown	7487679.0	7489593.0	loss	567	BRCA
72	DEFB107B	unknown	7495911.0	7509311.0	gain	151	BRCA
73	DEFB107B	unknown	7495911.0	7509311.0	loss	567	BRCA
74	DEFB107A	unknown	7811720.0	7815716.0	gain	151	BRCA
75	DEFB107A	unknown	7811720.0	7815716.0	loss	567	BRCA
76	DEFB105A	unknown	7821966.0	7823889.0	gain	151	BRCA
77	DEFB105A	unknown	7821966.0	7823889.0	loss	567	BRCA
78	DEFB106A	unknown	7825139.0	7829053.0	gain	151	BRCA
79	DEFB106A	unknown	7825139.0	7829053.0	loss	567	BRCA
80	DEFB104A	unknown	7836436.0	7841242.0	gain	151	BRCA
81	DEFB104A	unknown	7836436.0	7841242.0	loss	567	BRCA
82	SPAG11A	unknown	7847876.0	7868867.0	gain	151	BRCA
83	SPAG11A	unknown	7847876.0	7868867.0	loss	567	BRCA
84	DEFB103A	unknown	7881392.0	7882663.0	gain	151	BRCA
85	DEFB103A	unknown	7881392.0	7882663.0	loss	567	BRCA
86	DEFB4A	unknown	7894677.0	7896716.0	gain	151	BRCA
87	DEFB4A	unknown	7894677.0	7896716.0	loss	567	BRCA
88	ZNF705B	unknown	7926337.0	7952413.0	gain	151	BRCA
89	ZNF705B	unknown	7926337.0	7952413.0	loss	567	BRCA
90	FAM66E	unknown	7955014.0	8008755.0	gain	151	BRCA
91	FAM66E	unknown	7955014.0	8008755.0	loss	567	BRCA
92	FAM90A24P	unknown	8019429.0	8024652.0	gain	151	BRCA
93	FAM90A24P	unknown	8019429.0	8024652.0	loss	567	BRCA
94	MIR548I3	unknown	8088941.0	8089089.0	gain	151	BRCA
95	MIR548I3	unknown	8088941.0	8089089.0	loss	567	BRCA
96	FAM85B	unknown	8167819.0	8226614.0	gain	151	BRCA
97	FAM85B	unknown	8167819.0	8226614.0	loss	567	BRCA
98	FAM86B3P	unknown	8228595.0	8244865.0	gain	151	BRCA
99	FAM86B3P	unknown	8228595.0	8244865.0	loss	567	BRCA
100	ALG1L13P	unknown	8236003.0	8244667.0	gain	151	BRCA
101	ALG1L13P	unknown	8236003.0	8244667.0	loss	567	BRCA
102	RN7SL178P	unknown	8582352.0	8582655.0	gain	148	BRCA
103	RN7SL178P	unknown	8582352.0	8582655.0	loss	561	BRCA
104	CLDN23	unknown	8701937.0	8704096.0	gain	151	BRCA
105	CLDN23	unknown	8701937.0	8704096.0	loss	559	BRCA
106	MFHAS1	unknown	8783354.0	8893630.0	gain	150	BRCA
107	MFHAS1	unknown	8783354.0	8893630.0	loss	560	BRCA
108	ERI1	unknown	9002147.0	9116746.0	gain	150	BRCA
109	ERI1	unknown	9002147.0	9116746.0	loss	562	BRCA
110	MIR4660	unknown	9048445.0	9048518.0	gain	151	BRCA
111	MIR4660	unknown	9048445.0	9048518.0	loss	561	BRCA
112	PPP1R3B	unknown	9136255.0	9151574.0	gain	150	BRCA
113	PPP1R3B	unknown	9136255.0	9151574.0	loss	562	BRCA
114	TNKS	unknown	9555912.0	9782346.0	gain	151	BRCA
115	TNKS	unknown	9555912.0	9782346.0	loss	562	BRCA
116	MIR597	unknown	9741672.0	9741768.0	gain	151	BRCA
117	MIR597	unknown	9741672.0	9741768.0	loss	561	BRCA
118	LINC00599	unknown	9899871.0	9906678.0	gain	151	BRCA
119	LINC00599	unknown	9899871.0	9906678.0	loss	562	BRCA
120	MSRA	unknown	10054292.0	10428891.0	gain	152	BRCA
121	MSRA	unknown	10054292.0	10428891.0	loss	562	BRCA
122	PRSS51	unknown	10482878.0	10547585.0	gain	153	BRCA
123	PRSS51	unknown	10482878.0	10547585.0	loss	561	BRCA
124	PRSS55	unknown	10525532.0	10554166.0	gain	152	BRCA
125	PRSS55	unknown	10525532.0	10554166.0	loss	560	BRCA
126	RP1L1	unknown	10606349.0	10712187.0	gain	151	BRCA
127	RP1L1	unknown	10606349.0	10712187.0	loss	561	BRCA
128	MIR4286	unknown	10666978.0	10667070.0	gain	152	BRCA
129	MIR4286	unknown	10666978.0	10667070.0	loss	560	BRCA
130	C8orf74	unknown	10672628.0	10700590.0	gain	151	BRCA
131	C8orf74	unknown	10672628.0	10700590.0	loss	561	BRCA
132	RNA5SP252	unknown	10686569.0	10686687.0	gain	151	BRCA
133	RNA5SP252	unknown	10686569.0	10686687.0	loss	561	BRCA
134	SOX7	unknown	10723768.0	10730511.0	gain	151	BRCA
135	SOX7	unknown	10723768.0	10730511.0	loss	561	BRCA
136	PINX1	unknown	10725399.0	10839847.0	gain	152	BRCA
137	PINX1	unknown	10725399.0	10839847.0	loss	560	BRCA
138	XKR6	unknown	10896045.0	11201833.0	gain	152	BRCA
139	XKR6	unknown	10896045.0	11201833.0	loss	561	BRCA
140	MIR598	unknown	11035206.0	11035302.0	gain	149	BRCA
141	MIR598	unknown	11035206.0	11035302.0	loss	561	BRCA
142	LINC00529	unknown	11247626.0	11267865.0	gain	148	BRCA
143	LINC00529	unknown	11247626.0	11267865.0	loss	563	BRCA
144	MTMR9	unknown	11284816.0	11328146.0	gain	148	BRCA
145	MTMR9	unknown	11284816.0	11328146.0	loss	562	BRCA
146	SLC35G5	unknown	11330888.0	11332208.0	gain	149	BRCA
147	SLC35G5	unknown	11330888.0	11332208.0	loss	560	BRCA
148	TDH	unknown	11339637.0	11368452.0	gain	148	BRCA
149	TDH	unknown	11339637.0	11368452.0	loss	562	BRCA
150	RN7SL293P	unknown	11379395.0	11379675.0	gain	148	BRCA
151	RN7SL293P	unknown	11379395.0	11379675.0	loss	563	BRCA
152	FAM167A	unknown	11421476.0	11475908.0	gain	149	BRCA
153	FAM167A	unknown	11421476.0	11475908.0	loss	562	BRCA
154	BLK	unknown	11486894.0	11564599.0	gain	148	BRCA
155	BLK	unknown	11486894.0	11564599.0	loss	564	BRCA
156	LINC00208	unknown	11576257.0	11582817.0	gain	148	BRCA
157	LINC00208	unknown	11576257.0	11582817.0	loss	564	BRCA
158	GATA4	unknown	11676959.0	11760002.0	gain	149	BRCA
159	GATA4	unknown	11676959.0	11760002.0	loss	564	BRCA
160	C8orf49	unknown	11761256.0	11763223.0	gain	149	BRCA
161	C8orf49	unknown	11761256.0	11763223.0	loss	563	BRCA
162	NEIL2	unknown	11769639.0	11787345.0	gain	148	BRCA
163	NEIL2	unknown	11769639.0	11787345.0	loss	564	BRCA
164	FDFT1	unknown	11795573.0	11839304.0	gain	147	BRCA
165	FDFT1	unknown	11795573.0	11839304.0	loss	568	BRCA
166	CTSB	unknown	11842524.0	11869448.0	gain	147	BRCA
167	CTSB	unknown	11842524.0	11869448.0	loss	568	BRCA
168	DEFB136	unknown	11973937.0	11974599.0	gain	147	BRCA
169	DEFB136	unknown	11973937.0	11974599.0	loss	568	BRCA
170	DEFB135	unknown	11982321.0	11984590.0	gain	147	BRCA
171	DEFB135	unknown	11982321.0	11984590.0	loss	568	BRCA
172	DEFB134	unknown	11993174.0	11996312.0	gain	147	BRCA
173	DEFB134	unknown	11993174.0	11996312.0	loss	568	BRCA
174	RNA5SP253	unknown	12087396.0	12087445.0	gain	147	BRCA
175	RNA5SP253	unknown	12087396.0	12087445.0	loss	568	BRCA
176	ZNF705D	unknown	12104389.0	12115516.0	gain	147	BRCA
177	ZNF705D	unknown	12104389.0	12115516.0	loss	568	BRCA
178	FAM66D	unknown	12115767.0	12177550.0	gain	147	BRCA
179	FAM66D	unknown	12115767.0	12177550.0	loss	568	BRCA
180	USP17L2	unknown	12137168.0	12139077.0	gain	147	BRCA
181	USP17L2	unknown	12137168.0	12139077.0	loss	568	BRCA
182	FAM86B1	unknown	12182096.0	12194133.0	gain	147	BRCA
183	FAM86B1	unknown	12182096.0	12194133.0	loss	568	BRCA
184	RNA5SP254	unknown	12333644.0	12333693.0	gain	147	BRCA
185	RNA5SP254	unknown	12333644.0	12333693.0	loss	568	BRCA
186	FAM66A	unknown	12362019.0	12388296.0	gain	147	BRCA
187	FAM66A	unknown	12362019.0	12388296.0	loss	568	BRCA
188	FAM86B2	unknown	12425614.0	12436343.0	gain	147	BRCA
189	FAM86B2	unknown	12425614.0	12436343.0	loss	568	BRCA
190	MIR5692A2	unknown	12719132.0	12719190.0	gain	150	BRCA
191	MIR5692A2	unknown	12719132.0	12719190.0	loss	561	BRCA
192	LONRF1	unknown	12721906.0	12756073.0	gain	150	BRCA
193	LONRF1	unknown	12721906.0	12756073.0	loss	562	BRCA
194	LINC00681	unknown	12794243.0	12818291.0	gain	150	BRCA
195	LINC00681	unknown	12794243.0	12818291.0	loss	562	BRCA
196	DLC1	unknown	13083361.0	13604610.0	gain	155	BRCA
197	DLC1	unknown	13083361.0	13604610.0	loss	558	BRCA
198	RNA5SP255	unknown	13536029.0	13536135.0	gain	156	BRCA
199	RNA5SP255	unknown	13536029.0	13536135.0	loss	556	BRCA
200	C8orf48	unknown	13566869.0	13568288.0	gain	155	BRCA
201	C8orf48	unknown	13566869.0	13568288.0	loss	557	BRCA
202	SGCZ	unknown	14084845.0	15238431.0	gain	153	BRCA
203	SGCZ	unknown	14084845.0	15238431.0	loss	567	BRCA
204	MIR383	unknown	14853438.0	14853510.0	gain	148	BRCA
205	MIR383	unknown	14853438.0	14853510.0	loss	569	BRCA
206	TUSC3	unknown	15417215.0	15766649.0	gain	152	BRCA
207	TUSC3	unknown	15417215.0	15766649.0	loss	565	BRCA
208	MSR1	unknown	16107878.0	16567490.0	gain	150	BRCA
209	MSR1	unknown	16107878.0	16567490.0	loss	571	BRCA
210	RN7SL474P	unknown	16863196.0	16863496.0	gain	150	BRCA
211	RN7SL474P	unknown	16863196.0	16863496.0	loss	566	BRCA
212	FGF20	unknown	16992181.0	17002345.0	gain	149	BRCA
213	FGF20	unknown	16992181.0	17002345.0	loss	566	BRCA
214	MICU3	unknown	17027238.0	17122642.0	gain	149	BRCA
215	MICU3	unknown	17027238.0	17122642.0	loss	570	BRCA
216	ZDHHC2	unknown	17156482.0	17224799.0	gain	147	BRCA
217	ZDHHC2	unknown	17156482.0	17224799.0	loss	572	BRCA
218	CNOT7	unknown	17224966.0	17246878.0	gain	148	BRCA
219	CNOT7	unknown	17224966.0	17246878.0	loss	570	BRCA
220	VPS37A	unknown	17246931.0	17302427.0	gain	152	BRCA
221	VPS37A	unknown	17246931.0	17302427.0	loss	568	BRCA
222	MTMR7	unknown	17296794.0	17413528.0	gain	152	BRCA
223	MTMR7	unknown	17296794.0	17413528.0	loss	568	BRCA
224	SLC7A2	unknown	17497088.0	17570573.0	gain	152	BRCA
225	SLC7A2	unknown	17497088.0	17570573.0	loss	567	BRCA
226	PDGFRL	unknown	17576433.0	17644071.0	gain	152	BRCA
227	PDGFRL	unknown	17576433.0	17644071.0	loss	566	BRCA
228	MTUS1	unknown	17643795.0	17800917.0	gain	155	BRCA
229	MTUS1	unknown	17643795.0	17800917.0	loss	565	BRCA
230	MIR548V	unknown	17681578.0	17681657.0	gain	154	BRCA
231	MIR548V	unknown	17681578.0	17681657.0	loss	563	BRCA
232	RNA5SP256	unknown	17748118.0	17748230.0	gain	154	BRCA
233	RNA5SP256	unknown	17748118.0	17748230.0	loss	560	BRCA
234	FGL1	unknown	17864380.0	17910365.0	gain	154	BRCA
235	FGL1	unknown	17864380.0	17910365.0	loss	564	BRCA
236	PCM1	unknown	17922840.0	18029944.0	gain	154	BRCA
237	PCM1	unknown	17922840.0	18029944.0	loss	567	BRCA
238	ASAH1	unknown	18055992.0	18084998.0	gain	155	BRCA
239	ASAH1	unknown	18055992.0	18084998.0	loss	563	BRCA
240	NAT1	unknown	18170477.0	18223689.0	gain	156	BRCA
241	NAT1	unknown	18170477.0	18223689.0	loss	563	BRCA
242	NAT2	unknown	18391282.0	18401218.0	gain	158	BRCA
243	NAT2	unknown	18391282.0	18401218.0	loss	562	BRCA
244	PSD3	unknown	18527303.0	19084730.0	gain	152	BRCA
245	PSD3	unknown	18527303.0	19084730.0	loss	567	BRCA
246	SH2D4A	unknown	19313693.0	19396218.0	gain	152	BRCA
247	SH2D4A	unknown	19313693.0	19396218.0	loss	565	BRCA
248	CSGALNACT1	unknown	19404161.0	19758029.0	gain	148	BRCA
249	CSGALNACT1	unknown	19404161.0	19758029.0	loss	570	BRCA
250	INTS10	unknown	19817391.0	19852083.0	gain	147	BRCA
251	INTS10	unknown	19817391.0	19852083.0	loss	569	BRCA
252	LPL	unknown	19901717.0	19967259.0	gain	146	BRCA
253	LPL	unknown	19901717.0	19967259.0	loss	572	BRCA
254	SLC18A1	unknown	20144855.0	20183206.0	gain	146	BRCA
255	SLC18A1	unknown	20144855.0	20183206.0	loss	575	BRCA
256	ATP6V1B2	unknown	20197381.0	20226819.0	gain	146	BRCA
257	ATP6V1B2	unknown	20197381.0	20226819.0	loss	575	BRCA
258	LZTS1	unknown	20246165.0	20303963.0	gain	145	BRCA
259	LZTS1	unknown	20246165.0	20303963.0	loss	576	BRCA
260	GFRA2	unknown	21690398.0	21812357.0	gain	148	BRCA
261	GFRA2	unknown	21690398.0	21812357.0	loss	577	BRCA
262	DOK2	unknown	21908873.0	21913690.0	gain	148	BRCA
263	DOK2	unknown	21908873.0	21913690.0	loss	576	BRCA
264	XPO7	unknown	21919662.0	22006585.0	gain	147	BRCA
265	XPO7	unknown	21919662.0	22006585.0	loss	577	BRCA
266	NPM2	unknown	22024125.0	22036897.0	gain	146	BRCA
267	NPM2	unknown	22024125.0	22036897.0	loss	578	BRCA
268	FGF17	unknown	22042398.0	22048809.0	gain	147	BRCA
269	FGF17	unknown	22042398.0	22048809.0	loss	579	BRCA
270	DMTN	unknown	22048995.0	22082527.0	gain	147	BRCA
271	DMTN	unknown	22048995.0	22082527.0	loss	580	BRCA
272	FAM160B2	unknown	22089150.0	22104911.0	gain	148	BRCA
273	FAM160B2	unknown	22089150.0	22104911.0	loss	579	BRCA
274	NUDT18	unknown	22106874.0	22109419.0	gain	148	BRCA
275	NUDT18	unknown	22106874.0	22109419.0	loss	579	BRCA
276	HR	unknown	22114419.0	22133384.0	gain	147	BRCA
277	HR	unknown	22114419.0	22133384.0	loss	580	BRCA
278	REEP4	unknown	22138020.0	22141951.0	gain	147	BRCA
279	REEP4	unknown	22138020.0	22141951.0	loss	580	BRCA
280	LGI3	unknown	22146830.0	22157084.0	gain	148	BRCA
281	LGI3	unknown	22146830.0	22157084.0	loss	579	BRCA
282	SFTPC	unknown	22156913.0	22164479.0	gain	148	BRCA
283	SFTPC	unknown	22156913.0	22164479.0	loss	580	BRCA
284	BMP1	unknown	22165140.0	22212326.0	gain	148	BRCA
285	BMP1	unknown	22165140.0	22212326.0	loss	578	BRCA
286	PHYHIP	unknown	22219703.0	22232101.0	gain	147	BRCA
287	PHYHIP	unknown	22219703.0	22232101.0	loss	579	BRCA
288	MIR320A	unknown	22244962.0	22245043.0	gain	147	BRCA
289	MIR320A	unknown	22244962.0	22245043.0	loss	579	BRCA
290	POLR3D	unknown	22245133.0	22254601.0	gain	147	BRCA
291	POLR3D	unknown	22245133.0	22254601.0	loss	579	BRCA
292	PIWIL2	unknown	22275316.0	22357568.0	gain	148	BRCA
293	PIWIL2	unknown	22275316.0	22357568.0	loss	581	BRCA
294	SLC39A14	unknown	22367249.0	22434129.0	gain	148	BRCA
295	SLC39A14	unknown	22367249.0	22434129.0	loss	581	BRCA
296	PPP3CC	unknown	22440819.0	22541142.0	gain	148	BRCA
297	PPP3CC	unknown	22440819.0	22541142.0	loss	581	BRCA
298	SORBS3	unknown	22544986.0	22575788.0	gain	147	BRCA
299	SORBS3	unknown	22544986.0	22575788.0	loss	582	BRCA
300	PDLIM2	unknown	22578279.0	22598025.0	gain	145	BRCA
301	PDLIM2	unknown	22578279.0	22598025.0	loss	584	BRCA
302	C8orf58	unknown	22599599.0	22604150.0	gain	145	BRCA
303	C8orf58	unknown	22599599.0	22604150.0	loss	584	BRCA
304	BIN3	unknown	22620418.0	22669148.0	gain	145	BRCA
305	BIN3	unknown	22620418.0	22669148.0	loss	586	BRCA
306	EGR3	unknown	22687659.0	22693480.0	gain	146	BRCA
307	EGR3	unknown	22687659.0	22693480.0	loss	585	BRCA
308	PEBP4	unknown	22713251.0	23000000.0	gain	147	BRCA
309	PEBP4	unknown	22713251.0	23000000.0	loss	587	BRCA
310	RN7SL303P	unknown	22977877.0	22978127.0	gain	147	BRCA
311	RN7SL303P	unknown	22977877.0	22978127.0	loss	586	BRCA
312	RHOBTB2	unknown	22987417.0	23020199.0	gain	146	BRCA
313	RHOBTB2	unknown	22987417.0	23020199.0	loss	587	BRCA
314	TNFRSF10B	unknown	23020133.0	23069031.0	gain	145	BRCA
315	TNFRSF10B	unknown	23020133.0	23069031.0	loss	587	BRCA
316	TNFRSF10C	unknown	23102590.0	23117437.0	gain	144	BRCA
317	TNFRSF10C	unknown	23102590.0	23117437.0	loss	588	BRCA
318	TNFRSF10D	unknown	23135588.0	23164027.0	gain	144	BRCA
319	TNFRSF10D	unknown	23135588.0	23164027.0	loss	588	BRCA
320	TNFRSF10A	unknown	23190452.0	23225102.0	gain	145	BRCA
321	TNFRSF10A	unknown	23190452.0	23225102.0	loss	586	BRCA
322	CHMP7	unknown	23243637.0	23262000.0	gain	146	BRCA
323	CHMP7	unknown	23243637.0	23262000.0	loss	586	BRCA
324	R3HCC1	unknown	23270120.0	23296279.0	gain	146	BRCA
325	R3HCC1	unknown	23270120.0	23296279.0	loss	586	BRCA
326	LOXL2	unknown	23296897.0	23425328.0	gain	146	BRCA
327	LOXL2	unknown	23296897.0	23425328.0	loss	586	BRCA
328	ENTPD4	unknown	23385783.0	23457695.0	gain	146	BRCA
329	ENTPD4	unknown	23385783.0	23457695.0	loss	586	BRCA
330	SLC25A37	unknown	23528956.0	23575463.0	gain	146	BRCA
331	SLC25A37	unknown	23528956.0	23575463.0	loss	586	BRCA
332	STC1	unknown	23841929.0	23854806.0	gain	148	BRCA
333	STC1	unknown	23841929.0	23854806.0	loss	581	BRCA
334	ADAM28	unknown	24294069.0	24359014.0	gain	150	BRCA
335	ADAM28	unknown	24294069.0	24359014.0	loss	579	BRCA
336	ADAMDEC1	unknown	24384285.0	24406013.0	gain	150	BRCA
337	ADAMDEC1	unknown	24384285.0	24406013.0	loss	580	BRCA
338	ADAM7	unknown	24440930.0	24526970.0	gain	149	BRCA
339	ADAM7	unknown	24440930.0	24526970.0	loss	581	BRCA
340	NEFM	unknown	24913758.0	24919098.0	gain	144	BRCA
341	NEFM	unknown	24913758.0	24919098.0	loss	583	BRCA
342	NEFL	unknown	24950955.0	24957110.0	gain	144	BRCA
343	NEFL	unknown	24950955.0	24957110.0	loss	583	BRCA
344	DOCK5	unknown	25184689.0	25418082.0	gain	146	BRCA
345	DOCK5	unknown	25184689.0	25418082.0	loss	580	BRCA
346	GNRH1	unknown	25419258.0	25424654.0	gain	145	BRCA
347	GNRH1	unknown	25419258.0	25424654.0	loss	582	BRCA
348	KCTD9	unknown	25427847.0	25458476.0	gain	144	BRCA
349	KCTD9	unknown	25427847.0	25458476.0	loss	583	BRCA
350	CDCA2	unknown	25459199.0	25507911.0	gain	144	BRCA
351	CDCA2	unknown	25459199.0	25507911.0	loss	583	BRCA
352	EBF2	unknown	25841725.0	26045413.0	gain	147	BRCA
353	EBF2	unknown	25841725.0	26045413.0	loss	580	BRCA
354	RNA5SP258	unknown	26136880.0	26136998.0	gain	145	BRCA
355	RNA5SP258	unknown	26136880.0	26136998.0	loss	581	BRCA
356	PPP2R2A	unknown	26291508.0	26372680.0	gain	148	BRCA
357	PPP2R2A	unknown	26291508.0	26372680.0	loss	579	BRCA
358	SDAD1P1	unknown	26375913.0	26382953.0	gain	149	BRCA
359	SDAD1P1	unknown	26375913.0	26382953.0	loss	577	BRCA
360	BNIP3L	unknown	26383054.0	26505636.0	gain	150	BRCA
361	BNIP3L	unknown	26383054.0	26505636.0	loss	577	BRCA
362	PNMA2	unknown	26504701.0	26514092.0	gain	151	BRCA
363	PNMA2	unknown	26504701.0	26514092.0	loss	575	BRCA
364	DPYSL2	unknown	26514031.0	26658178.0	gain	151	BRCA
365	DPYSL2	unknown	26514031.0	26658178.0	loss	576	BRCA
366	ADRA1A	unknown	26748150.0	26867278.0	gain	153	BRCA
367	ADRA1A	unknown	26748150.0	26867278.0	loss	573	BRCA
368	MIR548H4	unknown	27048853.0	27048963.0	gain	152	BRCA
369	MIR548H4	unknown	27048853.0	27048963.0	loss	575	BRCA
370	STMN4	unknown	27235323.0	27258420.0	gain	153	BRCA
371	STMN4	unknown	27235323.0	27258420.0	loss	571	BRCA
372	TRIM35	unknown	27284886.0	27311272.0	gain	155	BRCA
373	TRIM35	unknown	27284886.0	27311272.0	loss	570	BRCA
374	PTK2B	unknown	27311482.0	27459391.0	gain	157	BRCA
375	PTK2B	unknown	27311482.0	27459391.0	loss	570	BRCA
376	CHRNA2	unknown	27459756.0	27479883.0	gain	158	BRCA
377	CHRNA2	unknown	27459756.0	27479883.0	loss	568	BRCA
378	EPHX2	unknown	27490781.0	27545564.0	gain	160	BRCA
379	EPHX2	unknown	27490781.0	27545564.0	loss	565	BRCA
380	CLU	unknown	27596917.0	27614700.0	gain	156	BRCA
381	CLU	unknown	27596917.0	27614700.0	loss	567	BRCA
382	SCARA3	unknown	27633868.0	27676776.0	gain	157	BRCA
383	SCARA3	unknown	27633868.0	27676776.0	loss	567	BRCA
384	MIR3622B	unknown	27701673.0	27701767.0	gain	157	BRCA
385	MIR3622B	unknown	27701673.0	27701767.0	loss	566	BRCA
386	CCDC25	unknown	27733316.0	27772653.0	gain	158	BRCA
387	CCDC25	unknown	27733316.0	27772653.0	loss	565	BRCA
388	ESCO2	unknown	27771949.0	27812640.0	gain	158	BRCA
389	ESCO2	unknown	27771949.0	27812640.0	loss	565	BRCA
390	PBK	unknown	27809624.0	27838082.0	gain	157	BRCA
391	PBK	unknown	27809624.0	27838082.0	loss	566	BRCA
392	SCARA5	unknown	27869883.0	27992673.0	gain	156	BRCA
393	SCARA5	unknown	27869883.0	27992673.0	loss	566	BRCA
394	MIR4287	unknown	27886039.0	27886116.0	gain	155	BRCA
395	MIR4287	unknown	27886039.0	27886116.0	loss	566	BRCA
396	NUGGC	unknown	28021964.0	28083936.0	gain	157	BRCA
397	NUGGC	unknown	28021964.0	28083936.0	loss	564	BRCA
398	ELP3	unknown	28089673.0	28191156.0	gain	155	BRCA
399	ELP3	unknown	28089673.0	28191156.0	loss	565	BRCA
400	PNOC	unknown	28316986.0	28343355.0	gain	151	BRCA
401	PNOC	unknown	28316986.0	28343355.0	loss	569	BRCA
402	ZNF395	unknown	28345590.0	28402701.0	gain	155	BRCA
403	ZNF395	unknown	28345590.0	28402701.0	loss	565	BRCA
404	FBXO16	unknown	28348287.0	28490278.0	gain	157	BRCA
405	FBXO16	unknown	28348287.0	28490278.0	loss	564	BRCA
406	FZD3	unknown	28494205.0	28574267.0	gain	157	BRCA
407	FZD3	unknown	28494205.0	28574267.0	loss	564	BRCA
408	MIR4288	unknown	28505116.0	28505182.0	gain	156	BRCA
409	MIR4288	unknown	28505116.0	28505182.0	loss	565	BRCA
410	RNA5SP259	unknown	28530411.0	28530519.0	gain	156	BRCA
411	RNA5SP259	unknown	28530411.0	28530519.0	loss	565	BRCA
412	EXTL3	unknown	28600469.0	28755599.0	gain	153	BRCA
413	EXTL3	unknown	28600469.0	28755599.0	loss	569	BRCA
414	INTS9	unknown	28767661.0	28890242.0	gain	154	BRCA
415	INTS9	unknown	28767661.0	28890242.0	loss	568	BRCA
416	HMBOX1	unknown	28890395.0	29064764.0	gain	155	BRCA
417	HMBOX1	unknown	28890395.0	29064764.0	loss	567	BRCA
418	RNA5SP260	unknown	29048494.0	29048604.0	gain	155	BRCA
419	RNA5SP260	unknown	29048494.0	29048604.0	loss	567	BRCA
420	KIF13B	unknown	29067278.0	29263124.0	gain	159	BRCA
421	KIF13B	unknown	29067278.0	29263124.0	loss	565	BRCA
422	DUSP4	unknown	29333064.0	29350684.0	gain	164	BRCA
423	DUSP4	unknown	29333064.0	29350684.0	loss	556	BRCA
424	LINC00589	unknown	29673922.0	29748109.0	gain	175	BRCA
425	LINC00589	unknown	29673922.0	29748109.0	loss	546	BRCA
426	MIR3148	unknown	29957272.0	29957348.0	gain	174	BRCA
427	MIR3148	unknown	29957272.0	29957348.0	loss	541	BRCA
428	LEPROTL1	unknown	30095408.0	30177208.0	gain	176	BRCA
429	LEPROTL1	unknown	30095408.0	30177208.0	loss	537	BRCA
430	MBOAT4	unknown	30131671.0	30144665.0	gain	173	BRCA
431	MBOAT4	unknown	30131671.0	30144665.0	loss	538	BRCA
432	DCTN6	unknown	30156319.0	30183639.0	gain	174	BRCA
433	DCTN6	unknown	30156319.0	30183639.0	loss	537	BRCA
434	TUBBP1	unknown	30351873.0	30353518.0	gain	179	BRCA
435	TUBBP1	unknown	30351873.0	30353518.0	loss	531	BRCA
436	RBPMS	unknown	30384511.0	30572256.0	gain	181	BRCA
437	RBPMS	unknown	30384511.0	30572256.0	loss	531	BRCA
438	GTF2E2	unknown	30578318.0	30658236.0	gain	179	BRCA
439	GTF2E2	unknown	30578318.0	30658236.0	loss	530	BRCA
440	SMIM18	unknown	30638580.0	30646064.0	gain	179	BRCA
441	SMIM18	unknown	30638580.0	30646064.0	loss	530	BRCA
442	GSR	unknown	30678066.0	30727846.0	gain	179	BRCA
443	GSR	unknown	30678066.0	30727846.0	loss	530	BRCA
444	UBXN8	unknown	30732247.0	30767006.0	gain	180	BRCA
445	UBXN8	unknown	30732247.0	30767006.0	loss	530	BRCA
446	PPP2CB	unknown	30774457.0	30814314.0	gain	181	BRCA
447	PPP2CB	unknown	30774457.0	30814314.0	loss	529	BRCA
448	TEX15	unknown	30831544.0	30913003.0	gain	183	BRCA
449	TEX15	unknown	30831544.0	30913003.0	loss	527	BRCA
450	PURG	unknown	30995802.0	31033715.0	gain	182	BRCA
451	PURG	unknown	30995802.0	31033715.0	loss	524	BRCA
452	WRN	unknown	31033788.0	31176138.0	gain	181	BRCA
453	WRN	unknown	31033788.0	31176138.0	loss	526	BRCA
454	RNA5SP261	unknown	31598099.0	31598204.0	gain	189	BRCA
455	RNA5SP261	unknown	31598099.0	31598204.0	loss	515	BRCA
456	NRG1	unknown	31639222.0	32855666.0	gain	223	BRCA
457	NRG1	unknown	31639222.0	32855666.0	loss	492	BRCA
458	RNA5SP262	unknown	32192028.0	32192153.0	gain	205	BRCA
459	RNA5SP262	unknown	32192028.0	32192153.0	loss	494	BRCA
460	RNA5SP263	unknown	32256496.0	32256623.0	gain	203	BRCA
461	RNA5SP263	unknown	32256496.0	32256623.0	loss	495	BRCA
462	FUT10	unknown	33370824.0	33473146.0	gain	228	BRCA
463	FUT10	unknown	33370824.0	33473146.0	loss	467	BRCA
464	TTI2	unknown	33473386.0	33513601.0	gain	230	BRCA
465	TTI2	unknown	33473386.0	33513601.0	loss	468	BRCA
466	MAK16	unknown	33485182.0	33501262.0	gain	227	BRCA
467	MAK16	unknown	33485182.0	33501262.0	loss	470	BRCA
468	SNORD13	unknown	33513475.0	33513578.0	gain	229	BRCA
469	SNORD13	unknown	33513475.0	33513578.0	loss	467	BRCA
470	RNF122	unknown	33547754.0	33567128.0	gain	231	BRCA
471	RNF122	unknown	33547754.0	33567128.0	loss	464	BRCA
472	RN7SL621P	unknown	33580210.0	33580508.0	gain	231	BRCA
473	RN7SL621P	unknown	33580210.0	33580508.0	loss	462	BRCA
474	DUSP26	unknown	33591330.0	33600023.0	gain	231	BRCA
475	DUSP26	unknown	33591330.0	33600023.0	loss	461	BRCA
476	RN7SL457P	unknown	33715784.0	33716070.0	gain	229	BRCA
477	RN7SL457P	unknown	33715784.0	33716070.0	loss	460	BRCA
478	UNC5D	unknown	35235475.0	35796550.0	gain	297	BRCA
479	UNC5D	unknown	35235475.0	35796550.0	loss	390	BRCA
480	RNA5SP264	unknown	36764445.0	36764551.0	gain	343	BRCA
481	RNA5SP264	unknown	36764445.0	36764551.0	loss	337	BRCA
482	KCNU1	unknown	36784324.0	36936125.0	gain	357	BRCA
483	KCNU1	unknown	36784324.0	36936125.0	loss	329	BRCA
484	ZNF703	unknown	37695782.0	37700019.0	gain	412	BRCA
485	ZNF703	unknown	37695782.0	37700019.0	loss	267	BRCA
486	ERLIN2	unknown	37736601.0	37758422.0	gain	413	BRCA
487	ERLIN2	unknown	37736601.0	37758422.0	loss	267	BRCA
488	BRF2	unknown	37843268.0	37849861.0	gain	406	BRCA
489	BRF2	unknown	37843268.0	37849861.0	loss	271	BRCA
490	RAB11FIP1	unknown	37858618.0	37899497.0	gain	409	BRCA
491	RAB11FIP1	unknown	37858618.0	37899497.0	loss	268	BRCA
492	RN7SL709P	unknown	37908738.0	37909037.0	gain	404	BRCA
493	RN7SL709P	unknown	37908738.0	37909037.0	loss	273	BRCA
494	GOT1L1	unknown	37934281.0	37940124.0	gain	405	BRCA
495	GOT1L1	unknown	37934281.0	37940124.0	loss	271	BRCA
496	ADRB3	unknown	37962990.0	37966599.0	gain	406	BRCA
497	ADRB3	unknown	37962990.0	37966599.0	loss	270	BRCA
498	EIF4EBP1	unknown	38030534.0	38060365.0	gain	406	BRCA
499	EIF4EBP1	unknown	38030534.0	38060365.0	loss	270	BRCA
500	ASH2L	unknown	38105493.0	38144076.0	gain	410	BRCA
501	ASH2L	unknown	38105493.0	38144076.0	loss	265	BRCA
502	STAR	unknown	38142700.0	38150992.0	gain	406	BRCA
503	STAR	unknown	38142700.0	38150992.0	loss	268	BRCA
504	LSM1	unknown	38163335.0	38176730.0	gain	408	BRCA
505	LSM1	unknown	38163335.0	38176730.0	loss	266	BRCA
506	BAG4	unknown	38176533.0	38213301.0	gain	407	BRCA
507	BAG4	unknown	38176533.0	38213301.0	loss	266	BRCA
508	DDHD2	unknown	38225218.0	38275558.0	gain	404	BRCA
509	DDHD2	unknown	38225218.0	38275558.0	loss	270	BRCA
510	LETM2	unknown	38386207.0	38409527.0	gain	401	BRCA
511	LETM2	unknown	38386207.0	38409527.0	loss	269	BRCA
512	FGFR1	unknown	38400215.0	38468834.0	gain	400	BRCA
513	FGFR1	unknown	38400215.0	38468834.0	loss	270	BRCA
514	RPS20P22	unknown	38434347.0	38435664.0	gain	399	BRCA
515	RPS20P22	unknown	38434347.0	38435664.0	loss	269	BRCA
516	C8orf86	unknown	38510834.0	38560939.0	gain	400	BRCA
517	C8orf86	unknown	38510834.0	38560939.0	loss	267	BRCA
518	TACC1	unknown	38728186.0	38853028.0	gain	409	BRCA
519	TACC1	unknown	38728186.0	38853028.0	loss	263	BRCA
520	PLEKHA2	unknown	38901235.0	38973912.0	gain	403	BRCA
521	PLEKHA2	unknown	38901235.0	38973912.0	loss	265	BRCA
522	HTRA4	unknown	38974228.0	38988663.0	gain	399	BRCA
523	HTRA4	unknown	38974228.0	38988663.0	loss	263	BRCA
524	TM2D2	unknown	38988808.0	38996824.0	gain	399	BRCA
525	TM2D2	unknown	38988808.0	38996824.0	loss	262	BRCA
526	ADAM9	unknown	38996869.0	39105261.0	gain	401	BRCA
527	ADAM9	unknown	38996869.0	39105261.0	loss	261	BRCA
528	ADAM32	unknown	39106990.0	39284917.0	gain	402	BRCA
529	ADAM32	unknown	39106990.0	39284917.0	loss	260	BRCA
530	ADAM5	unknown	39314591.0	39417378.0	gain	399	BRCA
531	ADAM5	unknown	39314591.0	39417378.0	loss	257	BRCA
532	ADAM3A	unknown	39451045.0	39522852.0	gain	396	BRCA
533	ADAM3A	unknown	39451045.0	39522852.0	loss	258	BRCA
534	ADAM18	unknown	39584489.0	39730065.0	gain	395	BRCA
535	ADAM18	unknown	39584489.0	39730065.0	loss	259	BRCA
536	ADAM2	unknown	39743735.0	39838289.0	gain	399	BRCA
537	ADAM2	unknown	39743735.0	39838289.0	loss	256	BRCA
538	IDO1	unknown	39902275.0	39928790.0	gain	396	BRCA
539	IDO1	unknown	39902275.0	39928790.0	loss	255	BRCA
540	IDO2	unknown	39934614.0	40016391.0	gain	401	BRCA
541	IDO2	unknown	39934614.0	40016391.0	loss	250	BRCA
542	ZMAT4	unknown	40530590.0	40897833.0	gain	424	BRCA
543	ZMAT4	unknown	40530590.0	40897833.0	loss	231	BRCA
544	SFRP1	unknown	41261962.0	41309473.0	gain	417	BRCA
545	SFRP1	unknown	41261962.0	41309473.0	loss	222	BRCA
546	MIR548AO	unknown	41271048.0	41271143.0	gain	415	BRCA
547	MIR548AO	unknown	41271048.0	41271143.0	loss	224	BRCA
548	GOLGA7	unknown	41490396.0	41510980.0	gain	417	BRCA
549	GOLGA7	unknown	41490396.0	41510980.0	loss	221	BRCA
550	GINS4	unknown	41529218.0	41545030.0	gain	417	BRCA
551	GINS4	unknown	41529218.0	41545030.0	loss	221	BRCA
552	ANK1	unknown	41653220.0	41896762.0	gain	423	BRCA
553	ANK1	unknown	41653220.0	41896762.0	loss	218	BRCA
554	RN7SL149P	unknown	41840059.0	41840339.0	gain	420	BRCA
555	RN7SL149P	unknown	41840059.0	41840339.0	loss	220	BRCA
556	KAT6A	unknown	41929479.0	42051994.0	gain	422	BRCA
557	KAT6A	unknown	41929479.0	42051994.0	loss	216	BRCA
558	AP3M2	unknown	42152946.0	42171673.0	gain	414	BRCA
559	AP3M2	unknown	42152946.0	42171673.0	loss	215	BRCA
560	PLAT	unknown	42174718.0	42207676.0	gain	414	BRCA
561	PLAT	unknown	42174718.0	42207676.0	loss	215	BRCA
562	IKBKB	unknown	42271302.0	42332653.0	gain	420	BRCA
563	IKBKB	unknown	42271302.0	42332653.0	loss	210	BRCA
564	POLB	unknown	42338454.0	42371808.0	gain	420	BRCA
565	POLB	unknown	42338454.0	42371808.0	loss	210	BRCA
566	DKK4	unknown	42374063.0	42377229.0	gain	417	BRCA
567	DKK4	unknown	42374063.0	42377229.0	loss	212	BRCA
568	VDAC3	unknown	42391624.0	42405937.0	gain	419	BRCA
569	VDAC3	unknown	42391624.0	42405937.0	loss	212	BRCA
570	SLC20A2	unknown	42416475.0	42541926.0	gain	424	BRCA
571	SLC20A2	unknown	42416475.0	42541926.0	loss	208	BRCA
572	SMIM19	unknown	42541155.0	42555193.0	gain	419	BRCA
573	SMIM19	unknown	42541155.0	42555193.0	loss	206	BRCA
574	CHRNB3	unknown	42697366.0	42737407.0	gain	416	BRCA
575	CHRNB3	unknown	42697366.0	42737407.0	loss	208	BRCA
576	CHRNA6	unknown	42752620.0	42796392.0	gain	413	BRCA
577	CHRNA6	unknown	42752620.0	42796392.0	loss	209	BRCA
578	THAP1	unknown	42836674.0	42843325.0	gain	415	BRCA
579	THAP1	unknown	42836674.0	42843325.0	loss	204	BRCA
580	RNF170	unknown	42849637.0	42897290.0	gain	417	BRCA
581	RNF170	unknown	42849637.0	42897290.0	loss	202	BRCA
582	RN7SL806P	unknown	42881236.0	42881517.0	gain	414	BRCA
583	RN7SL806P	unknown	42881236.0	42881517.0	loss	202	BRCA
584	MIR4469	unknown	42896197.0	42896275.0	gain	414	BRCA
585	MIR4469	unknown	42896197.0	42896275.0	loss	202	BRCA
586	HOOK3	unknown	42896946.0	43030535.0	gain	422	BRCA
587	HOOK3	unknown	42896946.0	43030535.0	loss	199	BRCA
588	FNTA	unknown	43034194.0	43085788.0	gain	502	BRCA
589	FNTA	unknown	43034194.0	43085788.0	loss	150	BRCA
590	HGSNAT	unknown	43140464.0	43202855.0	gain	501	BRCA
591	HGSNAT	unknown	43140464.0	43202855.0	loss	143	BRCA
592	POTEA	unknown	43292483.0	43363518.0	gain	501	BRCA
593	POTEA	unknown	43292483.0	43363518.0	loss	143	BRCA
594	LINC00293	unknown	46822174.0	46907309.0	gain	507	BRCA
595	LINC00293	unknown	46822174.0	46907309.0	loss	91	BRCA
596	RN7SKP32	unknown	47068021.0	47068323.0	gain	514	BRCA
597	RN7SKP32	unknown	47068021.0	47068323.0	loss	86	BRCA
598	SPIDR	unknown	47260878.0	47736306.0	gain	518	BRCA
599	SPIDR	unknown	47260878.0	47736306.0	loss	91	BRCA
600	CEBPD	unknown	47736913.0	47738164.0	gain	516	BRCA
601	CEBPD	unknown	47736913.0	47738164.0	loss	88	BRCA
602	PRKDC	unknown	47773111.0	47960178.0	gain	519	BRCA
603	PRKDC	unknown	47773111.0	47960178.0	loss	89	BRCA
604	MCM4	unknown	47960185.0	47978160.0	gain	516	BRCA
605	MCM4	unknown	47960185.0	47978160.0	loss	89	BRCA
606	UBE2V2	unknown	48008415.0	48064708.0	gain	518	BRCA
607	UBE2V2	unknown	48008415.0	48064708.0	loss	88	BRCA
608	EFCAB1	unknown	48710789.0	48735311.0	gain	519	BRCA
609	EFCAB1	unknown	48710789.0	48735311.0	loss	82	BRCA
610	SNAI2	unknown	48917598.0	48921740.0	gain	516	BRCA
611	SNAI2	unknown	48917598.0	48921740.0	loss	84	BRCA
612	RN7SKP294	unknown	49330210.0	49330547.0	gain	515	BRCA
613	RN7SKP294	unknown	49330210.0	49330547.0	loss	83	BRCA
614	SNTG1	unknown	49909789.0	50796692.0	gain	527	BRCA
615	SNTG1	unknown	49909789.0	50796692.0	loss	88	BRCA
616	PXDNL	unknown	51319577.0	51809445.0	gain	526	BRCA
617	PXDNL	unknown	51319577.0	51809445.0	loss	89	BRCA
618	PCMTD1	unknown	51817575.0	51899186.0	gain	526	BRCA
619	PCMTD1	unknown	51817575.0	51899186.0	loss	85	BRCA
620	ST18	unknown	52110839.0	52460959.0	gain	533	BRCA
621	ST18	unknown	52110839.0	52460959.0	loss	81	BRCA
622	RB1CC1	unknown	52622458.0	52745843.0	gain	534	BRCA
623	RB1CC1	unknown	52622458.0	52745843.0	loss	81	BRCA
624	NPBWR1	unknown	52938431.0	52941117.0	gain	533	BRCA
625	NPBWR1	unknown	52938431.0	52941117.0	loss	82	BRCA
626	OPRK1	unknown	53225716.0	53251697.0	gain	535	BRCA
627	OPRK1	unknown	53225716.0	53251697.0	loss	80	BRCA
628	ATP6V1H	unknown	53715543.0	53843558.0	gain	534	BRCA
629	ATP6V1H	unknown	53715543.0	53843558.0	loss	79	BRCA
630	RGS20	unknown	53851795.0	53959303.0	gain	534	BRCA
631	RGS20	unknown	53851795.0	53959303.0	loss	80	BRCA
632	TCEA1	unknown	53966552.0	54022456.0	gain	534	BRCA
633	TCEA1	unknown	53966552.0	54022456.0	loss	80	BRCA
634	LYPLA1	unknown	54046367.0	54102017.0	gain	534	BRCA
635	LYPLA1	unknown	54046367.0	54102017.0	loss	80	BRCA
636	MRPL15	unknown	54135241.0	54148514.0	gain	535	BRCA
637	MRPL15	unknown	54135241.0	54148514.0	loss	80	BRCA
638	RNU6ATAC32P	unknown	54152807.0	54152882.0	gain	535	BRCA
639	RNU6ATAC32P	unknown	54152807.0	54152882.0	loss	80	BRCA
640	RNU105C	unknown	54330687.0	54330895.0	gain	534	BRCA
641	RNU105C	unknown	54330687.0	54330895.0	loss	80	BRCA
642	RN7SL250P	unknown	54420468.0	54420725.0	gain	537	BRCA
643	RN7SL250P	unknown	54420468.0	54420725.0	loss	78	BRCA
644	SOX17	unknown	54457935.0	54460892.0	gain	538	BRCA
645	SOX17	unknown	54457935.0	54460892.0	loss	77	BRCA
646	RP1	unknown	54509422.0	54871720.0	gain	540	BRCA
647	RP1	unknown	54509422.0	54871720.0	loss	77	BRCA
648	XKR4	unknown	55102028.0	55542054.0	gain	540	BRCA
649	XKR4	unknown	55102028.0	55542054.0	loss	77	BRCA
650	TMEM68	unknown	55696424.0	55773407.0	gain	543	BRCA
651	TMEM68	unknown	55696424.0	55773407.0	loss	75	BRCA
652	RNA5SP265	unknown	55745232.0	55745342.0	gain	543	BRCA
653	RNA5SP265	unknown	55745232.0	55745342.0	loss	74	BRCA
654	TGS1	unknown	55773446.0	55826445.0	gain	544	BRCA
655	TGS1	unknown	55773446.0	55826445.0	loss	74	BRCA
656	LYN	unknown	55879835.0	56014169.0	gain	544	BRCA
657	LYN	unknown	55879835.0	56014169.0	loss	74	BRCA
658	RN7SL798P	unknown	55980240.0	55980540.0	gain	544	BRCA
659	RN7SL798P	unknown	55980240.0	55980540.0	loss	72	BRCA
660	RN7SL323P	unknown	56022019.0	56022313.0	gain	544	BRCA
661	RN7SL323P	unknown	56022019.0	56022313.0	loss	72	BRCA
662	RPS20	unknown	56067295.0	56074581.0	gain	544	BRCA
663	RPS20	unknown	56067295.0	56074581.0	loss	71	BRCA
664	SNORD54	unknown	56073835.0	56073901.0	gain	544	BRCA
665	SNORD54	unknown	56073835.0	56073901.0	loss	71	BRCA
666	MOS	unknown	56112942.0	56113982.0	gain	544	BRCA
667	MOS	unknown	56112942.0	56113982.0	loss	71	BRCA
668	PLAG1	unknown	56160909.0	56211324.0	gain	545	BRCA
669	PLAG1	unknown	56160909.0	56211324.0	loss	71	BRCA
670	CHCHD7	unknown	56211686.0	56218809.0	gain	545	BRCA
671	CHCHD7	unknown	56211686.0	56218809.0	loss	71	BRCA
672	SDR16C5	unknown	56300010.0	56320776.0	gain	546	BRCA
673	SDR16C5	unknown	56300010.0	56320776.0	loss	71	BRCA
674	SDR16C6P	unknown	56373064.0	56395365.0	gain	546	BRCA
675	SDR16C6P	unknown	56373064.0	56395365.0	loss	72	BRCA
676	PENK	unknown	56436674.0	56446671.0	gain	547	BRCA
677	PENK	unknown	56436674.0	56446671.0	loss	72	BRCA
678	LINC00968	unknown	56496048.0	56559823.0	gain	550	BRCA
679	LINC00968	unknown	56496048.0	56559823.0	loss	70	BRCA
680	IMPAD1	unknown	56957931.0	56993867.0	gain	548	BRCA
681	IMPAD1	unknown	56957931.0	56993867.0	loss	74	BRCA
682	RNA5SP266	unknown	57126655.0	57126762.0	gain	549	BRCA
683	RNA5SP266	unknown	57126655.0	57126762.0	loss	73	BRCA
684	LINC00588	unknown	57279543.0	57286968.0	gain	551	BRCA
685	LINC00588	unknown	57279543.0	57286968.0	loss	72	BRCA
686	FAM110B	unknown	57994509.0	58204279.0	gain	554	BRCA
687	FAM110B	unknown	57994509.0	58204279.0	loss	73	BRCA
688	UBXN2B	unknown	58411359.0	58451501.0	gain	554	BRCA
689	UBXN2B	unknown	58411359.0	58451501.0	loss	68	BRCA
690	CYP7A1	unknown	58490178.0	58500163.0	gain	555	BRCA
691	CYP7A1	unknown	58490178.0	58500163.0	loss	68	BRCA
692	SDCBP	unknown	58552924.0	58582859.0	gain	553	BRCA
693	SDCBP	unknown	58552924.0	58582859.0	loss	68	BRCA
694	NSMAF	unknown	58583508.0	58659853.0	gain	556	BRCA
695	NSMAF	unknown	58583508.0	58659853.0	loss	67	BRCA
696	TOX	unknown	58805412.0	59119147.0	gain	561	BRCA
697	TOX	unknown	58805412.0	59119147.0	loss	69	BRCA
698	RNA5SP267	unknown	59455885.0	59456010.0	gain	559	BRCA
699	RNA5SP267	unknown	59455885.0	59456010.0	loss	67	BRCA
700	CA8	unknown	60185412.0	60281400.0	gain	558	BRCA
701	CA8	unknown	60185412.0	60281400.0	loss	67	BRCA
702	RAB2A	unknown	60516936.0	60623644.0	gain	562	BRCA
703	RAB2A	unknown	60516936.0	60623644.0	loss	64	BRCA
704	CHD7	unknown	60678740.0	60868028.0	gain	561	BRCA
705	CHD7	unknown	60678740.0	60868028.0	loss	65	BRCA
706	CLVS1	unknown	61057158.0	61501645.0	gain	565	BRCA
707	CLVS1	unknown	61057158.0	61501645.0	loss	62	BRCA
708	ASPH	unknown	61500556.0	61714640.0	gain	564	BRCA
709	ASPH	unknown	61500556.0	61714640.0	loss	59	BRCA
710	RN7SKP97	unknown	61631680.0	61632012.0	gain	564	BRCA
711	RN7SKP97	unknown	61631680.0	61632012.0	loss	58	BRCA
712	MIR4470	unknown	61714788.0	61714859.0	gain	564	BRCA
713	MIR4470	unknown	61714788.0	61714859.0	loss	58	BRCA
714	NKAIN3	unknown	62248591.0	62999652.0	gain	569	BRCA
715	NKAIN3	unknown	62248591.0	62999652.0	loss	58	BRCA
716	GGH	unknown	63015079.0	63038806.0	gain	565	BRCA
717	GGH	unknown	63015079.0	63038806.0	loss	60	BRCA
718	TTPA	unknown	63048553.0	63086053.0	gain	566	BRCA
719	TTPA	unknown	63048553.0	63086053.0	loss	59	BRCA
720	YTHDF3	unknown	63168553.0	63212786.0	gain	563	BRCA
721	YTHDF3	unknown	63168553.0	63212786.0	loss	61	BRCA
722	RN7SL135P	unknown	63234634.0	63234911.0	gain	564	BRCA
723	RN7SL135P	unknown	63234634.0	63234911.0	loss	60	BRCA
724	RN7SKP135	unknown	63609354.0	63609600.0	gain	566	BRCA
725	RN7SKP135	unknown	63609354.0	63609600.0	loss	60	BRCA
726	BHLHE22	unknown	64580365.0	64583627.0	gain	568	BRCA
727	BHLHE22	unknown	64580365.0	64583627.0	loss	62	BRCA
728	CYP7B1	unknown	64587763.0	64798737.0	gain	570	BRCA
729	CYP7B1	unknown	64587763.0	64798737.0	loss	61	BRCA
730	ARMC1	unknown	65602458.0	65634217.0	gain	575	BRCA
731	ARMC1	unknown	65602458.0	65634217.0	loss	56	BRCA
732	MTFR1	unknown	65644734.0	65771261.0	gain	577	BRCA
733	MTFR1	unknown	65644734.0	65771261.0	loss	54	BRCA
734	PDE7A	unknown	65717510.0	65842322.0	gain	578	BRCA
735	PDE7A	unknown	65717510.0	65842322.0	loss	53	BRCA
736	DNAJC5B	unknown	66021553.0	66101245.0	gain	578	BRCA
737	DNAJC5B	unknown	66021553.0	66101245.0	loss	55	BRCA
738	TRIM55	unknown	66126896.0	66175485.0	gain	578	BRCA
739	TRIM55	unknown	66126896.0	66175485.0	loss	55	BRCA
740	CRH	unknown	66176376.0	66178464.0	gain	578	BRCA
741	CRH	unknown	66176376.0	66178464.0	loss	55	BRCA
742	LINC00967	unknown	66192093.0	66197315.0	gain	578	BRCA
743	LINC00967	unknown	66192093.0	66197315.0	loss	55	BRCA
744	RRS1	unknown	66429014.0	66430733.0	gain	581	BRCA
745	RRS1	unknown	66429014.0	66430733.0	loss	54	BRCA
746	ADHFE1	unknown	66432492.0	66468907.0	gain	581	BRCA
747	ADHFE1	unknown	66432492.0	66468907.0	loss	55	BRCA
748	MYBL1	unknown	66562175.0	66614247.0	gain	582	BRCA
749	MYBL1	unknown	66562175.0	66614247.0	loss	52	BRCA
750	VCPIP1	unknown	66628487.0	66667231.0	gain	582	BRCA
751	VCPIP1	unknown	66628487.0	66667231.0	loss	52	BRCA
752	SGK3	unknown	66667552.0	66862022.0	gain	582	BRCA
753	SGK3	unknown	66667552.0	66862022.0	loss	55	BRCA
754	MCMDC2	unknown	66870749.0	66922048.0	gain	583	BRCA
755	MCMDC2	unknown	66870749.0	66922048.0	loss	52	BRCA
756	SNHG6	unknown	66921684.0	66926398.0	gain	583	BRCA
757	SNHG6	unknown	66921684.0	66926398.0	loss	51	BRCA
758	SNORD87	unknown	66922467.0	66922555.0	gain	583	BRCA
759	SNORD87	unknown	66922467.0	66922555.0	loss	51	BRCA
760	TCF24	unknown	66946501.0	66962591.0	gain	583	BRCA
761	TCF24	unknown	66946501.0	66962591.0	loss	50	BRCA
762	PPP1R42	unknown	66964099.0	67056604.0	gain	583	BRCA
763	PPP1R42	unknown	66964099.0	67056604.0	loss	50	BRCA
764	COPS5	unknown	67043079.0	67083783.0	gain	582	BRCA
765	COPS5	unknown	67043079.0	67083783.0	loss	51	BRCA
766	CSPP1	unknown	67062426.0	67196263.0	gain	582	BRCA
767	CSPP1	unknown	67062426.0	67196263.0	loss	51	BRCA
768	RNA5SP268	unknown	67099302.0	67099425.0	gain	582	BRCA
769	RNA5SP268	unknown	67099302.0	67099425.0	loss	51	BRCA
770	ARFGEF1	unknown	67173511.0	67343781.0	gain	583	BRCA
771	ARFGEF1	unknown	67173511.0	67343781.0	loss	51	BRCA
772	CPA6	unknown	67422038.0	67746378.0	gain	586	BRCA
773	CPA6	unknown	67422038.0	67746378.0	loss	50	BRCA
774	PREX2	unknown	67952046.0	68237032.0	gain	587	BRCA
775	PREX2	unknown	67952046.0	68237032.0	loss	51	BRCA
776	C8orf34	unknown	68330955.0	68819023.0	gain	588	BRCA
777	C8orf34	unknown	68330955.0	68819023.0	loss	51	BRCA
778	RNA5SP269	unknown	68695643.0	68695779.0	gain	584	BRCA
779	RNA5SP269	unknown	68695643.0	68695779.0	loss	53	BRCA
780	SULF1	unknown	69466624.0	69660915.0	gain	590	BRCA
781	SULF1	unknown	69466624.0	69660915.0	loss	50	BRCA
782	SLCO5A1	unknown	69667046.0	69834978.0	gain	589	BRCA
783	SLCO5A1	unknown	69667046.0	69834978.0	loss	51	BRCA
784	RN7SKP29	unknown	69700224.0	69700495.0	gain	588	BRCA
785	RN7SKP29	unknown	69700224.0	69700495.0	loss	51	BRCA
786	RN7SL675P	unknown	69922751.0	69923047.0	gain	589	BRCA
787	RN7SL675P	unknown	69922751.0	69923047.0	loss	50	BRCA
788	RNA5SP270	unknown	69929905.0	69930022.0	gain	589	BRCA
789	RNA5SP270	unknown	69929905.0	69930022.0	loss	50	BRCA
790	PRDM14	unknown	70051651.0	70071693.0	gain	591	BRCA
791	PRDM14	unknown	70051651.0	70071693.0	loss	50	BRCA
792	NCOA2	unknown	70109782.0	70403808.0	gain	591	BRCA
793	NCOA2	unknown	70109782.0	70403808.0	loss	51	BRCA
794	TRAM1	unknown	70573218.0	70608416.0	gain	593	BRCA
795	TRAM1	unknown	70573218.0	70608416.0	loss	47	BRCA
796	LACTB2	unknown	70635318.0	70669185.0	gain	594	BRCA
797	LACTB2	unknown	70635318.0	70669185.0	loss	46	BRCA
798	RN7SL19P	unknown	70654578.0	70654883.0	gain	594	BRCA
799	RN7SL19P	unknown	70654578.0	70654883.0	loss	46	BRCA
800	XKR9	unknown	70669339.0	70790371.0	gain	594	BRCA
801	XKR9	unknown	70669339.0	70790371.0	loss	46	BRCA
802	EYA1	unknown	71197433.0	71592025.0	gain	593	BRCA
803	EYA1	unknown	71197433.0	71592025.0	loss	49	BRCA
804	MSC	unknown	71841549.0	71844468.0	gain	594	BRCA
805	MSC	unknown	71841549.0	71844468.0	loss	47	BRCA
806	TRPA1	unknown	72019917.0	72075584.0	gain	593	BRCA
807	TRPA1	unknown	72019917.0	72075584.0	loss	49	BRCA
808	RNA5SP271	unknown	72357728.0	72357815.0	gain	597	BRCA
809	RNA5SP271	unknown	72357728.0	72357815.0	loss	46	BRCA
810	KCNB2	unknown	72537225.0	72938349.0	gain	605	BRCA
811	KCNB2	unknown	72537225.0	72938349.0	loss	40	BRCA
812	TERF1	unknown	73008864.0	73048123.0	gain	605	BRCA
813	TERF1	unknown	73008864.0	73048123.0	loss	39	BRCA
814	SBSPON	unknown	73064543.0	73124088.0	gain	605	BRCA
815	SBSPON	unknown	73064543.0	73124088.0	loss	39	BRCA
816	RPL7	unknown	73290242.0	73295789.0	gain	604	BRCA
817	RPL7	unknown	73290242.0	73295789.0	loss	40	BRCA
818	RDH10	unknown	73294602.0	73325281.0	gain	604	BRCA
819	RDH10	unknown	73294602.0	73325281.0	loss	40	BRCA
820	STAU2	unknown	73420369.0	73747708.0	gain	608	BRCA
821	STAU2	unknown	73420369.0	73747708.0	loss	39	BRCA
822	UBE2W	unknown	73780097.0	73878910.0	gain	610	BRCA
823	UBE2W	unknown	73780097.0	73878910.0	loss	36	BRCA
824	TMEM70	unknown	73972437.0	73982783.0	gain	609	BRCA
825	TMEM70	unknown	73972437.0	73982783.0	loss	37	BRCA
826	LY96	unknown	73991392.0	74029079.0	gain	610	BRCA
827	LY96	unknown	73991392.0	74029079.0	loss	36	BRCA
828	JPH1	unknown	74234700.0	74321540.0	gain	608	BRCA
829	JPH1	unknown	74234700.0	74321540.0	loss	39	BRCA
830	GDAP1	unknown	74321130.0	74488872.0	gain	608	BRCA
831	GDAP1	unknown	74321130.0	74488872.0	loss	39	BRCA
832	MIR5681A	unknown	74548543.0	74548617.0	gain	607	BRCA
833	MIR5681A	unknown	74548543.0	74548617.0	loss	37	BRCA
834	PI15	unknown	74824534.0	74855029.0	gain	602	BRCA
835	PI15	unknown	74824534.0	74855029.0	loss	43	BRCA
836	CRISPLD1	unknown	74984505.0	75034558.0	gain	600	BRCA
837	CRISPLD1	unknown	74984505.0	75034558.0	loss	44	BRCA
838	CASC9	unknown	75223127.0	75324741.0	gain	602	BRCA
839	CASC9	unknown	75223127.0	75324741.0	loss	46	BRCA
840	HNF4G	unknown	75407914.0	75566834.0	gain	597	BRCA
841	HNF4G	unknown	75407914.0	75566834.0	loss	50	BRCA
842	ZFHX4	unknown	76681239.0	76867281.0	gain	605	BRCA
843	ZFHX4	unknown	76681239.0	76867281.0	loss	47	BRCA
844	PEX2	unknown	76980258.0	77001044.0	gain	606	BRCA
845	PEX2	unknown	76980258.0	77001044.0	loss	43	BRCA
846	PKIA	unknown	78516340.0	78605267.0	gain	612	BRCA
847	PKIA	unknown	78516340.0	78605267.0	loss	40	BRCA
848	ZC2HC1A	unknown	78666089.0	78719765.0	gain	613	BRCA
849	ZC2HC1A	unknown	78666089.0	78719765.0	loss	38	BRCA
850	IL7	unknown	78675743.0	78805523.0	gain	614	BRCA
851	IL7	unknown	78675743.0	78805523.0	loss	38	BRCA
852	STMN2	unknown	79610814.0	79666175.0	gain	617	BRCA
853	STMN2	unknown	79610814.0	79666175.0	loss	38	BRCA
854	HEY1	unknown	79764010.0	79767857.0	gain	619	BRCA
855	HEY1	unknown	79764010.0	79767857.0	loss	38	BRCA
856	MRPS28	unknown	79918717.0	80030289.0	gain	621	BRCA
857	MRPS28	unknown	79918717.0	80030289.0	loss	39	BRCA
858	TPD52	unknown	80034745.0	80231232.0	gain	623	BRCA
859	TPD52	unknown	80034745.0	80231232.0	loss	40	BRCA
860	RN7SL41P	unknown	80204606.0	80204902.0	gain	620	BRCA
861	RN7SL41P	unknown	80204606.0	80204902.0	loss	40	BRCA
862	MIR5708	unknown	80241389.0	80241473.0	gain	622	BRCA
863	MIR5708	unknown	80241389.0	80241473.0	loss	39	BRCA
864	ZBTB10	unknown	80485619.0	80526265.0	gain	623	BRCA
865	ZBTB10	unknown	80485619.0	80526265.0	loss	37	BRCA
866	RN7SL107P	unknown	80613544.0	80613826.0	gain	624	BRCA
867	RN7SL107P	unknown	80613544.0	80613826.0	loss	35	BRCA
868	ZNF704	unknown	80628451.0	80874781.0	gain	623	BRCA
869	ZNF704	unknown	80628451.0	80874781.0	loss	37	BRCA
870	RN7SL308P	unknown	80776666.0	80776962.0	gain	622	BRCA
871	RN7SL308P	unknown	80776666.0	80776962.0	loss	38	BRCA
872	PAG1	unknown	80967810.0	81112068.0	gain	622	BRCA
873	PAG1	unknown	80967810.0	81112068.0	loss	38	BRCA
874	FABP5	unknown	81280536.0	81284777.0	gain	617	BRCA
875	FABP5	unknown	81280536.0	81284777.0	loss	40	BRCA
876	PMP2	unknown	81440326.0	81447439.0	gain	618	BRCA
877	PMP2	unknown	81440326.0	81447439.0	loss	40	BRCA
878	FABP9	unknown	81458253.0	81461579.0	gain	618	BRCA
879	FABP9	unknown	81458253.0	81461579.0	loss	40	BRCA
880	FABP4	unknown	81478419.0	81483236.0	gain	618	BRCA
881	FABP4	unknown	81478419.0	81483236.0	loss	40	BRCA
882	FABP12	unknown	81524981.0	81531378.0	gain	618	BRCA
883	FABP12	unknown	81524981.0	81531378.0	loss	40	BRCA
884	IMPA1	unknown	81656914.0	81686331.0	gain	612	BRCA
885	IMPA1	unknown	81656914.0	81686331.0	loss	45	BRCA
886	SLC10A5	unknown	81693631.0	81695058.0	gain	612	BRCA
887	SLC10A5	unknown	81693631.0	81695058.0	loss	45	BRCA
888	ZFAND1	unknown	81701334.0	81732903.0	gain	613	BRCA
889	ZFAND1	unknown	81701334.0	81732903.0	loss	45	BRCA
890	CHMP4C	unknown	81732448.0	81759515.0	gain	613	BRCA
891	CHMP4C	unknown	81732448.0	81759515.0	loss	45	BRCA
892	SNX16	unknown	81799581.0	81842866.0	gain	615	BRCA
893	SNX16	unknown	81799581.0	81842866.0	loss	45	BRCA
894	RALYL	unknown	84182787.0	84921844.0	gain	619	BRCA
895	RALYL	unknown	84182787.0	84921844.0	loss	40	BRCA
896	LRRCC1	unknown	85107215.0	85146080.0	gain	615	BRCA
897	LRRCC1	unknown	85107215.0	85146080.0	loss	40	BRCA
898	E2F5	unknown	85177154.0	85217158.0	gain	617	BRCA
899	E2F5	unknown	85177154.0	85217158.0	loss	39	BRCA
900	CA13	unknown	85220587.0	85284073.0	gain	618	BRCA
901	CA13	unknown	85220587.0	85284073.0	loss	39	BRCA
902	CA1	unknown	85327608.0	85379014.0	gain	617	BRCA
903	CA1	unknown	85327608.0	85379014.0	loss	39	BRCA
904	CA3	unknown	85373436.0	85449040.0	gain	617	BRCA
905	CA3	unknown	85373436.0	85449040.0	loss	39	BRCA
906	CA2	unknown	85463968.0	85481493.0	gain	617	BRCA
907	CA2	unknown	85463968.0	85481493.0	loss	40	BRCA
908	REXO1L11P	unknown	85733419.0	85737278.0	gain	617	BRCA
909	REXO1L11P	unknown	85733419.0	85737278.0	loss	40	BRCA
910	REXO1L10P	ENSG00000255940.1	85744543.0	85748373.0	gain	617	BRCA
911	REXO1L10P	ENSG00000270416.1	85744543.0	85748373.0	gain	617	BRCA
912	REXO1L10P	ENSG00000255940.1	85744543.0	85748373.0	loss	40	BRCA
913	REXO1L10P	ENSG00000270416.1	85744543.0	85748373.0	loss	40	BRCA
914	ATP6V0D2	unknown	85987323.0	86154225.0	gain	617	BRCA
915	ATP6V0D2	unknown	85987323.0	86154225.0	loss	43	BRCA
916	PSKH2	unknown	86047109.0	86088621.0	gain	616	BRCA
917	PSKH2	unknown	86047109.0	86088621.0	loss	42	BRCA
918	SLC7A13	unknown	86214063.0	86321146.0	gain	616	BRCA
919	SLC7A13	unknown	86214063.0	86321146.0	loss	42	BRCA
920	WWP1	unknown	86342547.0	86478420.0	gain	616	BRCA
921	WWP1	unknown	86342547.0	86478420.0	loss	43	BRCA
922	RMDN1	unknown	86468257.0	86514357.0	gain	619	BRCA
923	RMDN1	unknown	86468257.0	86514357.0	loss	42	BRCA
924	CPNE3	unknown	86514435.0	86561498.0	gain	620	BRCA
925	CPNE3	unknown	86514435.0	86561498.0	loss	42	BRCA
926	CNGB3	unknown	86553977.0	86743675.0	gain	620	BRCA
927	CNGB3	unknown	86553977.0	86743675.0	loss	41	BRCA
928	CNBD1	unknown	86866415.0	87615219.0	gain	628	BRCA
929	CNBD1	unknown	86866415.0	87615219.0	loss	43	BRCA
930	DCAF4L2	unknown	87870747.0	87874015.0	gain	628	BRCA
931	DCAF4L2	unknown	87870747.0	87874015.0	loss	36	BRCA
932	MMP16	unknown	88032011.0	88328025.0	gain	632	BRCA
933	MMP16	unknown	88032011.0	88328025.0	loss	36	BRCA
934	RNA5SP272	unknown	88396437.0	88396547.0	gain	630	BRCA
935	RNA5SP272	unknown	88396437.0	88396547.0	loss	38	BRCA
936	RIPK2	unknown	89757806.0	89791064.0	gain	641	BRCA
937	RIPK2	unknown	89757806.0	89791064.0	loss	33	BRCA
938	OSGIN2	unknown	89901849.0	89927888.0	gain	643	BRCA
939	OSGIN2	unknown	89901849.0	89927888.0	loss	32	BRCA
940	NBN	unknown	89933336.0	90003228.0	gain	643	BRCA
941	NBN	unknown	89933336.0	90003228.0	loss	32	BRCA
942	DECR1	unknown	90001405.0	90053633.0	gain	643	BRCA
943	DECR1	unknown	90001405.0	90053633.0	loss	32	BRCA
944	CALB1	unknown	90058608.0	90095475.0	gain	643	BRCA
945	CALB1	unknown	90058608.0	90095475.0	loss	32	BRCA
946	LINC00534	unknown	90221341.0	90687863.0	gain	644	BRCA
947	LINC00534	unknown	90221341.0	90687863.0	loss	32	BRCA
948	RNA5SP273	unknown	90511128.0	90511240.0	gain	638	BRCA
949	RNA5SP273	unknown	90511128.0	90511240.0	loss	32	BRCA
950	TMEM64	unknown	90621995.0	90791632.0	gain	639	BRCA
951	TMEM64	unknown	90621995.0	90791632.0	loss	31	BRCA
952	NECAB1	unknown	90791741.0	90959393.0	gain	640	BRCA
953	NECAB1	unknown	90791741.0	90959393.0	loss	31	BRCA
954	OTUD6B	unknown	91070196.0	91087095.0	gain	639	BRCA
955	OTUD6B	unknown	91070196.0	91087095.0	loss	32	BRCA
956	LRRC69	unknown	91101832.0	91219236.0	gain	640	BRCA
957	LRRC69	unknown	91101832.0	91219236.0	loss	30	BRCA
958	MIR4661	unknown	91205485.0	91205559.0	gain	640	BRCA
959	MIR4661	unknown	91205485.0	91205559.0	loss	30	BRCA
960	SLC26A7	unknown	91209494.0	91398155.0	gain	644	BRCA
961	SLC26A7	unknown	91209494.0	91398155.0	loss	28	BRCA
962	RN7SKP231	unknown	91594965.0	91595241.0	gain	647	BRCA
963	RN7SKP231	unknown	91594965.0	91595241.0	loss	26	BRCA
964	RUNX1T1	unknown	91954967.0	92103286.0	gain	650	BRCA
965	RUNX1T1	unknown	91954967.0	92103286.0	loss	28	BRCA
966	TRIQK	unknown	92883532.0	93017673.0	gain	648	BRCA
967	TRIQK	unknown	92883532.0	93017673.0	loss	32	BRCA
968	C8orf87	unknown	93134095.0	93166850.0	gain	649	BRCA
969	C8orf87	unknown	93134095.0	93166850.0	loss	29	BRCA
970	LINC00535	unknown	93213302.0	93700433.0	gain	652	BRCA
971	LINC00535	unknown	93213302.0	93700433.0	loss	28	BRCA
972	RNA5SP274	unknown	93441277.0	93441384.0	gain	649	BRCA
973	RNA5SP274	unknown	93441277.0	93441384.0	loss	29	BRCA
974	RBM12B	unknown	93729356.0	93741017.0	gain	651	BRCA
975	RBM12B	unknown	93729356.0	93741017.0	loss	28	BRCA
976	TMEM67	unknown	93754844.0	93819234.0	gain	651	BRCA
977	TMEM67	unknown	93754844.0	93819234.0	loss	28	BRCA
978	PDP1	unknown	93857807.0	93926068.0	gain	653	BRCA
979	PDP1	unknown	93857807.0	93926068.0	loss	26	BRCA
980	MIR378D2	unknown	93916022.0	93916119.0	gain	653	BRCA
981	MIR378D2	unknown	93916022.0	93916119.0	loss	26	BRCA
982	CDH17	unknown	94127162.0	94217303.0	gain	656	BRCA
983	CDH17	unknown	94127162.0	94217303.0	loss	26	BRCA
984	GEM	unknown	94249253.0	94262350.0	gain	654	BRCA
985	GEM	unknown	94249253.0	94262350.0	loss	27	BRCA
986	RAD54B	unknown	94371960.0	94475115.0	gain	655	BRCA
987	RAD54B	unknown	94371960.0	94475115.0	loss	27	BRCA
988	FSBP	unknown	94372170.0	94436952.0	gain	655	BRCA
989	FSBP	unknown	94372170.0	94436952.0	loss	27	BRCA
990	ESRP1	unknown	94641074.0	94707466.0	gain	654	BRCA
991	ESRP1	unknown	94641074.0	94707466.0	loss	28	BRCA
992	DPY19L4	unknown	94719703.0	94793836.0	gain	652	BRCA
993	DPY19L4	unknown	94719703.0	94793836.0	loss	29	BRCA
994	INTS8	unknown	94813311.0	94881746.0	gain	653	BRCA
995	INTS8	unknown	94813311.0	94881746.0	loss	28	BRCA
996	CCNE2	unknown	94879770.0	94896678.0	gain	653	BRCA
997	CCNE2	unknown	94879770.0	94896678.0	loss	28	BRCA
998	NDUFAF6	unknown	94895767.0	95116455.0	gain	654	BRCA
999	NDUFAF6	unknown	94895767.0	95116455.0	loss	28	BRCA
1000	TP53INP1	unknown	94925972.0	94949378.0	gain	653	BRCA
1001	TP53INP1	unknown	94925972.0	94949378.0	loss	28	BRCA
1002	MIR3150B	unknown	95072911.0	95072996.0	gain	654	BRCA
1003	MIR3150B	unknown	95072911.0	95072996.0	loss	27	BRCA
1004	PLEKHF2	unknown	95133785.0	95156685.0	gain	654	BRCA
1005	PLEKHF2	unknown	95133785.0	95156685.0	loss	28	BRCA
1006	C8orf37	unknown	95244913.0	95269201.0	gain	653	BRCA
1007	C8orf37	unknown	95244913.0	95269201.0	loss	28	BRCA
1008	GDF6	unknown	96142333.0	96160806.0	gain	647	BRCA
1009	GDF6	unknown	96142333.0	96160806.0	loss	32	BRCA
1010	UQCRB	unknown	96225920.0	96235634.0	gain	648	BRCA
1011	UQCRB	unknown	96225920.0	96235634.0	loss	31	BRCA
1012	PTDSS1	unknown	96261902.0	96336995.0	gain	648	BRCA
1013	PTDSS1	unknown	96261902.0	96336995.0	loss	31	BRCA
1014	SDC2	unknown	96493813.0	96611790.0	gain	647	BRCA
1015	SDC2	unknown	96493813.0	96611790.0	loss	31	BRCA
1016	CPQ	unknown	96645242.0	97149654.0	gain	647	BRCA
1017	CPQ	unknown	96645242.0	97149654.0	loss	33	BRCA
1018	TSPYL5	unknown	97273488.0	97277928.0	gain	647	BRCA
1019	TSPYL5	unknown	97273488.0	97277928.0	loss	32	BRCA
1020	MTDH	unknown	97644184.0	97730260.0	gain	652	BRCA
1021	MTDH	unknown	97644184.0	97730260.0	loss	29	BRCA
1022	LAPTM4B	unknown	97775057.0	97853013.0	gain	654	BRCA
1023	LAPTM4B	unknown	97775057.0	97853013.0	loss	30	BRCA
1024	MATN2	unknown	97868840.0	98036724.0	gain	654	BRCA
1025	MATN2	unknown	97868840.0	98036724.0	loss	28	BRCA
1026	RPL30	unknown	98024851.0	98046469.0	gain	654	BRCA
1027	RPL30	unknown	98024851.0	98046469.0	loss	27	BRCA
1028	SNORA72	ENSG00000201944.1	98042086.0	98042217.0	gain	819	BRCA
1029	SNORA72	ENSG00000201898.1	98042086.0	98042217.0	gain	806	BRCA
1030	SNORA72	ENSG00000207249.1	98042086.0	98042217.0	gain	108	BRCA
1031	SNORA72	ENSG00000206901.1	98042086.0	98042217.0	gain	86	BRCA
1032	SNORA72	ENSG00000207084.1	98042086.0	98042217.0	gain	302	BRCA
1033	SNORA72	ENSG00000200355.1	98042086.0	98042217.0	gain	334	BRCA
1034	SNORA72	ENSG00000207067.1	98042086.0	98042217.0	gain	654	BRCA
1035	SNORA72	ENSG00000252158.1	98042086.0	98042217.0	gain	644	BRCA
1036	SNORA72	ENSG00000201944.1	98042086.0	98042217.0	loss	17	BRCA
1037	SNORA72	ENSG00000201898.1	98042086.0	98042217.0	loss	24	BRCA
1038	SNORA72	ENSG00000207249.1	98042086.0	98042217.0	loss	211	BRCA
1039	SNORA72	ENSG00000206901.1	98042086.0	98042217.0	loss	262	BRCA
1040	SNORA72	ENSG00000207084.1	98042086.0	98042217.0	loss	77	BRCA
1041	SNORA72	ENSG00000200355.1	98042086.0	98042217.0	loss	63	BRCA
1042	SNORA72	ENSG00000207067.1	98042086.0	98042217.0	loss	27	BRCA
1043	SNORA72	ENSG00000252158.1	98042086.0	98042217.0	loss	49	BRCA
1044	POP1	unknown	98117293.0	98159835.0	gain	654	BRCA
1045	POP1	unknown	98117293.0	98159835.0	loss	28	BRCA
1046	NIPAL2	unknown	98189826.0	98294393.0	gain	653	BRCA
1047	NIPAL2	unknown	98189826.0	98294393.0	loss	29	BRCA
1048	STK3	unknown	98371228.0	98942827.0	gain	658	BRCA
1049	STK3	unknown	98371228.0	98942827.0	loss	28	BRCA
1050	KCNS2	unknown	98426958.0	98432853.0	gain	653	BRCA
1051	KCNS2	unknown	98426958.0	98432853.0	loss	28	BRCA
1052	RN7SKP85	unknown	98921233.0	98921550.0	gain	656	BRCA
1053	RN7SKP85	unknown	98921233.0	98921550.0	loss	28	BRCA
1054	OSR2	unknown	98944403.0	98952104.0	gain	656	BRCA
1055	OSR2	unknown	98944403.0	98952104.0	loss	28	BRCA
1056	VPS13B	unknown	99013266.0	99877580.0	gain	663	BRCA
1057	VPS13B	unknown	99013266.0	99877580.0	loss	26	BRCA
1058	MIR599	unknown	99536636.0	99536730.0	gain	654	BRCA
1059	MIR599	unknown	99536636.0	99536730.0	loss	27	BRCA
1060	MIR875	unknown	99536786.0	99536861.0	gain	654	BRCA
1061	MIR875	unknown	99536786.0	99536861.0	loss	27	BRCA
1062	RN7SL350P	unknown	99613783.0	99614081.0	gain	654	BRCA
1063	RN7SL350P	unknown	99613783.0	99614081.0	loss	27	BRCA
1064	COX6C	unknown	99873200.0	99893707.0	gain	658	BRCA
1065	COX6C	unknown	99873200.0	99893707.0	loss	25	BRCA
1066	RGS22	unknown	99960936.0	100131268.0	gain	661	BRCA
1067	RGS22	unknown	99960936.0	100131268.0	loss	24	BRCA
1068	FBXO43	unknown	100133351.0	100145817.0	gain	661	BRCA
1069	FBXO43	unknown	100133351.0	100145817.0	loss	24	BRCA
1070	POLR2K	unknown	100150623.0	100154003.0	gain	662	BRCA
1071	POLR2K	unknown	100150623.0	100154003.0	loss	25	BRCA
1072	SPAG1	unknown	100157906.0	100259278.0	gain	662	BRCA
1073	SPAG1	unknown	100157906.0	100259278.0	loss	25	BRCA
1074	RNF19A	unknown	100257060.0	100336218.0	gain	665	BRCA
1075	RNF19A	unknown	100257060.0	100336218.0	loss	21	BRCA
1076	MIR4471	unknown	100382763.0	100382845.0	gain	664	BRCA
1077	MIR4471	unknown	100382763.0	100382845.0	loss	23	BRCA
1078	ANKRD46	unknown	100509752.0	100559784.0	gain	663	BRCA
1079	ANKRD46	unknown	100509752.0	100559784.0	loss	24	BRCA
1080	SNX31	unknown	100572889.0	100663415.0	gain	660	BRCA
1081	SNX31	unknown	100572889.0	100663415.0	loss	26	BRCA
1082	PABPC1	unknown	100685816.0	100722809.0	gain	658	BRCA
1083	PABPC1	unknown	100685816.0	100722809.0	loss	27	BRCA
1084	RNU6ATAC41P	unknown	100739802.0	100739927.0	gain	658	BRCA
1085	RNU6ATAC41P	unknown	100739802.0	100739927.0	loss	27	BRCA
1086	YWHAZ	unknown	100916523.0	100953388.0	gain	658	BRCA
1087	YWHAZ	unknown	100916523.0	100953388.0	loss	27	BRCA
1088	RN7SL685P	unknown	100957883.0	100958180.0	gain	658	BRCA
1089	RN7SL685P	unknown	100957883.0	100958180.0	loss	27	BRCA
1090	RN7SKP249	unknown	101137959.0	101138313.0	gain	660	BRCA
1091	RN7SKP249	unknown	101137959.0	101138313.0	loss	25	BRCA
1092	ZNF706	unknown	101177878.0	101206193.0	gain	660	BRCA
1093	ZNF706	unknown	101177878.0	101206193.0	loss	25	BRCA
1094	RN7SL563P	unknown	101397636.0	101397933.0	gain	662	BRCA
1095	RN7SL563P	unknown	101397636.0	101397933.0	loss	24	BRCA
1096	GRHL2	unknown	101492439.0	101669726.0	gain	663	BRCA
1097	GRHL2	unknown	101492439.0	101669726.0	loss	26	BRCA
1098	NCALD	unknown	101686542.0	102124907.0	gain	663	BRCA
1099	NCALD	unknown	101686542.0	102124907.0	loss	26	BRCA
1100	MIR5680	unknown	102125432.0	102125515.0	gain	660	BRCA
1101	MIR5680	unknown	102125432.0	102125515.0	loss	27	BRCA
1102	RRM2B	unknown	102204502.0	102238961.0	gain	661	BRCA
1103	RRM2B	unknown	102204502.0	102238961.0	loss	26	BRCA
1104	UBR5	unknown	102252273.0	102412759.0	gain	663	BRCA
1105	UBR5	unknown	102252273.0	102412759.0	loss	24	BRCA
1106	RNU6ATAC8P	unknown	102421197.0	102421322.0	gain	661	BRCA
1107	RNU6ATAC8P	unknown	102421197.0	102421322.0	loss	26	BRCA
1108	ODF1	unknown	102551589.0	102561018.0	gain	663	BRCA
1109	ODF1	unknown	102551589.0	102561018.0	loss	26	BRCA
1110	KLF10	unknown	102648784.0	102655725.0	gain	663	BRCA
1111	KLF10	unknown	102648784.0	102655725.0	loss	26	BRCA
1112	AZIN1	unknown	102826308.0	102893864.0	gain	665	BRCA
1113	AZIN1	unknown	102826308.0	102893864.0	loss	23	BRCA
1114	ATP6V1C1	unknown	103021063.0	103073051.0	gain	662	BRCA
1115	ATP6V1C1	unknown	103021063.0	103073051.0	loss	27	BRCA
1116	BAALC	unknown	103140713.0	103230305.0	gain	664	BRCA
1117	BAALC	unknown	103140713.0	103230305.0	loss	24	BRCA
1118	MIR3151	unknown	103154614.0	103154689.0	gain	664	BRCA
1119	MIR3151	unknown	103154614.0	103154689.0	loss	23	BRCA
1120	FZD6	unknown	103298433.0	103332866.0	gain	664	BRCA
1121	FZD6	unknown	103298433.0	103332866.0	loss	24	BRCA
1122	CTHRC1	unknown	103371538.0	103382989.0	gain	664	BRCA
1123	CTHRC1	unknown	103371538.0	103382989.0	loss	24	BRCA
1124	SLC25A32	unknown	103398635.0	103415189.0	gain	665	BRCA
1125	SLC25A32	unknown	103398635.0	103415189.0	loss	24	BRCA
1126	DCAF13	unknown	103414714.0	103443453.0	gain	665	BRCA
1127	DCAF13	unknown	103414714.0	103443453.0	loss	25	BRCA
1128	RIMS2	unknown	103500696.0	104256094.0	gain	670	BRCA
1129	RIMS2	unknown	103500696.0	104256094.0	loss	25	BRCA
1130	DPYS	unknown	104330324.0	104467055.0	gain	667	BRCA
1131	DPYS	unknown	104330324.0	104467055.0	loss	24	BRCA
1132	DCSTAMP	unknown	104339087.0	104356689.0	gain	666	BRCA
1133	DCSTAMP	unknown	104339087.0	104356689.0	loss	23	BRCA
1134	MIR548A3	unknown	104484369.0	104484465.0	gain	664	BRCA
1135	MIR548A3	unknown	104484369.0	104484465.0	loss	25	BRCA
1136	LRP12	unknown	104489231.0	104589024.0	gain	668	BRCA
1137	LRP12	unknown	104489231.0	104589024.0	loss	22	BRCA
1138	ZFPM2	unknown	104590733.0	105804539.0	gain	667	BRCA
1139	ZFPM2	unknown	104590733.0	105804539.0	loss	23	BRCA
1140	OXR1	unknown	106359476.0	106752694.0	gain	667	BRCA
1141	OXR1	unknown	106359476.0	106752694.0	loss	25	BRCA
1142	ABRA	unknown	106759483.0	106770244.0	gain	665	BRCA
1143	ABRA	unknown	106759483.0	106770244.0	loss	25	BRCA
1144	ANGPT1	unknown	107249482.0	107498055.0	gain	664	BRCA
1145	ANGPT1	unknown	107249482.0	107498055.0	loss	27	BRCA
1146	RNA5SP275	unknown	107884494.0	107884611.0	gain	658	BRCA
1147	RNA5SP275	unknown	107884494.0	107884611.0	loss	29	BRCA
1148	RSPO2	unknown	107899316.0	108083642.0	gain	659	BRCA
1149	RSPO2	unknown	107899316.0	108083642.0	loss	29	BRCA
1150	EIF3E	unknown	108201216.0	108435333.0	gain	661	BRCA
1151	EIF3E	unknown	108201216.0	108435333.0	loss	29	BRCA
1152	EMC2	unknown	108443601.0	108489196.0	gain	660	BRCA
1153	EMC2	unknown	108443601.0	108489196.0	loss	29	BRCA
1154	TMEM74	unknown	108606850.0	108787594.0	gain	662	BRCA
1155	TMEM74	unknown	108606850.0	108787594.0	loss	27	BRCA
1156	TRHR	unknown	109086621.0	109119584.0	gain	661	BRCA
1157	TRHR	unknown	109086621.0	109119584.0	loss	26	BRCA
1158	NUDCD1	unknown	109240919.0	109334118.0	gain	660	BRCA
1159	NUDCD1	unknown	109240919.0	109334118.0	loss	28	BRCA
1160	ENY2	unknown	109334324.0	109345954.0	gain	659	BRCA
1161	ENY2	unknown	109334324.0	109345954.0	loss	29	BRCA
1162	PKHD1L1	unknown	109362461.0	109537207.0	gain	659	BRCA
1163	PKHD1L1	unknown	109362461.0	109537207.0	loss	30	BRCA
1164	EBAG9	unknown	109539711.0	109565996.0	gain	658	BRCA
1165	EBAG9	unknown	109539711.0	109565996.0	loss	30	BRCA
1166	SYBU	unknown	109573978.0	109691791.0	gain	658	BRCA
1167	SYBU	unknown	109573978.0	109691791.0	loss	30	BRCA
1168	KCNV1	unknown	109963636.0	109975771.0	gain	657	BRCA
1169	KCNV1	unknown	109963636.0	109975771.0	loss	29	BRCA
1170	CSMD3	unknown	112222928.0	113436939.0	gain	664	BRCA
1171	CSMD3	unknown	112222928.0	113436939.0	loss	29	BRCA
1172	MIR2053	unknown	112643493.0	112643583.0	gain	660	BRCA
1173	MIR2053	unknown	112643493.0	112643583.0	loss	30	BRCA
1174	TRPS1	unknown	115408496.0	115809673.0	gain	672	BRCA
1175	TRPS1	unknown	115408496.0	115809673.0	loss	27	BRCA
1176	LINC00536	unknown	115950511.0	116325062.0	gain	672	BRCA
1177	LINC00536	unknown	115950511.0	116325062.0	loss	26	BRCA
1178	RNA5SP276	unknown	116022686.0	116022779.0	gain	673	BRCA
1179	RNA5SP276	unknown	116022686.0	116022779.0	loss	24	BRCA
1180	EIF3H	unknown	116642130.0	116766925.0	gain	669	BRCA
1181	EIF3H	unknown	116642130.0	116766925.0	loss	26	BRCA
1182	UTP23	unknown	116766505.0	116849463.0	gain	667	BRCA
1183	UTP23	unknown	116766505.0	116849463.0	loss	27	BRCA
1184	RAD21	unknown	116845934.0	116874776.0	gain	666	BRCA
1185	RAD21	unknown	116845934.0	116874776.0	loss	27	BRCA
1186	MIR3610	unknown	116874728.0	116874800.0	gain	666	BRCA
1187	MIR3610	unknown	116874728.0	116874800.0	loss	27	BRCA
1188	AARD	unknown	116938207.0	116944487.0	gain	666	BRCA
1189	AARD	unknown	116938207.0	116944487.0	loss	27	BRCA
1190	SLC30A8	unknown	116950273.0	117176714.0	gain	666	BRCA
1191	SLC30A8	unknown	116950273.0	117176714.0	loss	27	BRCA
1192	RN7SL228P	unknown	117017946.0	117018248.0	gain	666	BRCA
1193	RN7SL228P	unknown	117017946.0	117018248.0	loss	27	BRCA
1194	RN7SL826P	unknown	117163968.0	117164255.0	gain	665	BRCA
1195	RN7SL826P	unknown	117163968.0	117164255.0	loss	27	BRCA
1196	MED30	unknown	117520713.0	117540262.0	gain	663	BRCA
1197	MED30	unknown	117520713.0	117540262.0	loss	30	BRCA
1198	EXT1	unknown	117794490.0	118111853.0	gain	661	BRCA
1199	EXT1	unknown	117794490.0	118111853.0	loss	31	BRCA
1200	SAMD12	unknown	118189455.0	118622112.0	gain	664	BRCA
1201	SAMD12	unknown	118189455.0	118622112.0	loss	30	BRCA
1202	TNFRSF11B	unknown	118923557.0	118951885.0	gain	663	BRCA
1203	TNFRSF11B	unknown	118923557.0	118951885.0	loss	32	BRCA
1204	COLEC10	unknown	118995452.0	119108455.0	gain	664	BRCA
1205	COLEC10	unknown	118995452.0	119108455.0	loss	32	BRCA
1206	MAL2	unknown	119165034.0	119245673.0	gain	662	BRCA
1207	MAL2	unknown	119165034.0	119245673.0	loss	32	BRCA
1208	ENPP2	unknown	119557086.0	119673453.0	gain	662	BRCA
1209	ENPP2	unknown	119557086.0	119673453.0	loss	33	BRCA
1210	RN7SKP153	unknown	119711830.0	119712145.0	gain	662	BRCA
1211	RN7SKP153	unknown	119711830.0	119712145.0	loss	33	BRCA
1212	TAF2	unknown	119730774.0	119832841.0	gain	663	BRCA
1213	TAF2	unknown	119730774.0	119832841.0	loss	32	BRCA
1214	DSCC1	unknown	119833976.0	119855894.0	gain	660	BRCA
1215	DSCC1	unknown	119833976.0	119855894.0	loss	34	BRCA
1216	RN7SL396P	unknown	119862662.0	119862956.0	gain	660	BRCA
1217	RN7SL396P	unknown	119862662.0	119862956.0	loss	34	BRCA
1218	DEPTOR	unknown	119873717.0	120050918.0	gain	662	BRCA
1219	DEPTOR	unknown	119873717.0	120050918.0	loss	34	BRCA
1220	RNA5SP277	unknown	119891132.0	119891229.0	gain	661	BRCA
1221	RNA5SP277	unknown	119891132.0	119891229.0	loss	33	BRCA
1222	COL14A1	unknown	120059780.0	120373573.0	gain	661	BRCA
1223	COL14A1	unknown	120059780.0	120373573.0	loss	33	BRCA
1224	MRPL13	unknown	120380761.0	120445402.0	gain	659	BRCA
1225	MRPL13	unknown	120380761.0	120445402.0	loss	35	BRCA
1226	MTBP	unknown	120445400.0	120542133.0	gain	661	BRCA
1227	MTBP	unknown	120445400.0	120542133.0	loss	35	BRCA
1228	SNTB1	unknown	120535745.0	120813273.0	gain	660	BRCA
1229	SNTB1	unknown	120535745.0	120813273.0	loss	36	BRCA
1230	HAS2	unknown	121612116.0	121641440.0	gain	660	BRCA
1231	HAS2	unknown	121612116.0	121641440.0	loss	36	BRCA
1232	ZHX2	unknown	122781655.0	122974510.0	gain	660	BRCA
1233	ZHX2	unknown	122781655.0	122974510.0	loss	35	BRCA
1234	DERL1	unknown	123013170.0	123042302.0	gain	660	BRCA
1235	DERL1	unknown	123013170.0	123042302.0	loss	36	BRCA
1236	TBC1D31	unknown	123041968.0	123152153.0	gain	660	BRCA
1237	TBC1D31	unknown	123041968.0	123152153.0	loss	36	BRCA
1238	FAM83A	unknown	123178960.0	123210079.0	gain	661	BRCA
1239	FAM83A	unknown	123178960.0	123210079.0	loss	34	BRCA
1240	MIR4663	unknown	123215788.0	123215863.0	gain	662	BRCA
1241	MIR4663	unknown	123215788.0	123215863.0	loss	33	BRCA
1242	C8orf76	unknown	123219967.0	123241377.0	gain	662	BRCA
1243	C8orf76	unknown	123219967.0	123241377.0	loss	33	BRCA
1244	ZHX1	unknown	123248451.0	123275541.0	gain	662	BRCA
1245	ZHX1	unknown	123248451.0	123275541.0	loss	32	BRCA
1246	ATAD2	unknown	123319850.0	123416350.0	gain	663	BRCA
1247	ATAD2	unknown	123319850.0	123416350.0	loss	32	BRCA
1248	MIR548AA1	unknown	123348034.0	123348130.0	gain	662	BRCA
1249	MIR548AA1	unknown	123348034.0	123348130.0	loss	33	BRCA
1250	WDYHV1	unknown	123416726.0	123470028.0	gain	662	BRCA
1251	WDYHV1	unknown	123416726.0	123470028.0	loss	32	BRCA
1252	FBXO32	unknown	123497889.0	123541206.0	gain	660	BRCA
1253	FBXO32	unknown	123497889.0	123541206.0	loss	33	BRCA
1254	RN7SKP155	unknown	123588759.0	123589046.0	gain	661	BRCA
1255	RN7SKP155	unknown	123588759.0	123589046.0	loss	33	BRCA
1256	KLHL38	unknown	123645527.0	123652950.0	gain	662	BRCA
1257	KLHL38	unknown	123645527.0	123652950.0	loss	32	BRCA
1258	ANXA13	unknown	123680794.0	123737402.0	gain	662	BRCA
1259	ANXA13	unknown	123680794.0	123737402.0	loss	32	BRCA
1260	FAM91A1	unknown	123768439.0	123815452.0	gain	662	BRCA
1261	FAM91A1	unknown	123768439.0	123815452.0	loss	32	BRCA
1262	FER1L6	unknown	123851987.0	124120061.0	gain	664	BRCA
1263	FER1L6	unknown	123851987.0	124120061.0	loss	31	BRCA
1264	TMEM65	unknown	124306189.0	124372692.0	gain	667	BRCA
1265	TMEM65	unknown	124306189.0	124372692.0	loss	29	BRCA
1266	TRMT12	unknown	124450820.0	124462150.0	gain	667	BRCA
1267	TRMT12	unknown	124450820.0	124462150.0	loss	28	BRCA
1268	RNF139	unknown	124474738.0	124487914.0	gain	668	BRCA
1269	RNF139	unknown	124474738.0	124487914.0	loss	28	BRCA
1270	TATDN1	unknown	124488485.0	124539458.0	gain	668	BRCA
1271	TATDN1	unknown	124488485.0	124539458.0	loss	28	BRCA
1272	NDUFB9	unknown	124539101.0	124580648.0	gain	668	BRCA
1273	NDUFB9	unknown	124539101.0	124580648.0	loss	28	BRCA
1274	MTSS1	unknown	124550790.0	124728429.0	gain	668	BRCA
1275	MTSS1	unknown	124550790.0	124728429.0	loss	29	BRCA
1276	MIR4662B	unknown	124821978.0	124822058.0	gain	667	BRCA
1277	MIR4662B	unknown	124821978.0	124822058.0	loss	29	BRCA
1278	LINC00964	unknown	124823702.0	124962531.0	gain	667	BRCA
1279	LINC00964	unknown	124823702.0	124962531.0	loss	29	BRCA
1280	ZNF572	unknown	124973295.0	124979389.0	gain	667	BRCA
1281	ZNF572	unknown	124973295.0	124979389.0	loss	29	BRCA
1282	SQLE	unknown	124998497.0	125022283.0	gain	667	BRCA
1283	SQLE	unknown	124998497.0	125022283.0	loss	29	BRCA
1284	NSMCE2	unknown	125091679.0	125367120.0	gain	667	BRCA
1285	NSMCE2	unknown	125091679.0	125367120.0	loss	30	BRCA
1286	RN7SL329P	unknown	125270604.0	125270902.0	gain	664	BRCA
1287	RN7SL329P	unknown	125270604.0	125270902.0	loss	32	BRCA
1288	TRIB1	unknown	125430358.0	125438403.0	gain	665	BRCA
1289	TRIB1	unknown	125430358.0	125438403.0	loss	31	BRCA
1290	LINC00861	unknown	125859721.0	126292788.0	gain	667	BRCA
1291	LINC00861	unknown	125859721.0	126292788.0	loss	28	BRCA
1292	PCAT1	unknown	126556323.0	127419050.0	gain	666	BRCA
1293	PCAT1	unknown	126556323.0	127419050.0	loss	31	BRCA
1294	CASC8	unknown	127289817.0	127482139.0	gain	677	BRCA
1295	CASC8	unknown	127289817.0	127482139.0	loss	27	BRCA
1296	POU5F1B	unknown	127322183.0	127420066.0	gain	673	BRCA
1297	POU5F1B	unknown	127322183.0	127420066.0	loss	26	BRCA
1298	MYC	unknown	127735434.0	127742951.0	gain	678	BRCA
1299	MYC	unknown	127735434.0	127742951.0	loss	27	BRCA
1300	PVT1	unknown	127794526.0	128187101.0	gain	677	BRCA
1301	PVT1	unknown	127794526.0	128187101.0	loss	30	BRCA
1302	TMEM75	unknown	127946559.0	127948723.0	gain	673	BRCA
1303	TMEM75	unknown	127946559.0	127948723.0	loss	32	BRCA
1304	MIR1205	unknown	127960633.0	127960695.0	gain	674	BRCA
1305	MIR1205	unknown	127960633.0	127960695.0	loss	30	BRCA
1306	MIR1207	unknown	128049152.0	128049238.0	gain	674	BRCA
1307	MIR1207	unknown	128049152.0	128049238.0	loss	30	BRCA
1308	MIR1208	unknown	128150116.0	128150188.0	gain	680	BRCA
1309	MIR1208	unknown	128150116.0	128150188.0	loss	28	BRCA
1310	RN7SKP226	unknown	128220504.0	128220803.0	gain	675	BRCA
1311	RN7SKP226	unknown	128220504.0	128220803.0	loss	29	BRCA
1312	CCDC26	unknown	128634199.0	129683770.0	gain	654	BRCA
1313	CCDC26	unknown	128634199.0	129683770.0	loss	43	BRCA
1314	RN7SKP206	unknown	129290983.0	129291275.0	gain	657	BRCA
1315	RN7SKP206	unknown	129290983.0	129291275.0	loss	39	BRCA
1316	MIR3686	unknown	129484057.0	129484142.0	gain	654	BRCA
1317	MIR3686	unknown	129484057.0	129484142.0	loss	41	BRCA
1318	GSDMC	unknown	129748196.0	129786624.0	gain	653	BRCA
1319	GSDMC	unknown	129748196.0	129786624.0	loss	42	BRCA
1320	FAM49B	unknown	129839593.0	130017129.0	gain	654	BRCA
1321	FAM49B	unknown	129839593.0	130017129.0	loss	41	BRCA
1322	MIR5194	unknown	130008334.0	130008453.0	gain	651	BRCA
1323	MIR5194	unknown	130008334.0	130008453.0	loss	40	BRCA
1324	ASAP1	unknown	130052104.0	130443674.0	gain	655	BRCA
1325	ASAP1	unknown	130052104.0	130443674.0	loss	45	BRCA
1326	ADCY8	unknown	130780301.0	131040909.0	gain	644	BRCA
1327	ADCY8	unknown	130780301.0	131040909.0	loss	46	BRCA
1328	EFR3A	unknown	131904093.0	132013642.0	gain	641	BRCA
1329	EFR3A	unknown	131904093.0	132013642.0	loss	50	BRCA
1330	OC90	unknown	132024216.0	132059382.0	gain	640	BRCA
1331	OC90	unknown	132024216.0	132059382.0	loss	51	BRCA
1332	HHLA1	unknown	132061486.0	132111159.0	gain	639	BRCA
1333	HHLA1	unknown	132061486.0	132111159.0	loss	51	BRCA
1334	KCNQ3	unknown	132120859.0	132481095.0	gain	640	BRCA
1335	KCNQ3	unknown	132120859.0	132481095.0	loss	51	BRCA
1336	HPYR1	unknown	132507962.0	132565246.0	gain	637	BRCA
1337	HPYR1	unknown	132507962.0	132565246.0	loss	51	BRCA
1338	LRRC6	unknown	132570416.0	132675592.0	gain	639	BRCA
1339	LRRC6	unknown	132570416.0	132675592.0	loss	51	BRCA
1340	TMEM71	unknown	132685007.0	132760712.0	gain	638	BRCA
1341	TMEM71	unknown	132685007.0	132760712.0	loss	52	BRCA
1342	PHF20L1	unknown	132775358.0	132848807.0	gain	636	BRCA
1343	PHF20L1	unknown	132775358.0	132848807.0	loss	52	BRCA
1344	TG	unknown	132866958.0	133134903.0	gain	639	BRCA
1345	TG	unknown	132866958.0	133134903.0	loss	51	BRCA
1346	SLA	unknown	133036728.0	133102912.0	gain	637	BRCA
1347	SLA	unknown	133036728.0	133102912.0	loss	51	BRCA
1348	NDRG1	unknown	133237171.0	133302022.0	gain	637	BRCA
1349	NDRG1	unknown	133237171.0	133302022.0	loss	51	BRCA
1350	ST3GAL1	unknown	133454848.0	133571940.0	gain	635	BRCA
1351	ST3GAL1	unknown	133454848.0	133571940.0	loss	52	BRCA
1352	ZFAT	unknown	134477788.0	134713049.0	gain	636	BRCA
1353	ZFAT	unknown	134477788.0	134713049.0	loss	56	BRCA
1354	MIR30B	unknown	134800520.0	134800607.0	gain	634	BRCA
1355	MIR30B	unknown	134800520.0	134800607.0	loss	56	BRCA
1356	MIR30D	unknown	134804876.0	134804945.0	gain	634	BRCA
1357	MIR30D	unknown	134804876.0	134804945.0	loss	56	BRCA
1358	KHDRBS3	unknown	135457456.0	135656722.0	gain	632	BRCA
1359	KHDRBS3	unknown	135457456.0	135656722.0	loss	59	BRCA
1360	FAM135B	unknown	138130023.0	138497261.0	gain	624	BRCA
1361	FAM135B	unknown	138130023.0	138497261.0	loss	67	BRCA
1362	COL22A1	unknown	138588235.0	138914041.0	gain	624	BRCA
1363	COL22A1	unknown	138588235.0	138914041.0	loss	68	BRCA
1364	KCNK9	unknown	139600838.0	139704109.0	gain	623	BRCA
1365	KCNK9	unknown	139600838.0	139704109.0	loss	66	BRCA
1366	TRAPPC9	unknown	139727725.0	140458579.0	gain	626	BRCA
1367	TRAPPC9	unknown	139727725.0	140458579.0	loss	68	BRCA
1368	C8orf17	unknown	139931172.0	139933946.0	gain	624	BRCA
1369	C8orf17	unknown	139931172.0	139933946.0	loss	67	BRCA
1370	CHRAC1	unknown	140511311.0	140517154.0	gain	626	BRCA
1371	CHRAC1	unknown	140511311.0	140517154.0	loss	66	BRCA
1372	AGO2	unknown	140520156.0	140635633.0	gain	628	BRCA
1373	AGO2	unknown	140520156.0	140635633.0	loss	66	BRCA
1374	PTK2	unknown	140657900.0	141002216.0	gain	626	BRCA
1375	PTK2	unknown	140657900.0	141002216.0	loss	67	BRCA
1376	MIR151A	unknown	140732564.0	140732653.0	gain	626	BRCA
1377	MIR151A	unknown	140732564.0	140732653.0	loss	67	BRCA
1378	RNA5SP278	unknown	140940562.0	140940663.0	gain	626	BRCA
1379	RNA5SP278	unknown	140940562.0	140940663.0	loss	67	BRCA
1380	DENND3	unknown	141117278.0	141195808.0	gain	626	BRCA
1381	DENND3	unknown	141117278.0	141195808.0	loss	67	BRCA
1382	SLC45A4	unknown	141207166.0	141308305.0	gain	623	BRCA
1383	SLC45A4	unknown	141207166.0	141308305.0	loss	70	BRCA
1384	GPR20	unknown	141356470.0	141367286.0	gain	623	BRCA
1385	GPR20	unknown	141356470.0	141367286.0	loss	68	BRCA
1386	PTP4A3	unknown	141391995.0	141432454.0	gain	623	BRCA
1387	PTP4A3	unknown	141391995.0	141432454.0	loss	68	BRCA
1388	MROH5	unknown	141433829.0	141507230.0	gain	623	BRCA
1389	MROH5	unknown	141433829.0	141507230.0	loss	68	BRCA
1390	LINC00051	unknown	142198356.0	142209003.0	gain	623	BRCA
1391	LINC00051	unknown	142198356.0	142209003.0	loss	68	BRCA
1392	TSNARE1	unknown	142212080.0	142403182.0	gain	623	BRCA
1393	TSNARE1	unknown	142212080.0	142403182.0	loss	68	BRCA
1394	ARC	unknown	142611049.0	142614479.0	gain	618	BRCA
1395	ARC	unknown	142611049.0	142614479.0	loss	70	BRCA
1396	JRK	unknown	142657460.0	142681968.0	gain	619	BRCA
1397	JRK	unknown	142657460.0	142681968.0	loss	70	BRCA
1398	PSCA	unknown	142670308.0	142682725.0	gain	619	BRCA
1399	PSCA	unknown	142670308.0	142682725.0	loss	70	BRCA
1400	LY6K	unknown	142700111.0	142705127.0	gain	619	BRCA
1401	LY6K	unknown	142700111.0	142705127.0	loss	70	BRCA
1402	THEM6	unknown	142727223.0	142736927.0	gain	619	BRCA
1403	THEM6	unknown	142727223.0	142736927.0	loss	70	BRCA
1404	SLURP1	unknown	142740949.0	142742406.0	gain	619	BRCA
1405	SLURP1	unknown	142740949.0	142742406.0	loss	70	BRCA
1406	LYPD2	unknown	142750150.0	142752532.0	gain	619	BRCA
1407	LYPD2	unknown	142750150.0	142752532.0	loss	70	BRCA
1408	LYNX1	unknown	142771197.0	142777810.0	gain	619	BRCA
1409	LYNX1	unknown	142771197.0	142777810.0	loss	69	BRCA
1410	LY6D	unknown	142784882.0	142786539.0	gain	619	BRCA
1411	LY6D	unknown	142784882.0	142786539.0	loss	69	BRCA
1412	GML	unknown	142834247.0	142916506.0	gain	619	BRCA
1413	GML	unknown	142834247.0	142916506.0	loss	68	BRCA
1414	CYP11B1	unknown	142872354.0	142879846.0	gain	619	BRCA
1415	CYP11B1	unknown	142872354.0	142879846.0	loss	68	BRCA
1416	CYP11B2	unknown	142910559.0	142917843.0	gain	619	BRCA
1417	CYP11B2	unknown	142910559.0	142917843.0	loss	68	BRCA
1418	LY6E	unknown	143017982.0	143023832.0	gain	619	BRCA
1419	LY6E	unknown	143017982.0	143023832.0	loss	68	BRCA
1420	C8orf31	unknown	143039209.0	143060684.0	gain	619	BRCA
1421	C8orf31	unknown	143039209.0	143060684.0	loss	68	BRCA
1422	LY6H	unknown	143157914.0	143160711.0	gain	620	BRCA
1423	LY6H	unknown	143157914.0	143160711.0	loss	68	BRCA
1424	GPIHBP1	unknown	143213218.0	143217170.0	gain	619	BRCA
1425	GPIHBP1	unknown	143213218.0	143217170.0	loss	68	BRCA
1426	ZFP41	unknown	143246821.0	143262705.0	gain	619	BRCA
1427	ZFP41	unknown	143246821.0	143262705.0	loss	68	BRCA
1428	GLI4	unknown	143267433.0	143276931.0	gain	619	BRCA
1429	GLI4	unknown	143267433.0	143276931.0	loss	68	BRCA
1430	ZNF696	unknown	143289676.0	143299952.0	gain	618	BRCA
1431	ZNF696	unknown	143289676.0	143299952.0	loss	69	BRCA
1432	TOP1MT	unknown	143304384.0	143359979.0	gain	618	BRCA
1433	TOP1MT	unknown	143304384.0	143359979.0	loss	70	BRCA
1434	RHPN1	unknown	143368876.0	143384221.0	gain	617	BRCA
1435	RHPN1	unknown	143368876.0	143384221.0	loss	70	BRCA
1436	MAFA	unknown	143419182.0	143430732.0	gain	618	BRCA
1437	MAFA	unknown	143419182.0	143430732.0	loss	70	BRCA
1438	ZC3H3	unknown	143437659.0	143541447.0	gain	620	BRCA
1439	ZC3H3	unknown	143437659.0	143541447.0	loss	69	BRCA
1440	GSDMD	unknown	143553207.0	143563062.0	gain	620	BRCA
1441	GSDMD	unknown	143553207.0	143563062.0	loss	69	BRCA
1442	MROH6	unknown	143566192.0	143572772.0	gain	619	BRCA
1443	MROH6	unknown	143566192.0	143572772.0	loss	69	BRCA
1444	EEF1D	unknown	143579697.0	143599541.0	gain	619	BRCA
1445	EEF1D	unknown	143579697.0	143599541.0	loss	69	BRCA
1446	TIGD5	unknown	143597831.0	143603224.0	gain	618	BRCA
1447	TIGD5	unknown	143597831.0	143603224.0	loss	70	BRCA
1448	TSTA3	unknown	143612618.0	143618048.0	gain	617	BRCA
1449	TSTA3	unknown	143612618.0	143618048.0	loss	71	BRCA
1450	ZNF623	unknown	143636013.0	143656418.0	gain	617	BRCA
1451	ZNF623	unknown	143636013.0	143656418.0	loss	71	BRCA
1452	ZNF707	unknown	143684452.0	143713898.0	gain	617	BRCA
1453	ZNF707	unknown	143684452.0	143713898.0	loss	69	BRCA
1454	CCDC166	unknown	143706694.0	143708109.0	gain	617	BRCA
1455	CCDC166	unknown	143706694.0	143708109.0	loss	69	BRCA
1456	MAPK15	unknown	143716340.0	143722458.0	gain	617	BRCA
1457	MAPK15	unknown	143716340.0	143722458.0	loss	69	BRCA
1458	FAM83H	unknown	143723933.0	143738234.0	gain	617	BRCA
1459	FAM83H	unknown	143723933.0	143738234.0	loss	69	BRCA
1460	MIR4664	unknown	143733083.0	143733153.0	gain	617	BRCA
1461	MIR4664	unknown	143733083.0	143733153.0	loss	69	BRCA
1462	SCRIB	unknown	143790920.0	143815773.0	gain	616	BRCA
1463	SCRIB	unknown	143790920.0	143815773.0	loss	69	BRCA
1464	MIR937	unknown	143812957.0	143813042.0	gain	616	BRCA
1465	MIR937	unknown	143812957.0	143813042.0	loss	69	BRCA
1466	PUF60	unknown	143816344.0	143829352.0	gain	616	BRCA
1467	PUF60	unknown	143816344.0	143829352.0	loss	69	BRCA
1468	NRBP2	unknown	143833583.0	143840973.0	gain	617	BRCA
1469	NRBP2	unknown	143833583.0	143840973.0	loss	69	BRCA
1470	EPPK1	unknown	143857324.0	143878467.0	gain	616	BRCA
1471	EPPK1	unknown	143857324.0	143878467.0	loss	69	BRCA
1472	PLEC	unknown	143915147.0	143976734.0	gain	617	BRCA
1473	PLEC	unknown	143915147.0	143976734.0	loss	69	BRCA
1474	MIR661	unknown	143945191.0	143945279.0	gain	616	BRCA
1475	MIR661	unknown	143945191.0	143945279.0	loss	69	BRCA
1476	PARP10	unknown	143977153.0	144012772.0	gain	618	BRCA
1477	PARP10	unknown	143977153.0	144012772.0	loss	69	BRCA
1478	GRINA	unknown	143990056.0	143993415.0	gain	617	BRCA
1479	GRINA	unknown	143990056.0	143993415.0	loss	69	BRCA
1480	SPATC1	unknown	144012280.0	144047114.0	gain	618	BRCA
1481	SPATC1	unknown	144012280.0	144047114.0	loss	69	BRCA
1482	OPLAH	unknown	144051266.0	144063965.0	gain	618	BRCA
1483	OPLAH	unknown	144051266.0	144063965.0	loss	69	BRCA
1484	EXOSC4	unknown	144078648.0	144080648.0	gain	618	BRCA
1485	EXOSC4	unknown	144078648.0	144080648.0	loss	69	BRCA
1486	GPAA1	unknown	144082590.0	144086216.0	gain	618	BRCA
1487	GPAA1	unknown	144082590.0	144086216.0	loss	69	BRCA
1488	CYC1	unknown	144095039.0	144097525.0	gain	617	BRCA
1489	CYC1	unknown	144095039.0	144097525.0	loss	69	BRCA
1490	SHARPIN	unknown	144098633.0	144108124.0	gain	617	BRCA
1491	SHARPIN	unknown	144098633.0	144108124.0	loss	69	BRCA
1492	MAF1	unknown	144104461.0	144107611.0	gain	617	BRCA
1493	MAF1	unknown	144104461.0	144107611.0	loss	69	BRCA
1494	MROH1	unknown	144148016.0	144261940.0	gain	618	BRCA
1495	MROH1	unknown	144148016.0	144261940.0	loss	68	BRCA
1496	BOP1	unknown	144262045.0	144291438.0	gain	616	BRCA
1497	BOP1	unknown	144262045.0	144291438.0	loss	69	BRCA
1498	HSF1	unknown	144291591.0	144314720.0	gain	616	BRCA
1499	HSF1	unknown	144291591.0	144314720.0	loss	69	BRCA
1500	DGAT1	unknown	144314584.0	144326910.0	gain	616	BRCA
1501	DGAT1	unknown	144314584.0	144326910.0	loss	69	BRCA
1502	SCRT1	unknown	144330565.0	144336482.0	gain	616	BRCA
1503	SCRT1	unknown	144330565.0	144336482.0	loss	69	BRCA
1504	TMEM249	unknown	144352219.0	144354914.0	gain	616	BRCA
1505	TMEM249	unknown	144352219.0	144354914.0	loss	69	BRCA
1506	SLC52A2	unknown	144354135.0	144361272.0	gain	616	BRCA
1507	SLC52A2	unknown	144354135.0	144361272.0	loss	69	BRCA
1508	FBXL6	unknown	144355431.0	144359376.0	gain	616	BRCA
1509	FBXL6	unknown	144355431.0	144359376.0	loss	69	BRCA
1510	ADCK5	unknown	144373101.0	144393242.0	gain	616	BRCA
1511	ADCK5	unknown	144373101.0	144393242.0	loss	69	BRCA
1512	CPSF1	unknown	144393229.0	144409335.0	gain	616	BRCA
1513	CPSF1	unknown	144393229.0	144409335.0	loss	69	BRCA
1514	MIR939	unknown	144394149.0	144394230.0	gain	616	BRCA
1515	MIR939	unknown	144394149.0	144394230.0	loss	69	BRCA
1516	MIR1234	unknown	144400086.0	144400165.0	gain	616	BRCA
1517	MIR1234	unknown	144400086.0	144400165.0	loss	69	BRCA
1518	SLC39A4	unknown	144409742.0	144416895.0	gain	616	BRCA
1519	SLC39A4	unknown	144409742.0	144416895.0	loss	69	BRCA
1520	VPS28	unknown	144423601.0	144428563.0	gain	616	BRCA
1521	VPS28	unknown	144423601.0	144428563.0	loss	69	BRCA
1522	TONSL	unknown	144428775.0	144444440.0	gain	616	BRCA
1523	TONSL	unknown	144428775.0	144444440.0	loss	69	BRCA
1524	CYHR1	unknown	144449582.0	144465677.0	gain	616	BRCA
1525	CYHR1	unknown	144449582.0	144465677.0	loss	69	BRCA
1526	KIFC2	unknown	144466043.0	144474202.0	gain	616	BRCA
1527	KIFC2	unknown	144466043.0	144474202.0	loss	69	BRCA
1528	FOXH1	unknown	144473412.0	144475849.0	gain	616	BRCA
1529	FOXH1	unknown	144473412.0	144475849.0	loss	69	BRCA
1530	PPP1R16A	unknown	144477969.0	144502121.0	gain	616	BRCA
1531	PPP1R16A	unknown	144477969.0	144502121.0	loss	69	BRCA
1532	GPT	unknown	144502973.0	144507174.0	gain	616	BRCA
1533	GPT	unknown	144502973.0	144507174.0	loss	69	BRCA
1534	MFSD3	unknown	144509070.0	144511213.0	gain	616	BRCA
1535	MFSD3	unknown	144509070.0	144511213.0	loss	69	BRCA
1536	RECQL4	unknown	144511288.0	144517845.0	gain	616	BRCA
1537	RECQL4	unknown	144511288.0	144517845.0	loss	69	BRCA
1538	LRRC14	unknown	144517992.0	144525172.0	gain	616	BRCA
1539	LRRC14	unknown	144517992.0	144525172.0	loss	69	BRCA
1540	LRRC24	unknown	144522388.0	144527033.0	gain	616	BRCA
1541	LRRC24	unknown	144522388.0	144527033.0	loss	69	BRCA
1542	C8orf82	unknown	144525733.0	144529132.0	gain	616	BRCA
1543	C8orf82	unknown	144525733.0	144529132.0	loss	69	BRCA
1544	ARHGAP39	unknown	144529179.0	144605816.0	gain	616	BRCA
1545	ARHGAP39	unknown	144529179.0	144605816.0	loss	69	BRCA
1546	ZNF251	unknown	144720907.0	144756417.0	gain	616	BRCA
1547	ZNF251	unknown	144720907.0	144756417.0	loss	69	BRCA
1548	ZNF34	unknown	144773114.0	144787345.0	gain	616	BRCA
1549	ZNF34	unknown	144773114.0	144787345.0	loss	69	BRCA
1550	RN7SL395P	unknown	144785298.0	144785588.0	gain	616	BRCA
1551	RN7SL395P	unknown	144785298.0	144785588.0	loss	69	BRCA
1552	RPL8	unknown	144789765.0	144792587.0	gain	616	BRCA
1553	RPL8	unknown	144789765.0	144792587.0	loss	69	BRCA
1554	ZNF517	unknown	144798876.0	144811169.0	gain	616	BRCA
1555	ZNF517	unknown	144798876.0	144811169.0	loss	69	BRCA
1556	ZNF7	unknown	144827464.0	144847509.0	gain	616	BRCA
1557	ZNF7	unknown	144827464.0	144847509.0	loss	69	BRCA
1558	COMMD5	unknown	144841042.0	144853736.0	gain	616	BRCA
1559	COMMD5	unknown	144841042.0	144853736.0	loss	69	BRCA
1560	ZNF250	unknown	144876497.0	144902168.0	gain	616	BRCA
1561	ZNF250	unknown	144876497.0	144902168.0	loss	69	BRCA
1562	ZNF16	unknown	144930358.0	144950888.0	gain	616	BRCA
1563	ZNF16	unknown	144930358.0	144950888.0	loss	69	BRCA
1564	ZNF252P	unknown	144973589.0	145002895.0	gain	616	BRCA
1565	ZNF252P	unknown	144973589.0	145002895.0	loss	69	BRCA
1566	C8orf33	unknown	145052465.0	145066685.0	gain	616	BRCA
1567	C8orf33	unknown	145052465.0	145066685.0	loss	69	BRCA
