protein	Database_ID	adj_p	cancer_type	change	tumor_sample_size	not_tumor_sample_size
GPT	ENSG00000167701	4.957107598364742e-18	hnscc	-2.827077936841433	70	46
ATP6V1C1	ENSG00000155097	9.782409064308707e-18	hnscc	7.55468405044776	70	46
ARMC1	ENSG00000104442	1.297189364953004e-17	hnscc	6.015846247831433	70	46
MTBP	ENSG00000172167	2.6327021585273885e-17	hnscc	1.8615684684025786	70	46
EFR3A	ENSG00000132294	6.996691756910035e-17	hnscc	10.049261516042378	70	46
FAM91A1	ENSG00000176853	8.63507809541801e-17	hnscc	9.48513015100376	70	46
PRKDC	ENSG00000253729	1.152490288959137e-16	hnscc	29.44419850448032	70	46
MCM4	ENSG00000104738	1.3211966234800512e-16	hnscc	16.937503105631393	70	46
DERL1	ENSG00000136986	2.5239515806635786e-16	hnscc	5.518236650185999	70	46
ATAD2	ENSG00000156802	6.083879789415098e-16	hnscc	12.270088234033402	70	46
TAF2	ENSG00000064313	6.083879789415098e-16	hnscc	6.136745915197183	70	46
TBC1D31	ENSG00000156787	6.465394721597395e-16	hnscc	1.4975063769038781	70	46
CA13	ENSG00000185015	6.955176635386443e-16	hnscc	-2.475891070842705	70	46
TGS1	ENSG00000137574	1.8820758445116927e-15	hnscc	6.5616691516333265	70	46
SLC25A32	ENSG00000164933	7.799676795354774e-15	hnscc	5.252843129706235	70	46
STK3	ENSG00000104375	1.4491492117912607e-14	hnscc	2.8062433625661223	70	46
NUDCD1	ENSG00000120526	1.4491492117912607e-14	hnscc	5.540486812514084	70	46
RAD21	ENSG00000164754	1.4491492117912607e-14	hnscc	20.813805080431283	70	46
MTERF3	ENSG00000156469	1.4491492117912607e-14	hnscc	4.89780333243096	70	46
INTS8	ENSG00000164941	4.02397782182508e-14	hnscc	3.275371847487272	70	46
SLURP1	ENSG00000126233	7.792406159404192e-14	hnscc	-237.76307959845013	70	46
UBE2V2	ENSG00000169139	8.783597170032424e-14	hnscc	3.0693077665403194	70	46
VCPIP1	ENSG00000175073	1.4174583534333872e-13	hnscc	3.242038190197089	70	46
LAPTM4B	ENSG00000104341	2.5753409522401607e-13	hnscc	25.465418768983533	70	46
MTDH	ENSG00000147649	2.6869986626537717e-13	hnscc	12.096942358033978	70	46
SLC52A2	ENSG00000185803	5.626858554706089e-13	hnscc	6.116122387454001	70	46
SNAI2	ENSG00000019549	2.135222474537956e-12	hnscc	20.050542699439525	70	46
ADHFE1	ENSG00000147576	2.2194710932245816e-12	hnscc	-2.197097482417573	70	46
MTFR1	ENSG00000066855	2.353230393487063e-12	hnscc	2.650474492463445	70	46
MRPL13	ENSG00000172172	2.4596942299536006e-12	hnscc	3.3767367993523445	70	46
RAD54B	ENSG00000197275	2.4596942299536006e-12	hnscc	0.6433045326370056	70	46
OTUD6B	ENSG00000155100	2.4596942299536006e-12	hnscc	2.2357723657747517	70	46
DEPTOR	ENSG00000155792	2.468302472346791e-12	hnscc	-14.526318825189973	70	46
COL14A1	ENSG00000187955	3.704427937310038e-12	hnscc	-23.302873976143903	70	46
DCAF13	ENSG00000164934	3.888333595444323e-12	hnscc	3.5784622352301465	70	46
LYN	ENSG00000254087	4.272933943077004e-12	hnscc	5.735163197461918	70	46
BOP1	ENSG00000261236	5.089927124276652e-12	hnscc	6.061217636772086	70	46
CTHRC1	ENSG00000164932	6.3564497497860756e-12	hnscc	32.91263228095006	70	46
MED30	ENSG00000164758	6.3564497497860756e-12	hnscc	3.1274831680438915	70	46
POLR2K	ENSG00000147669	6.4938210986094e-12	hnscc	7.503991847368807	70	46
ASAP1	ENSG00000153317	6.610452555930856e-12	hnscc	5.541139104983991	70	46
EXT1	ENSG00000182197	7.105918380772648e-12	hnscc	9.442221704121966	70	46
UBE2W	ENSG00000104343	7.278703174192481e-12	hnscc	1.6812401442756344	70	46
SULF1	ENSG00000137573	8.546392836690435e-12	hnscc	32.85938536198417	70	46
RBM12B	ENSG00000183808	1.1436786775147547e-11	hnscc	3.5377822437993878	70	46
PUF60	ENSG00000179950	1.148719829781665e-11	hnscc	7.371081560345473	70	46
OXR1	ENSG00000164830	1.5362131762891035e-11	hnscc	-6.711993972240457	70	46
FBXL6	ENSG00000182325	1.7290335106880455e-11	hnscc	1.6250737803134587	70	46
TONSL	ENSG00000160949	1.888193691946305e-11	hnscc	2.150626210497302	70	46
NSMCE2	ENSG00000156831	2.1037855069063415e-11	hnscc	2.8406518761782324	70	46
DPY19L4	ENSG00000156162	2.8179139848076123e-11	hnscc	2.528800985956993	70	46
UBR5	ENSG00000104517	3.157760217697174e-11	hnscc	10.51228157371138	70	46
RRS1	ENSG00000179041	5.680554728541298e-11	hnscc	3.1562863760427424	70	46
POP1	ENSG00000104356	1.2609491402933323e-10	hnscc	1.9560232710256011	70	46
PREX2	ENSG00000046889	1.299367238708606e-10	hnscc	-2.3412750428442797	70	46
DSCC1	ENSG00000136982	2.002215916705869e-10	hnscc	2.6901557336974706	70	46
CCNE2	ENSG00000175305	2.2422391112790086e-10	hnscc	2.041206201469935	70	46
ZNF707	ENSG00000181135	2.491842822660399e-10	hnscc	0.7767523034913083	70	46
GSDMD	ENSG00000104518	2.915517851498664e-10	hnscc	5.023766275961173	70	46
CHRAC1	ENSG00000104472	4.1334873173887923e-10	hnscc	2.467277466365021	70	46
PAG1	ENSG00000076641	8.282595570342255e-10	hnscc	3.724606578252767	70	46
TATDN1	ENSG00000147687	8.521413400322869e-10	hnscc	1.6990697973989768	70	46
SQLE	ENSG00000104549	8.649277142284899e-10	hnscc	16.05467615699719	70	46
EXOSC4	ENSG00000178896	1.000934412250567e-09	hnscc	4.578677193988511	70	46
VPS13B	ENSG00000132549	1.3079674161727677e-09	hnscc	3.985324060250587	70	46
PTDSS1	ENSG00000156471	1.5493446089604151e-09	hnscc	7.894413121715662	70	46
FZD6	ENSG00000164930	1.744316322650301e-09	hnscc	21.19125762461022	70	46
PMP2	ENSG00000147588	1.9561718455383036e-09	hnscc	-0.7681520804947788	70	46
RIPK2	ENSG00000104312	1.956254319941376e-09	hnscc	4.323947024537684	70	46
NDUFAF6	ENSG00000156170	2.0138308614059067e-09	hnscc	0.8308522068221142	70	46
LRP12	ENSG00000147650	2.0138308614059067e-09	hnscc	2.76446176317698	70	46
NKAIN3	ENSG00000185942	2.4112245110670066e-09	hnscc	-0.16884174209034097	70	46
RGS20	ENSG00000147509	2.512110488241644e-09	hnscc	1.581254984257373	70	46
LYPD2	ENSG00000197353	3.4573935687767667e-09	hnscc	-63.1890933981876	70	46
SNX31	ENSG00000174226	3.599267766409355e-09	hnscc	-6.18980460952111	70	46
LACTB2	ENSG00000147592	4.528410231226279e-09	hnscc	2.024181460598732	70	46
COPS5	ENSG00000121022	4.625598690544522e-09	hnscc	1.598393381873625	70	46
OSGIN2	ENSG00000164823	4.661313753384486e-09	hnscc	2.1220269701600727	70	46
ZNF7	ENSG00000147789	5.76648006195286e-09	hnscc	1.1315167187108797	70	46
SHARPIN	ENSG00000179526	6.465482950152328e-09	hnscc	2.800815070811244	70	46
ZNF623	ENSG00000183309	6.465482950152328e-09	hnscc	2.519487186943987	70	46
YTHDF3	ENSG00000185728	6.580943708780453e-09	hnscc	4.952430440199583	70	46
TOP1MT	ENSG00000184428	6.61173445111123e-09	hnscc	1.993329702123525	70	46
GPIHBP1	ENSG00000277494	7.624611877700264e-09	hnscc	-1.2108625908180273	70	46
AZIN1	ENSG00000155096	9.44330009685116e-09	hnscc	8.64858088163314	70	46
AGO2	ENSG00000123908	1.6304213565042242e-08	hnscc	4.650549650145587	70	46
ADCK5	ENSG00000173137	2.0651855918856575e-08	hnscc	1.2873681501550442	70	46
CSPP1	ENSG00000104218	2.0879897147997632e-08	hnscc	1.5198075224040988	70	46
ENY2	ENSG00000120533	2.2185752563402606e-08	hnscc	1.7584828894716003	70	46
RGS22	ENSG00000132554	2.6664644343426067e-08	hnscc	-0.5292893896743367	70	46
TCEA1	ENSG00000187735	2.672284546708744e-08	hnscc	7.371699546259665	70	46
PI15	ENSG00000137558	3.449989783451828e-08	hnscc	2.2135211232093797	70	46
PDP1	ENSG00000164951	3.5608823842422194e-08	hnscc	8.322744730221736	70	46
PSCA	ENSG00000167653	3.586906161507433e-08	hnscc	-32.82909340304195	70	46
PHF20L1	ENSG00000129292	4.153442572882062e-08	hnscc	1.7165623043624203	70	46
LRRC69	ENSG00000214954	4.22625167864045e-08	hnscc	0.5325499731662999	70	46
CLVS1	ENSG00000177182	4.605299285071672e-08	hnscc	-0.247382612125575	70	46
GRINA	ENSG00000178719	4.675237386603151e-08	hnscc	10.373307716382033	70	46
NIPAL2	ENSG00000104361	4.9120199063282586e-08	hnscc	-6.6797782266050945	70	46
HGH1	ENSG00000235173	5.3313277522716864e-08	hnscc	1.8606788149864286	70	46
HSF1	ENSG00000185122	6.076970589655531e-08	hnscc	3.1725502284393494	70	46
FBXO43	ENSG00000156509	6.65240859127678e-08	hnscc	0.23484924868523127	70	46
LYNX1	ENSG00000180155	9.308964434361261e-08	hnscc	-9.103448328407616	70	46
MSC	ENSG00000178860	1.0184144974740508e-07	hnscc	3.6024705553195013	70	46
PTK2	ENSG00000169398	1.4178956767122323e-07	hnscc	5.164419245698108	70	46
UQCRB	ENSG00000156467	1.7071600554870818e-07	hnscc	-3.1150958282922776	70	46
ZC3H3	ENSG00000014164	1.8826427439369378e-07	hnscc	1.7603927927330427	70	46
MTSS1	ENSG00000170873	1.9056180261043513e-07	hnscc	6.362183867403052	70	46
C8orf34	ENSG00000165084	2.242253010003468e-07	hnscc	-0.11284071064929505	70	46
SYBU	ENSG00000147642	2.327081543181809e-07	hnscc	-1.6460664224009742	70	46
TCF24	ENSG00000261787	3.433300274562105e-07	hnscc	0.14676369288756974	70	46
LY6E	ENSG00000160932	3.4752501535191843e-07	hnscc	43.89139812637042	70	46
TRMT12	ENSG00000183665	5.439294398906086e-07	hnscc	2.4745736259503195	70	46
NBN	ENSG00000104320	6.420432144927876e-07	hnscc	4.7127637876405455	70	46
MRPL15	ENSG00000137547	6.664620777077469e-07	hnscc	8.454213741357314	70	46
PLEKHF2	ENSG00000175895	7.545920890302686e-07	hnscc	4.878742221407153	70	46
PDE7A	ENSG00000205268	8.256080672801525e-07	hnscc	5.240000699887724	70	46
TRAM1	ENSG00000067167	8.259214511599491e-07	hnscc	13.281647605847574	70	46
RECQL4	ENSG00000160957	8.919202724354137e-07	hnscc	2.4654818282047204	70	46
LY6K	ENSG00000160886	1.1354949557837149e-06	hnscc	3.75523435113267	70	46
LRRC14	ENSG00000160959	1.1948011700108685e-06	hnscc	1.1987270091157542	70	46
ZNF706	ENSG00000120963	1.2697638629143474e-06	hnscc	2.063078487388518	70	46
KLF10	ENSG00000155090	1.6742323471963688e-06	hnscc	9.397972611133355	70	46
COMMD5	ENSG00000170619	1.8422299733701535e-06	hnscc	1.5035717135739333	70	46
PLEC	ENSG00000178209	2.5488240676879104e-06	hnscc	15.141247879110288	70	46
TERF1	ENSG00000147601	4.247883285579556e-06	hnscc	0.8822974861071202	70	46
EPPK1	ENSG00000261150	4.42680764192301e-06	hnscc	6.290862087350737	70	46
UTP23	ENSG00000147679	4.707041990835902e-06	hnscc	1.2126881157611065	70	46
RPL7	ENSG00000147604	4.738942606661056e-06	hnscc	-46.8442977609798	70	46
MRPS28	ENSG00000147586	5.091873731853811e-06	hnscc	0.78026527998259	70	46
SDR16C5	ENSG00000170786	5.108395035913616e-06	hnscc	-9.375100716099913	70	46
TMEM68	ENSG00000167904	5.215874413683326e-06	hnscc	0.709978278905641	70	46
PLAG1	ENSG00000181690	5.229342921764269e-06	hnscc	1.6729095316135671	70	46
STAU2	ENSG00000040341	5.286921512837084e-06	hnscc	-1.4628224549433995	70	46
FAM83H	ENSG00000180921	6.499003811135027e-06	hnscc	6.941526345958872	70	46
ATP6V0D2	ENSG00000147614	6.869688005177703e-06	hnscc	0.43715141012295966	70	46
PARP10	ENSG00000178685	8.27834441045084e-06	hnscc	3.4493197229743977	70	46
LY96	ENSG00000154589	8.724886847664055e-06	hnscc	4.392145760665633	70	46
ZHX1	ENSG00000165156	1.0349271271451486e-05	hnscc	-4.099123029945055	70	46
TMEM67	ENSG00000164953	1.257544858572518e-05	hnscc	0.8594488946761079	70	46
CPNE3	ENSG00000085719	1.3992380024928151e-05	hnscc	-7.829489917845965	70	46
CNGB3	ENSG00000170289	2.241566564066573e-05	hnscc	0.0945821663447266	70	46
KLHL38	ENSG00000175946	2.2576311234954098e-05	hnscc	-0.4925152643854471	70	46
LRRCC1	ENSG00000133739	2.367642056396161e-05	hnscc	2.303603211666433	70	46
CA3	ENSG00000164879	2.4274830614122064e-05	hnscc	-17.813525907247367	70	46
C8orf44	ENSG00000213865	2.452848402802829e-05	hnscc	0.8103255019573474	70	46
CPSF1	ENSG00000071894	2.5414927255618928e-05	hnscc	3.5773356647418684	70	46
UBXN2B	ENSG00000215114	3.492233990486322e-05	hnscc	1.636721855252019	70	46
SPATC1	ENSG00000186583	3.5322115184583644e-05	hnscc	0.1330215594422618	70	46
TMEM249	ENSG00000261587	4.1114935603591386e-05	hnscc	0.044015772385780035	70	46
RNF139	ENSG00000170881	4.6361694862442635e-05	hnscc	3.4162262616265338	70	46
ABRA	ENSG00000174429	5.0279485560393004e-05	hnscc	-2.7772261416225152	70	46
CPA6	ENSG00000165078	5.083769874940518e-05	hnscc	1.9118245104247387	70	46
PKIA	ENSG00000171033	5.410817622501353e-05	hnscc	-8.02977732168489	70	46
LYPLA1	ENSG00000120992	6.06360483091949e-05	hnscc	4.125523057673901	70	46
EMC2	ENSG00000104412	6.565269431718059e-05	hnscc	2.2232987151554333	70	46
SLC39A4	ENSG00000147804	8.33337745764925e-05	hnscc	0.9337597456497202	70	46
LRRC24	ENSG00000254402	8.803741964114636e-05	hnscc	-0.5994507046608903	70	46
NCOA2	ENSG00000140396	9.050676120642743e-05	hnscc	-2.746923435292844	70	46
FABP12	ENSG00000197416	0.00010195676974026023	hnscc	-0.5303049680481964	70	46
TRPS1	ENSG00000104447	0.00011289200503879947	hnscc	-4.9632749033332	70	46
CYHR1	ENSG00000187954	0.00013452636030098305	hnscc	0.8500621229539735	70	46
XKR9	ENSG00000221947	0.00013629456909651974	hnscc	0.6190861416411668	70	46
TIGD5	ENSG00000179886	0.00015308585783063304	hnscc	0.725007399547934	70	46
RUNX1T1	ENSG00000079102	0.00015308585783063304	hnscc	-0.6639632908809596	70	46
NDRG1	ENSG00000104419	0.00017991535317721686	hnscc	74.99146990510127	70	46
TRIM55	ENSG00000147573	0.0002347484530099015	hnscc	-2.1570534973563125	70	46
RNF19A	ENSG00000034677	0.00024121831899759182	hnscc	8.241662649166358	70	46
CYP7A1	ENSG00000167910	0.00025643027355345624	hnscc	-0.01448640984973302	70	46
TRHR	ENSG00000174417	0.0002572588177326779	hnscc	-0.019133950912237546	70	46
POU5F1B	ENSG00000212993	0.00039559126904645893	hnscc	-0.13840184511049686	70	46
HEY1	ENSG00000164683	0.0004743697661218908	hnscc	3.558320045064692	70	46
COL22A1	ENSG00000169436	0.0005468085333890618	hnscc	2.717544602022687	70	46
MROH1	ENSG00000179832	0.0006800844446107574	hnscc	1.440221915448141	70	46
TP53INP1	ENSG00000164938	0.0006920774410505646	hnscc	7.592111644908446	70	46
RB1CC1	ENSG00000023287	0.0006994393206255163	hnscc	4.1523400274965745	70	46
LY6H	ENSG00000176956	0.0007667619811101597	hnscc	0.0482234828878775	70	46
DCSTAMP	ENSG00000164935	0.0008435323360357325	hnscc	0.20741907629419148	70	46
ANGPT1	ENSG00000154188	0.0009036661318691078	hnscc	-0.7747079287586245	70	46
ZFP41	ENSG00000181638	0.0009938602761841461	hnscc	0.2990801565678751	70	46
NSMAF	ENSG00000035681	0.0010131763658576018	hnscc	1.9870269435235919	70	46
CA1	ENSG00000133742	0.001025615664109195	hnscc	-0.014660028667528911	70	46
ZNF572	ENSG00000180938	0.001025615664109195	hnscc	0.4605063489664001	70	46
MYBL1	ENSG00000185697	0.001025615664109195	hnscc	0.6683037289359585	70	46
ZFAT	ENSG00000066827	0.001027555919105534	hnscc	0.7242979472913675	70	46
YWHAZ	ENSG00000164924	0.001160406870903282	hnscc	31.797933321056362	70	46
EBAG9	ENSG00000147654	0.0012476337408609077	hnscc	1.1313042043861232	70	46
DECR1	ENSG00000104325	0.0013219535508561455	hnscc	-2.5768385888988874	70	46
ZNF696	ENSG00000185730	0.0013580046768266185	hnscc	0.39815379843843157	70	46
TMEM70	ENSG00000175606	0.0013865857026062918	hnscc	0.9767473956419233	70	46
NPBWR1	ENSG00000183729	0.0014220344524920319	hnscc	0.09943986110727429	70	46
TMEM65	ENSG00000164983	0.0014608613242397738	hnscc	1.0045051592297582	70	46
SLC10A5	ENSG00000253598	0.0016531649108216463	hnscc	-0.4198891370853106	70	46
FAM110B	ENSG00000169122	0.0018139925242278698	hnscc	-0.552988975039539	70	46
ARFGEF1	ENSG00000066777	0.0018139925242278698	hnscc	2.563672809347036	70	46
GGH	ENSG00000137563	0.0018139925242278698	hnscc	3.194361207311079	70	46
FAM83A	ENSG00000147689	0.0018139925242278698	hnscc	7.641774056284406	70	46
DENND3	ENSG00000105339	0.0018201702933156002	hnscc	1.32610502351416	70	46
MAL2	ENSG00000147676	0.0018201702933156002	hnscc	-20.950858119746442	70	46
TMEM64	ENSG00000180694	0.002091436454501999	hnscc	1.0450870299657717	70	46
EYA1	ENSG00000104313	0.002357462056139255	hnscc	-0.7179607796440973	70	46
C8orf76	ENSG00000189376	0.0028181206955421433	hnscc	0.4358366954733146	70	46
GDAP1	ENSG00000104381	0.0029357317416509794	hnscc	2.3602299164202116	70	46
ZHX1-C8orf76	ENSG00000259305	0.002973137552153616	hnscc	0.1371359992940393	70	46
CA2	ENSG00000104267	0.003379948550758548	hnscc	24.03449741881939	70	46
SDCBP	ENSG00000137575	0.003420588271305641	hnscc	5.073947327178729	70	46
RRM2B	ENSG00000048392	0.00346341877758449	hnscc	1.8273501353295014	70	46
TMEM71	ENSG00000165071	0.0035548818521187655	hnscc	-0.7155808325200177	70	46
EIF3H	ENSG00000147677	0.0035592084548120473	hnscc	3.9435616130484945	70	46
CHMP4C	ENSG00000164695	0.0038434384496126976	hnscc	-2.6331460156697553	70	46
ZFAND1	ENSG00000104231	0.0038434384496126976	hnscc	1.3422194428128709	70	46
MCMDC2	ENSG00000178460	0.004440377532400773	hnscc	0.08423990097659506	70	46
RIMS2	ENSG00000176406	0.0054522467276458255	hnscc	1.5300457366053388	70	46
ZHX2	ENSG00000178764	0.0054522467276458255	hnscc	1.8674323078210318	70	46
CALB1	ENSG00000104327	0.005750612359381524	hnscc	2.6649061020367597	70	46
FABP5	ENSG00000164687	0.006411177440421138	hnscc	69.99646519998606	70	46
NRBP2	ENSG00000185189	0.006613036105830253	hnscc	1.4244961941601106	70	46
SNTG1	ENSG00000147481	0.007027554810905165	hnscc	-0.008605956702681446	70	46
CHCHD7	ENSG00000170791	0.007027554810905165	hnscc	0.862613822694442	70	46
CSMD3	ENSG00000164796	0.007308112775266254	hnscc	0.20874695265892906	70	46
ARC	ENSG00000198576	0.007527290900158989	hnscc	-0.8108351476869331	70	46
SPIDR	ENSG00000164808	0.010547838644232876	hnscc	2.5878707309269107	70	46
ZFHX4	ENSG00000091656	0.011009719280869832	hnscc	0.7695196414876351	70	46
GPAA1	ENSG00000197858	0.011173196928732233	hnscc	2.0531011625083586	70	46
GDF6	ENSG00000156466	0.011750297773937836	hnscc	0.05088057907428481	70	46
SLA	ENSG00000155926	0.011970227404219793	hnscc	2.6352403094641295	70	46
CHD7	ENSG00000171316	0.01205508064959765	hnscc	1.61267173131868	70	46
E2F5	ENSG00000133740	0.014674299652918447	hnscc	0.5010454862107525	70	46
TPD52	ENSG00000076554	0.014717928051436175	hnscc	1.6504446655375098	70	46
DGAT1	ENSG00000185000	0.014960530790098132	hnscc	-0.7294241415025633	70	46
GSDMC	ENSG00000147697	0.015450750319250604	hnscc	11.817819116062775	70	46
ZFPM2	ENSG00000169946	0.01611840121157647	hnscc	-0.4639754221744654	70	46
TRAPPC9	ENSG00000167632	0.018629391273282912	hnscc	1.1294260275618084	70	46
TOX	ENSG00000198846	0.020611718474374912	hnscc	0.9110484778205967	70	46
SLC45A4	ENSG00000022567	0.020841121105641753	hnscc	0.7075630494946452	70	46
NCALD	ENSG00000104490	0.021847064439568853	hnscc	-4.05859530412479	70	46
SOX17	ENSG00000164736	0.02194085567115838	hnscc	-0.8740367109691884	70	46
NDUFB9	ENSG00000147684	0.02194085567115838	hnscc	4.474125819353695	70	46
KCNK9	ENSG00000169427	0.02248341947291296	hnscc	0.1358698673736882	70	46
VPS28	ENSG00000160948	0.024170451731977016	hnscc	1.2764375086160804	70	46
PEX2	ENSG00000164751	0.024651045270900836	hnscc	0.7909988780776329	70	46
C8orf44-SGK3	ENSG00000270024	0.026102530824215247	hnscc	0.01371905926992733	70	46
NECAB1	ENSG00000123119	0.028697088344144594	hnscc	-0.03871000401311879	70	46
SGK3	ENSG00000104205	0.03332307324860513	hnscc	0.15850177648299857	70	46
RDH10	ENSG00000121039	0.0358627230680909	hnscc	3.6629068254492534	70	46
ENPP2	ENSG00000136960	0.039164317117890105	hnscc	2.759524719569889	70	46
CNBD1	ENSG00000176571	0.04382228491224878	hnscc	0.06405628038842312	70	46
C8orf82	ENSG00000213563	0.043994067944772605	hnscc	-0.6262218471516134	70	46
GML	ENSG00000104499	0.044258994931502225	hnscc	0.04629546733109492	70	46
MFSD3	ENSG00000167700	0.0460078607082609	hnscc	0.8110870364113394	70	46
HAS2	ENSG00000170961	0.047050099013744205	hnscc	1.8473649520038626	70	46
FOXH1	ENSG00000160973	0.04828539817454863	hnscc	0.052836648049796583	70	46
FAM135B	ENSG00000147724	0.05087272809092387	hnscc	-0.016018096681826667	70	46
DPYS	ENSG00000147647	0.05087272809092387	hnscc	-0.094658690500063	70	46
MATN2	ENSG00000132561	0.05205217852838566	hnscc	-3.093513614682145	70	46
EEF1D	ENSG00000104529	0.052092787644973645	hnscc	3.0555844259370843	70	46
IL7	ENSG00000104432	0.05832173441921427	hnscc	0.19668482089373307	70	46
FABP9	ENSG00000205186	0.06150676021429723	hnscc	-0.05949993324742188	70	46
DNAJC5B	ENSG00000147570	0.06150676021429723	hnscc	0.07713454803849543	70	46
RPL8	ENSG00000161016	0.06448402011548372	hnscc	33.51655757150644	70	46
OPRK1	ENSG00000082556	0.06448402011548372	hnscc	0.10353759158237594	70	46
FSBP	ENSG00000265817	0.0659817857295431	hnscc	0.0014998839628462617	70	46
SLCO5A1	ENSG00000137571	0.06911143987063788	hnscc	-0.552591076174137	70	46
LY6D	ENSG00000167656	0.06912600133354682	hnscc	-51.5804506581124	70	46
CPQ	ENSG00000104324	0.06976767544263136	hnscc	-4.386897700349966	70	46
RHPN1	ENSG00000158106	0.0727136425856786	hnscc	0.8409864898647395	70	46
EFCAB1	ENSG00000034239	0.07324017879874127	hnscc	0.1832225994933882	70	46
MYC	ENSG00000136997	0.07522375536408826	hnscc	6.529950543495449	70	46
FER1L6	ENSG00000214814	0.07955532641410308	hnscc	0.7259762157563411	70	46
ZNF251	ENSG00000198169	0.08001532926590364	hnscc	0.8645477434190139	70	46
ARHGAP39	ENSG00000147799	0.08218452189182354	hnscc	0.28162856954787197	70	46
PPP1R16A	ENSG00000160972	0.08355112303634286	hnscc	0.519030530842004	70	46
TTPA	ENSG00000137561	0.08435721522641243	hnscc	-0.05777407281530995	70	46
MAF1	ENSG00000179632	0.09588974068491768	hnscc	2.282394195828207	70	46
RP1	ENSG00000104237	0.09995388006945938	hnscc	0.10041256273798876	70	46
MROH6	ENSG00000204839	0.10428546168483693	hnscc	-0.7916949629587875	70	46
SLC30A8	ENSG00000164756	0.10451129442316866	hnscc	0.19951888414483138	70	46
MAPK15	ENSG00000181085	0.11098372384969098	hnscc	0.4027968365581125	70	46
CYP7B1	ENSG00000172817	0.11767195969829644	hnscc	-1.3572809550543976	70	46
TSNARE1	ENSG00000171045	0.11778560072456051	hnscc	0.49017097233196427	70	46
GLI4	ENSG00000250571	0.1196104614045298	hnscc	0.43391578769458317	70	46
BAALC	ENSG00000164929	0.12310658069915807	hnscc	1.0511726229693195	70	46
MOS	ENSG00000172680	0.12692572201727792	hnscc	0.005287390763037243	70	46
PKHD1L1	ENSG00000205038	0.12971950145523217	hnscc	-11.924651831523256	70	46
SPAG1	ENSG00000104450	0.13193984350523238	hnscc	-0.6935266002547249	70	46
HNF4G	ENSG00000164749	0.13596320587352848	hnscc	0.2966788546086737	70	46
CCDC166	ENSG00000255181	0.13740598790346303	hnscc	0.007493706125042527	70	46
RSPO2	ENSG00000147655	0.14400819090128347	hnscc	-0.0546414320578167	70	46
GEM	ENSG00000164949	0.15365522680436938	hnscc	3.1847850844234564	70	46
OSR2	ENSG00000164920	0.1538761426827415	hnscc	-0.63451508239792	70	46
ADCY8	ENSG00000155897	0.15590943652338138	hnscc	-0.1174638181667059	70	46
IMPA1	ENSG00000133731	0.1675877484253695	hnscc	0.5710071860622801	70	46
PCMTD1	ENSG00000168300	0.16821976714331874	hnscc	-1.268805834451781	70	46
DCAF4L2	ENSG00000176566	0.17013700240269597	hnscc	0.1664545607835918	70	46
MMP16	ENSG00000156103	0.17538311930974354	hnscc	0.22723582966970035	70	46
JPH1	ENSG00000104369	0.17733186903241477	hnscc	-1.0030139399949167	70	46
KCNB2	ENSG00000182674	0.18728785859849467	hnscc	0.670260149729129	70	46
ST3GAL1	ENSG00000008513	0.19130514750756294	hnscc	-1.6868887179608318	70	46
SBSPON	ENSG00000164764	0.19170211176762908	hnscc	-0.7864841369372757	70	46
KIFC2	ENSG00000167702	0.19764743372100668	hnscc	0.9254440653194473	70	46
ZFP41	ENSG00000264668	0.20072325614248765	hnscc	-0.0011236161106759927	70	46
AC108925.1	ENSG00000279524	0.20631042827885812	hnscc	0.04583595018159571	70	46
ESRP1	ENSG00000104413	0.2085958608595322	hnscc	-3.0069867980399003	70	46
SAMD12	ENSG00000177570	0.21277693351393207	hnscc	1.0345305404880105	70	46
C8orf88	ENSG00000253250	0.22146267887286378	hnscc	-0.8176239977926634	70	46
ATP6V1H	ENSG00000047249	0.2408109769509366	hnscc	0.6138982984242585	70	46
ASPH	ENSG00000198363	0.25068661814644366	hnscc	1.2761371489955433	70	46
TRPA1	ENSG00000104321	0.25233559824240104	hnscc	1.2698523469807894	70	46
SNX16	ENSG00000104497	0.2578632958536351	hnscc	-0.2161330765972207	70	46
ZC2HC1A	ENSG00000104427	0.265304708456141	hnscc	0.2597429881233735	70	46
TG	ENSG00000042832	0.26878512980464153	hnscc	-89.15155458699068	70	46
TMEM249	ENSG00000271698	0.26878512980464153	hnscc	0.009955468370080017	70	46
SLC26A7	ENSG00000147606	0.26878512980464153	hnscc	-5.164829668873572	70	46
PPP1R42	ENSG00000178125	0.2692688463110116	hnscc	-0.021666514731893412	70	46
PSKH2	ENSG00000147613	0.2739333685596641	hnscc	-0.0023134488642976136	70	46
GPR20	ENSG00000204882	0.28841634278929884	hnscc	-0.03703713313554141	70	46
COLEC10	ENSG00000184374	0.28841634278929884	hnscc	0.09559645369220768	70	46
TMEM74	ENSG00000164841	0.29270413447474286	hnscc	-0.037690542125066895	70	46
SDC2	ENSG00000169439	0.30306017584941225	hnscc	-3.6658713556397426	70	46
ZNF704	ENSG00000164684	0.3149034378003616	hnscc	-1.0995212609538347	70	46
CYP11B1	ENSG00000160882	0.3149034378003616	hnscc	0.0002931559409018016	70	46
PXDNL	ENSG00000147485	0.3149034378003616	hnscc	0.12545516837955129	70	46
CA8	ENSG00000178538	0.3162320523120191	hnscc	-0.44241802698805066	70	46
SCRT1	ENSG00000261678	0.3207492722529687	hnscc	0.002132003296832533	70	46
JRK	ENSG00000234616	0.3229267335540613	hnscc	0.22469105395659206	70	46
RAB2A	ENSG00000104388	0.32995566028067885	hnscc	1.3341818610387932	70	46
ZNF16	ENSG00000170631	0.33441655322809916	hnscc	0.14399728456452676	70	46
BHLHE22	ENSG00000180828	0.3352869894568077	hnscc	-0.06920643240438101	70	46
GRHL2	ENSG00000083307	0.3386107512055442	hnscc	1.2421793983508742	70	46
PABPC1	ENSG00000070756	0.3386107512055442	hnscc	11.583768387711388	70	46
ZNF34	ENSG00000196378	0.33886565327941337	hnscc	0.5129430136873863	70	46
SCRIB	ENSG00000180900	0.33886565327941337	hnscc	-0.8535086932589273	70	46
RALYL	ENSG00000184672	0.33886565327941337	hnscc	-0.04763816117621823	70	46
HHLA1	ENSG00000132297	0.33886565327941337	hnscc	0.0009109718621736367	70	46
COX6C	ENSG00000164919	0.33886565327941337	hnscc	1.360779283117214	70	46
TRIQK	ENSG00000205133	0.34457017350428015	hnscc	0.20577875593694728	70	46
C8orf89	ENSG00000274443	0.34457017350428015	hnscc	-0.02540352381916275	70	46
NAPRT	ENSG00000147813	0.3551973965067558	hnscc	-1.5022087755184046	70	46
TNFRSF11B	ENSG00000164761	0.3551973965067558	hnscc	2.0154928394811846	70	46
KHDRBS3	ENSG00000131773	0.3577764966461325	hnscc	-0.16797980401409407	70	46
SLC7A13	ENSG00000164893	0.3634693379957113	hnscc	-0.0025706795777766713	70	46
ODF1	ENSG00000155087	0.36645919762693624	hnscc	-0.0031509301992728297	70	46
CRH	ENSG00000147571	0.36725201102068405	hnscc	-0.0015316401164839869	70	46
ANXA13	ENSG00000104537	0.3675438458564194	hnscc	0.5197762306031759	70	46
AARD	ENSG00000205002	0.3753194648353336	hnscc	0.0657854118733294	70	46
ST18	ENSG00000147488	0.38465195464028795	hnscc	0.2487587859021535	70	46
RPS20	ENSG00000008988	0.39211789217417903	hnscc	-6.849034847575155	70	46
RPL30	ENSG00000156482	0.39803337805140004	hnscc	-4.276229413051425	70	46
FABP4	ENSG00000170323	0.4292361244784372	hnscc	28.027324502555224	70	46
ZNF250	ENSG00000196150	0.45060898795513055	hnscc	-0.14895969022484268	70	46
OC90	ENSG00000253117	0.45824223428145583	hnscc	0.00020044613221883715	70	46
THEM6	ENSG00000130193	0.46053873946319845	hnscc	-0.39451340471242613	70	46
KCNV1	ENSG00000164794	0.490840846243348	hnscc	0.006659775952027418	70	46
AC087350.1	ENSG00000281527	0.49510235267508224	hnscc	0.04502199997067363	70	46
KCNQ3	ENSG00000184156	0.5402460950978942	hnscc	0.08215731963360967	70	46
XKR4	ENSG00000206579	0.5609127688068217	hnscc	-0.08276943110319165	70	46
CDH17	ENSG00000079112	0.5687764755381918	hnscc	0.12247423615963676	70	46
ERICH5	ENSG00000177459	0.5687764755381918	hnscc	-0.1360978100372544	70	46
ZNF517	ENSG00000197363	0.6233693275686213	hnscc	0.03918146303817838	70	46
ANKRD46	ENSG00000186106	0.6349601557957693	hnscc	0.10983734991637384	70	46
PENK	ENSG00000181195	0.6527821903987869	hnscc	0.4629455952864887	70	46
STMN2	ENSG00000104435	0.6960821119061293	hnscc	-0.10032753412755868	70	46
SNTB1	ENSG00000172164	0.700754288436471	hnscc	-0.35428131751448344	70	46
CRISPLD1	ENSG00000121005	0.7143156679195969	hnscc	0.2619855447637218	70	46
KCNS2	ENSG00000156486	0.7329364636618515	hnscc	-0.007658980819061523	70	46
AC105009.1	ENSG00000281855	0.7582685415371055	hnscc	0.0047742053405677495	70	46
CYC1	ENSG00000179091	0.7668154235449852	hnscc	-0.8606132869217404	70	46
SCX	ENSG00000260428	0.7832658145770671	hnscc	0.06692987428238362	70	46
OPLAH	ENSG00000178814	0.7902888511476803	hnscc	-0.1646207073438779	70	46
AC100821.1	ENSG00000276621	0.8034577343197283	hnscc	-0.001649938898980487	70	46
PRDM14	ENSG00000147596	0.8043157861810637	hnscc	-0.0004933798880167777	70	46
ZBTB10	ENSG00000205189	0.8063409262467135	hnscc	-0.07866298392722149	70	46
WWP1	ENSG00000123124	0.8383470562564058	hnscc	0.13415171363531364	70	46
TSPYL5	ENSG00000180543	0.8769218714526842	hnscc	-0.14231470255541723	70	46
TRIB1	ENSG00000173334	0.8922357299708868	hnscc	-0.5973694135669696	70	46
CYP11B2	ENSG00000179142	0.8942306390789078	hnscc	-3.543489465050579e-05	70	46
CEBPD	ENSG00000221869	0.9287332272228699	hnscc	-0.16474839658514817	70	46
FBXO32	ENSG00000156804	0.9381872418177122	hnscc	-0.19476625129081881	70	46
MAFA	ENSG00000182759	0.9434916442200577	hnscc	-0.011051048962067267	70	46
EIF3E	ENSG00000104408	0.9454900271542419	hnscc	0.1443297530452483	70	46
AC090154.1	ENSG00000278888	0.9543030618735098	hnscc	0.0006249767355558083	70	46
RMDN1	ENSG00000176623	0.9589133142635672	hnscc	-0.023229107607340538	70	46
PTP4A3	ENSG00000184489	0.959905154506173	hnscc	0.0860602361195042	70	46
PREX2	ENSG00000046889	1.7195844617384734e-45	lscc	-9.794455659633572	85	74
ANGPT1	ENSG00000154188	2.030455471994697e-45	lscc	-9.652012696324482	85	74
RSPO2	ENSG00000147655	1.4327588758711522e-44	lscc	-2.4618324851990083	85	74
C8orf34	ENSG00000165084	8.212478839194767e-37	lscc	-1.4825413976832569	85	74
SNTB1	ENSG00000172164	2.8820568689925677e-35	lscc	-7.6672894701617516	85	74
CPQ	ENSG00000104324	5.777980957191375e-35	lscc	-8.70055058307015	85	74
DENND3	ENSG00000105339	7.501285719920121e-35	lscc	-10.420730599991677	85	74
PAG1	ENSG00000076641	4.084980288559916e-34	lscc	-8.920630522213898	85	74
PKHD1L1	ENSG00000205038	1.5410749644752087e-33	lscc	-9.457837709366288	85	74
MCM4	ENSG00000104738	2.3230257944237718e-32	lscc	20.018929323406553	85	74
RECQL4	ENSG00000160957	8.766420215825476e-32	lscc	5.812382313426759	85	74
PRKDC	ENSG00000253729	9.352989074956739e-32	lscc	35.03456012062279	85	74
SDCBP	ENSG00000137575	1.2715819834907364e-30	lscc	-30.547799923093585	85	74
DCAF13	ENSG00000164934	1.509429263277663e-30	lscc	4.120984718450646	85	74
NCALD	ENSG00000104490	1.5046389847349995e-29	lscc	-3.8030470380639674	85	74
MRPL13	ENSG00000172172	1.0193271587166244e-28	lscc	3.925321013155408	85	74
GPIHBP1	ENSG00000277494	1.0193271587166244e-28	lscc	-18.787932316541596	85	74
ESRP1	ENSG00000104413	2.2362132803740796e-28	lscc	18.021226364054257	85	74
NECAB1	ENSG00000123119	2.2722956484171214e-28	lscc	-2.4734917156250464	85	74
ADHFE1	ENSG00000147576	4.844135061291178e-28	lscc	-2.4775274444497586	85	74
POP1	ENSG00000104356	8.069122737879732e-28	lscc	2.4018296140135718	85	74
SOX17	ENSG00000164736	3.4903704211800864e-27	lscc	-3.7412403405454033	85	74
INTS8	ENSG00000164941	1.9237120658993536e-26	lscc	4.039651814432113	85	74
ATAD2	ENSG00000156802	3.810986930418414e-26	lscc	13.861684330389066	85	74
TONSL	ENSG00000160949	5.594708933127607e-26	lscc	3.1581543545379165	85	74
FABP4	ENSG00000170323	1.0652102261277756e-25	lscc	-45.8835891580146	85	74
GGH	ENSG00000137563	1.23373622775056e-25	lscc	5.903709361648666	85	74
MTERF3	ENSG00000156469	5.972520312033821e-25	lscc	5.780034900218662	85	74
RP1	ENSG00000104237	2.317858102560402e-24	lscc	-4.811981096862252	85	74
RUNX1T1	ENSG00000079102	3.319586558767171e-24	lscc	-2.071470097683795	85	74
RAD54B	ENSG00000197275	5.5742200815028755e-24	lscc	1.0608617295238871	85	74
GPR20	ENSG00000204882	7.91304550488853e-24	lscc	-0.582446637022865	85	74
MTFR1	ENSG00000066855	7.91304550488853e-24	lscc	2.5395614107667392	85	74
CA2	ENSG00000104267	8.859563886460408e-24	lscc	-15.802286746676067	85	74
MRPL15	ENSG00000137547	2.344975069807196e-23	lscc	12.39027462721761	85	74
GRHL2	ENSG00000083307	1.4957598478343676e-22	lscc	16.30647806607446	85	74
FAM91A1	ENSG00000176853	2.525243722062524e-22	lscc	7.364500628588722	85	74
CTHRC1	ENSG00000164932	3.3473617027833246e-22	lscc	39.54623093255321	85	74
SULF1	ENSG00000137573	4.195590445714887e-22	lscc	43.62086631073628	85	74
MTBP	ENSG00000172167	6.38879821804194e-22	lscc	2.0860119528582857	85	74
TBC1D31	ENSG00000156787	9.08132460211609e-22	lscc	1.676234220414757	85	74
YWHAZ	ENSG00000164924	9.08132460211609e-22	lscc	47.978380986256674	85	74
TOX	ENSG00000198846	1.70880045071785e-21	lscc	-1.945799345814228	85	74
RRS1	ENSG00000179041	3.920654551486876e-21	lscc	3.752626854494239	85	74
TTPA	ENSG00000137561	4.8003434308748314e-21	lscc	-0.3223265062433505	85	74
DSCC1	ENSG00000136982	1.0127103961107972e-20	lscc	3.215751527810722	85	74
ADCK5	ENSG00000173137	4.452241478836255e-20	lscc	2.0895156638963432	85	74
TPD52	ENSG00000076554	4.906989926641921e-20	lscc	5.402771328643775	85	74
SDR16C5	ENSG00000170786	5.919048292848266e-20	lscc	-13.102516340866899	85	74
GSDMC	ENSG00000147697	3.697826999050125e-19	lscc	10.914467632893121	85	74
ZNF7	ENSG00000147789	3.7334192032430596e-19	lscc	1.4583279372744702	85	74
MTDH	ENSG00000147649	5.647516814014719e-19	lscc	8.671685165115928	85	74
ZFPM2	ENSG00000169946	6.015047153162019e-19	lscc	-1.4879306408863788	85	74
FBXO32	ENSG00000156804	1.763858792895791e-18	lscc	12.169034276930525	85	74
ZNF704	ENSG00000164684	2.2265414510030162e-18	lscc	-5.232132834428916	85	74
LYPLA1	ENSG00000120992	2.2884975503836257e-18	lscc	6.139002221870362	85	74
LAPTM4B	ENSG00000104341	2.3128163893070418e-18	lscc	29.543796014330482	85	74
SLC52A2	ENSG00000185803	3.498001613416509e-18	lscc	6.45128607967326	85	74
AZIN1	ENSG00000155096	4.193114735857957e-18	lscc	11.028537468310592	85	74
UBR5	ENSG00000104517	5.671718530019914e-18	lscc	9.779102321998646	85	74
C8orf76	ENSG00000189376	5.848815561990735e-18	lscc	0.846929072684194	85	74
RGS22	ENSG00000132554	8.260897257872449e-18	lscc	-1.6190736284790854	85	74
FZD6	ENSG00000164930	1.3284467021142681e-17	lscc	16.88487073791076	85	74
DERL1	ENSG00000136986	1.6854097728117263e-17	lscc	3.8127983287329617	85	74
CA3	ENSG00000164879	2.121355289558312e-17	lscc	-5.670555098648523	85	74
RRM2B	ENSG00000048392	1.0672018764208917e-16	lscc	-4.765288501556517	85	74
CEBPD	ENSG00000221869	1.4217037887213917e-16	lscc	-29.412363930602655	85	74
COPS5	ENSG00000121022	1.5020734228368257e-16	lscc	1.7343421601123037	85	74
NUDCD1	ENSG00000120526	1.561250604824698e-16	lscc	3.497148190883663	85	74
TAF2	ENSG00000064313	2.415609317426014e-16	lscc	5.188247943977721	85	74
COX6C	ENSG00000164919	5.339806908132254e-16	lscc	10.740675599355985	85	74
TATDN1	ENSG00000147687	8.2707729678048e-16	lscc	1.8885437291579739	85	74
SNAI2	ENSG00000019549	1.067798337325435e-15	lscc	11.671506067058399	85	74
CYP7A1	ENSG00000167910	1.2074376428130143e-15	lscc	-0.042956643906055386	85	74
ARC	ENSG00000198576	1.5914016675368363e-15	lscc	-2.277890822596075	85	74
DECR1	ENSG00000104325	2.6018697456315903e-15	lscc	-4.829894511592679	85	74
OSGIN2	ENSG00000164823	6.918123240270567e-15	lscc	-3.4996537856778804	85	74
OTUD6B	ENSG00000155100	1.564525694208053e-14	lscc	2.196835711105951	85	74
NDUFB9	ENSG00000147684	1.837714457684199e-14	lscc	11.877407929673662	85	74
LRP12	ENSG00000147650	1.837714457684199e-14	lscc	3.0587932695565123	85	74
CA1	ENSG00000133742	2.971229173224032e-14	lscc	-0.148367302144722	85	74
TGS1	ENSG00000137574	2.971229173224032e-14	lscc	4.644057897498408	85	74
ZNF706	ENSG00000120963	1.2606060247333043e-13	lscc	3.4231663590713692	85	74
SLA	ENSG00000155926	2.329358752639115e-13	lscc	-8.077341439234589	85	74
TOP1MT	ENSG00000184428	2.460496053907893e-13	lscc	2.676277712383565	85	74
TCEA1	ENSG00000187735	2.805207412872323e-13	lscc	7.032753381719392	85	74
RAD21	ENSG00000164754	2.8631512172005863e-13	lscc	15.537994400313465	85	74
PABPC1	ENSG00000070756	3.744413470187227e-13	lscc	87.93243073210662	85	74
UBE2V2	ENSG00000169139	4.4515979447987867e-13	lscc	2.27298092705628	85	74
TMEM71	ENSG00000165071	6.201563476380676e-13	lscc	-1.7811984250229724	85	74
C8orf88	ENSG00000253250	1.170055853628157e-12	lscc	-1.7022407046316976	85	74
TMEM64	ENSG00000180694	1.45898097329559e-12	lscc	-2.1275124271238015	85	74
CCNE2	ENSG00000175305	1.5740662014702891e-12	lscc	2.804712309070838	85	74
FAM83H	ENSG00000180921	2.1670176803755165e-12	lscc	13.439761527240897	85	74
PTDSS1	ENSG00000156471	3.14875868014142e-12	lscc	13.578978313442203	85	74
PDP1	ENSG00000164951	3.3463231627802418e-12	lscc	7.5509637562550775	85	74
ARMC1	ENSG00000104442	3.833245388334034e-12	lscc	3.6878326848524647	85	74
CHMP4C	ENSG00000164695	4.0934979070705705e-12	lscc	3.20876827618007	85	74
ZNF572	ENSG00000180938	5.688639776583309e-12	lscc	0.8420698289145683	85	74
TRIQK	ENSG00000205133	7.1936616551405854e-12	lscc	-1.756644121216544	85	74
SYBU	ENSG00000147642	7.1936616551405854e-12	lscc	-2.9099754955381107	85	74
EIF3H	ENSG00000147677	7.2397775832700684e-12	lscc	7.697497855298948	85	74
SQLE	ENSG00000104549	8.963977584091957e-12	lscc	11.843411115385118	85	74
RGS20	ENSG00000147509	8.963977584091957e-12	lscc	0.7282058305191836	85	74
TMEM68	ENSG00000167904	1.3941515617449894e-11	lscc	0.8178680223418147	85	74
MCMDC2	ENSG00000178460	1.7217215737779437e-11	lscc	0.164521292294065	85	74
PHF20L1	ENSG00000129292	1.7750109684544698e-11	lscc	2.167451199070846	85	74
FBXO43	ENSG00000156509	1.901785399924409e-11	lscc	0.3835425081618416	85	74
RBM12B	ENSG00000183808	2.382726503063987e-11	lscc	3.9348815237362285	85	74
NDUFAF6	ENSG00000156170	2.5901180599819602e-11	lscc	1.2009973269260894	85	74
SGK3	ENSG00000104205	2.709913562223454e-11	lscc	-0.6274327222397877	85	74
TRPS1	ENSG00000104447	2.709913562223454e-11	lscc	5.317714842482923	85	74
MFSD3	ENSG00000167700	3.8099215267502903e-11	lscc	3.109733330931651	85	74
ARHGAP39	ENSG00000147799	4.074026873511818e-11	lscc	0.9998344610077168	85	74
FBXL6	ENSG00000182325	7.06679221131329e-11	lscc	1.5918532993575827	85	74
MED30	ENSG00000164758	7.94499251054775e-11	lscc	2.8959614006011583	85	74
PI15	ENSG00000137558	8.932748929403442e-11	lscc	2.160776668774265	85	74
TRMT12	ENSG00000183665	9.634299794963059e-11	lscc	2.3070172540660714	85	74
ZNF34	ENSG00000196378	1.0903525677933423e-10	lscc	-1.0851274022591921	85	74
NRBP2	ENSG00000185189	1.6477177181158923e-10	lscc	-2.8448365825073534	85	74
NSMCE2	ENSG00000156831	1.6477177181158923e-10	lscc	1.915197097135998	85	74
MAPK15	ENSG00000181085	1.876354278136719e-10	lscc	-2.9798335290085385	85	74
PPP1R42	ENSG00000178125	2.3150259610148816e-10	lscc	-0.38030059736806465	85	74
CYC1	ENSG00000179091	2.3235163446065337e-10	lscc	27.394118452598402	85	74
COL14A1	ENSG00000187955	2.423668903000727e-10	lscc	-16.424272022354415	85	74
TRIB1	ENSG00000173334	2.449448983897365e-10	lscc	-23.23730442962152	85	74
RIMS2	ENSG00000176406	2.769876716497148e-10	lscc	1.787200801076648	85	74
KIFC2	ENSG00000167702	2.866188510872007e-10	lscc	5.067336985805402	85	74
NDRG1	ENSG00000104419	4.5482789764536837e-10	lscc	103.78042799734546	85	74
CA13	ENSG00000185015	7.069378027969651e-10	lscc	-1.236408383378457	85	74
RPL7	ENSG00000147604	7.108625143731047e-10	lscc	48.131950767738545	85	74
HNF4G	ENSG00000164749	7.468070301559311e-10	lscc	0.613234140415301	85	74
ZNF623	ENSG00000183309	7.979521434052412e-10	lscc	4.008658326722844	85	74
KLF10	ENSG00000155090	9.03870529945599e-10	lscc	-12.844387578533691	85	74
CYHR1	ENSG00000187954	9.872072893111081e-10	lscc	1.5140400972249557	85	74
HGH1	ENSG00000235173	1.0297149544783832e-09	lscc	3.756874745586004	85	74
FAM135B	ENSG00000147724	1.0535618606394307e-09	lscc	-0.021385185264157017	85	74
ZHX1-C8orf76	ENSG00000259305	1.2910678092674558e-09	lscc	0.15196648061570756	85	74
BOP1	ENSG00000261236	1.5450732636051434e-09	lscc	10.727049084317521	85	74
COLEC10	ENSG00000184374	1.799783978836804e-09	lscc	-1.1680621266458677	85	74
DCSTAMP	ENSG00000164935	1.8233700931910464e-09	lscc	-2.6325640499459384	85	74
ZNF16	ENSG00000170631	2.585215356435303e-09	lscc	0.8827284967007252	85	74
TIGD5	ENSG00000179886	4.426811946750598e-09	lscc	1.7087335887344517	85	74
GDAP1	ENSG00000104381	4.613235729416573e-09	lscc	1.9740355223780903	85	74
CPSF1	ENSG00000071894	5.612586323431625e-09	lscc	4.2085345267239855	85	74
PLAG1	ENSG00000181690	7.3302744753569925e-09	lscc	1.5193191481420258	85	74
PPP1R16A	ENSG00000160972	7.501601231260742e-09	lscc	2.047441954158015	85	74
FABP12	ENSG00000197416	7.864389906696762e-09	lscc	-0.2298162216613991	85	74
LRRC14	ENSG00000160959	8.274973383484467e-09	lscc	1.4169892178447148	85	74
RPL8	ENSG00000161016	9.672859303883808e-09	lscc	132.42187027009774	85	74
OPLAH	ENSG00000178814	1.1697509269818983e-08	lscc	4.96023372375026	85	74
FAM83A	ENSG00000147689	1.2982186538815553e-08	lscc	6.227870497498938	85	74
SLCO5A1	ENSG00000137571	1.5117803775650348e-08	lscc	0.5390351622702196	85	74
SCRIB	ENSG00000180900	1.63765623795636e-08	lscc	7.786641719651307	85	74
MRPS28	ENSG00000147586	2.3376201690036782e-08	lscc	1.1229407209738973	85	74
PTK2	ENSG00000169398	2.4545300963765137e-08	lscc	4.53675199775858	85	74
EXOSC4	ENSG00000178896	3.732781681046895e-08	lscc	8.213236055059118	85	74
PUF60	ENSG00000179950	4.9356059472093996e-08	lscc	9.452168466810145	85	74
ARFGEF1	ENSG00000066777	5.955313439408209e-08	lscc	3.4459301570767558	85	74
EFCAB1	ENSG00000034239	6.213182021246823e-08	lscc	-1.3855797756271966	85	74
PLEKHF2	ENSG00000175895	6.25855945996952e-08	lscc	3.2595776733505506	85	74
CPA6	ENSG00000165078	9.509992493099804e-08	lscc	1.577932283291271	85	74
SLC25A32	ENSG00000164933	1.219471437260214e-07	lscc	2.008519709069555	85	74
CHD7	ENSG00000171316	1.2708319212831523e-07	lscc	1.935081839896318	85	74
EXT1	ENSG00000182197	1.2937837598227475e-07	lscc	4.487321557314116	85	74
ZFHX4	ENSG00000091656	1.5036848179620773e-07	lscc	1.1006797857280306	85	74
LY6K	ENSG00000160886	1.5473762754999945e-07	lscc	3.745654569049021	85	74
CRISPLD1	ENSG00000121005	1.5573515670620048e-07	lscc	2.172747401834159	85	74
FOXH1	ENSG00000160973	1.7537603976268793e-07	lscc	0.07530754141922963	85	74
E2F5	ENSG00000133740	2.3852691390935756e-07	lscc	0.6552157712555188	85	74
POLR2K	ENSG00000147669	2.5157381972535365e-07	lscc	3.935461815509427	85	74
FAM110B	ENSG00000169122	4.0063606720355514e-07	lscc	-0.6990008573899138	85	74
HSF1	ENSG00000185122	4.44865238396606e-07	lscc	2.898845892659562	85	74
ATP6V1C1	ENSG00000155097	4.796522058593326e-07	lscc	2.293941552760467	85	74
SDC2	ENSG00000169439	4.871701797916133e-07	lscc	-4.728805417199478	85	74
GLI4	ENSG00000250571	5.004391245229851e-07	lscc	1.7649969272413535	85	74
C8orf82	ENSG00000213563	5.483289842075606e-07	lscc	1.3344728357230071	85	74
SPIDR	ENSG00000164808	1.1365404954378892e-06	lscc	2.6716222830488725	85	74
ABRA	ENSG00000174429	1.2466089076813345e-06	lscc	-0.044879083769783445	85	74
STMN2	ENSG00000104435	1.28377449642716e-06	lscc	0.2837203396138359	85	74
DPY19L4	ENSG00000156162	1.4303597872116685e-06	lscc	1.5478174823049313	85	74
MSC	ENSG00000178860	1.979167701212731e-06	lscc	3.30437473318161	85	74
RDH10	ENSG00000121039	2.1340557519357835e-06	lscc	8.224787413399754	85	74
C8orf44	ENSG00000213865	2.7778658569429666e-06	lscc	0.7394006418990733	85	74
EIF3E	ENSG00000104408	3.052973702027131e-06	lscc	7.886587455351737	85	74
TG	ENSG00000042832	3.052973702027131e-06	lscc	0.8654241968404595	85	74
DNAJC5B	ENSG00000147570	3.5547230423603854e-06	lscc	-0.8200028929456659	85	74
ZFP41	ENSG00000181638	3.984093955038683e-06	lscc	0.3784111853285076	85	74
ENPP2	ENSG00000136960	5.1601391912837615e-06	lscc	-25.84678558072943	85	74
TERF1	ENSG00000147601	5.7985495635219315e-06	lscc	0.9044843598779799	85	74
KCNS2	ENSG00000156486	6.204314685683824e-06	lscc	-0.08371792601389427	85	74
TMEM65	ENSG00000164983	6.751661504499219e-06	lscc	1.4843681283832488	85	74
UTP23	ENSG00000147679	7.204584441911403e-06	lscc	1.0660246031824023	85	74
RPL30	ENSG00000156482	1.370856762664359e-05	lscc	26.08678497689759	85	74
SCX	ENSG00000260428	1.966232656079124e-05	lscc	0.6583853119932882	85	74
STK3	ENSG00000104375	2.2115767100236072e-05	lscc	0.7632327690653966	85	74
SAMD12	ENSG00000177570	2.2287370426757605e-05	lscc	3.7562143555678595	85	74
DPYS	ENSG00000147647	2.4572708252036982e-05	lscc	-0.2871987030814464	85	74
OPRK1	ENSG00000082556	2.6128778386011098e-05	lscc	0.488520961741157	85	74
LY6D	ENSG00000167656	2.708329475839919e-05	lscc	27.57404804525377	85	74
XKR9	ENSG00000221947	3.125000733796094e-05	lscc	0.5147785685532801	85	74
TCF24	ENSG00000261787	3.3692063785628935e-05	lscc	0.15262562315547865	85	74
EPPK1	ENSG00000261150	3.5700435725893755e-05	lscc	4.526065305468128	85	74
TRAPPC9	ENSG00000167632	3.632762446805859e-05	lscc	2.1612504765557574	85	74
CSPP1	ENSG00000104218	3.9244494509493574e-05	lscc	-1.1791816478420412	85	74
ZFAND1	ENSG00000104231	4.065549660733174e-05	lscc	1.7341196806836638	85	74
CCDC166	ENSG00000255181	4.277713517113611e-05	lscc	0.028493449124948386	85	74
COL22A1	ENSG00000169436	4.295745188963353e-05	lscc	1.9417448939096553	85	74
MTSS1	ENSG00000170873	4.47336990324612e-05	lscc	4.480870447152425	85	74
KCNK9	ENSG00000169427	5.6279838755619796e-05	lscc	0.11695675881122328	85	74
ZNF696	ENSG00000185730	5.8963256013802644e-05	lscc	1.0067102223269588	85	74
VPS13B	ENSG00000132549	5.9597617931429094e-05	lscc	2.1440134899236316	85	74
CRH	ENSG00000147571	6.771271621220659e-05	lscc	-0.022359099009646083	85	74
IL7	ENSG00000104432	7.051454871476084e-05	lscc	-0.3620536202966482	85	74
TSPYL5	ENSG00000180543	7.568330208604279e-05	lscc	3.609168158037119	85	74
EEF1D	ENSG00000104529	7.60062407559868e-05	lscc	8.007633913533336	85	74
ZC3H3	ENSG00000014164	9.149777280541953e-05	lscc	1.678598430314325	85	74
SNX31	ENSG00000174226	0.0001054659997347695	lscc	1.6292569872011167	85	74
GPAA1	ENSG00000197858	0.00014271150992524952	lscc	5.437343526917715	85	74
PLEC	ENSG00000178209	0.00015277727622788517	lscc	14.903633220521538	85	74
ZNF707	ENSG00000181135	0.00016167407095494314	lscc	0.7904688106393023	85	74
ZNF251	ENSG00000198169	0.0001872473082489145	lscc	1.0109772483916375	85	74
LRRC69	ENSG00000214954	0.00020150983091626727	lscc	0.27991112523199013	85	74
RNF19A	ENSG00000034677	0.00022425416308410493	lscc	-5.692117374270527	85	74
CDH17	ENSG00000079112	0.00023881062750009995	lscc	0.08902006451768227	85	74
ATP6V0D2	ENSG00000147614	0.00028844245164385385	lscc	-1.5526235678805775	85	74
CNBD1	ENSG00000176571	0.00028939390978042915	lscc	0.15141849113063552	85	74
PCMTD1	ENSG00000168300	0.0002946279092918208	lscc	-3.137069167713138	85	74
COMMD5	ENSG00000170619	0.00029570136002750043	lscc	0.8812241737846289	85	74
RHPN1	ENSG00000158106	0.00029950546664980076	lscc	1.5479999591215305	85	74
FABP5	ENSG00000164687	0.00030413294399436025	lscc	13.227924293679818	85	74
RB1CC1	ENSG00000023287	0.00033990839962009	lscc	3.8553412304552666	85	74
TRAM1	ENSG00000067167	0.00037605263543826487	lscc	-10.183621988041239	85	74
AGO2	ENSG00000123908	0.00044448862223915483	lscc	5.918113815614811	85	74
MYBL1	ENSG00000185697	0.00046003943353073787	lscc	-0.390364195544634	85	74
TMEM249	ENSG00000261587	0.0004939113396886786	lscc	0.03347684692907339	85	74
ASPH	ENSG00000198363	0.000547257745234595	lscc	5.019498827416722	85	74
EYA1	ENSG00000104313	0.0005834927205783387	lscc	0.8237545112042101	85	74
CHRAC1	ENSG00000104472	0.0006439183359170896	lscc	2.5786380752418117	85	74
GEM	ENSG00000164949	0.0007013977033342751	lscc	-8.659111422635789	85	74
THEM6	ENSG00000130193	0.0007068175246902173	lscc	2.4853401939081348	85	74
TRPA1	ENSG00000104321	0.0007295866441738075	lscc	0.5996796053444235	85	74
MROH1	ENSG00000179832	0.0007464348028621056	lscc	1.6572031780666627	85	74
CNGB3	ENSG00000170289	0.000761323302659741	lscc	0.15090556977322633	85	74
SBSPON	ENSG00000164764	0.0008599366786462789	lscc	-1.803978334726471	85	74
MYC	ENSG00000136997	0.0009149573414967613	lscc	10.993396069199243	85	74
AC087350.1	ENSG00000281527	0.001128660473662636	lscc	-0.23954534569244992	85	74
NPBWR1	ENSG00000183729	0.0012126110815389092	lscc	0.3045521553924134	85	74
ST3GAL1	ENSG00000008513	0.0012325105749335747	lscc	-3.1022654236371743	85	74
EFR3A	ENSG00000132294	0.0013505071905154892	lscc	3.36523800381768	85	74
PKIA	ENSG00000171033	0.001447727520922228	lscc	-1.0204697558580156	85	74
NSMAF	ENSG00000035681	0.001484024900231279	lscc	1.0817028163771756	85	74
AC108925.1	ENSG00000279524	0.0015754903605512186	lscc	0.10809426659440241	85	74
JRK	ENSG00000234616	0.0016278408745802311	lscc	1.052238860919544	85	74
SLC39A4	ENSG00000147804	0.0018244377673367462	lscc	0.5173083557540388	85	74
TMEM74	ENSG00000164841	0.0023446618426723963	lscc	0.04869716316278988	85	74
HEY1	ENSG00000164683	0.0032890166962883066	lscc	5.652422679162459	85	74
SHARPIN	ENSG00000179526	0.003342590702277568	lscc	2.856686483147177	85	74
NAPRT	ENSG00000147813	0.0036418000097098936	lscc	7.3367498025699724	85	74
NIPAL2	ENSG00000104361	0.003753382526956785	lscc	1.8372819061729748	85	74
MROH6	ENSG00000204839	0.00502953099853081	lscc	1.9143896843682335	85	74
EMC2	ENSG00000104412	0.005281519596830708	lscc	1.4239861653412795	85	74
SLURP1	ENSG00000126233	0.006116891551193219	lscc	0.7074047459842123	85	74
MAFA	ENSG00000182759	0.0063705508731590876	lscc	0.2900051519104583	85	74
FER1L6	ENSG00000214814	0.006444537494849088	lscc	2.2227170932252283	85	74
SCRT1	ENSG00000261678	0.006785319485415118	lscc	0.003401443960672712	85	74
SLC45A4	ENSG00000022567	0.006785319485415118	lscc	0.8589615641122625	85	74
ZNF250	ENSG00000196150	0.008342731582577718	lscc	-0.4330263739145237	85	74
ZC2HC1A	ENSG00000104427	0.008342731582577718	lscc	-0.6643237551843733	85	74
KCNQ3	ENSG00000184156	0.009173821417259444	lscc	-0.5593294957009232	85	74
KHDRBS3	ENSG00000131773	0.010084890973236518	lscc	-0.37919735317596315	85	74
OSR2	ENSG00000164920	0.011383379068325464	lscc	0.32465967894670955	85	74
OXR1	ENSG00000164830	0.012479746830235028	lscc	1.0675225285197616	85	74
ENY2	ENSG00000120533	0.014162771073899724	lscc	0.5316761973609045	85	74
NCOA2	ENSG00000140396	0.01498489641560914	lscc	-1.025348617741333	85	74
ZFAT	ENSG00000066827	0.015159192902399537	lscc	1.1045096335085094	85	74
TP53INP1	ENSG00000164938	0.015543570379957954	lscc	6.065609764336813	85	74
LRRCC1	ENSG00000133739	0.01625094457139325	lscc	0.9424618348744755	85	74
HHLA1	ENSG00000132297	0.021512007941532053	lscc	-0.004044893805588458	85	74
STAU2	ENSG00000040341	0.026134479219816407	lscc	0.6989244321064065	85	74
SPAG1	ENSG00000104450	0.02682502704086624	lscc	-0.4994166489508438	85	74
FSBP	ENSG00000265817	0.02682502704086624	lscc	0.0013397956180946431	85	74
LY6H	ENSG00000176956	0.027426838242160172	lscc	-0.47749338667437113	85	74
PSKH2	ENSG00000147613	0.027426838242160172	lscc	-0.005793925138404592	85	74
MMP16	ENSG00000156103	0.029256816992014358	lscc	0.27433401518670575	85	74
ST18	ENSG00000147488	0.0297508755136661	lscc	0.41912084377744824	85	74
RMDN1	ENSG00000176623	0.030774241778375466	lscc	-0.6278450051423308	85	74
KCNB2	ENSG00000182674	0.031173680784509404	lscc	0.6624076978916945	85	74
CALB1	ENSG00000104327	0.03355069815828428	lscc	3.901270111959082	85	74
ERICH5	ENSG00000177459	0.037648119699504025	lscc	0.3774592631440641	85	74
PDE7A	ENSG00000205268	0.037725081957579565	lscc	1.591270983651448	85	74
LYPD2	ENSG00000197353	0.038021526282433604	lscc	0.6479847602880596	85	74
LYNX1	ENSG00000180155	0.03872494023714981	lscc	-0.5562125882548807	85	74
CPNE3	ENSG00000085719	0.04431924700237185	lscc	1.8897532893293452	85	74
DCAF4L2	ENSG00000176566	0.044351272583875084	lscc	0.2717136055952173	85	74
HAS2	ENSG00000170961	0.05503539123972645	lscc	-1.8076765912797752	85	74
MAL2	ENSG00000147676	0.05573423651076966	lscc	15.759141090956057	85	74
SPATC1	ENSG00000186583	0.05962996883922308	lscc	0.05576554587462387	85	74
TSNARE1	ENSG00000171045	0.06056908655750787	lscc	0.5111498759194397	85	74
TMEM249	ENSG00000271698	0.061726953452306714	lscc	0.01307211788146051	85	74
SLC7A13	ENSG00000164893	0.06237159817746126	lscc	-0.002052779998792984	85	74
MAF1	ENSG00000179632	0.06734395710874828	lscc	4.097128669134783	85	74
C8orf44-SGK3	ENSG00000270024	0.06989510908591495	lscc	-0.007888645432201545	85	74
PSCA	ENSG00000167653	0.08000812854324556	lscc	7.2825107901923465	85	74
ANKRD46	ENSG00000186106	0.08434165513248398	lscc	0.3528982246742114	85	74
RALYL	ENSG00000184672	0.09158282405424342	lscc	0.16775926923343734	85	74
LY6E	ENSG00000160932	0.09237468232555013	lscc	10.26576494447876	85	74
EBAG9	ENSG00000147654	0.09338570808053104	lscc	-0.3531510376689724	85	74
PENK	ENSG00000181195	0.10023129107558852	lscc	2.760870319533531	85	74
GPT	ENSG00000167701	0.10309806000580246	lscc	0.13207216474352634	85	74
FABP9	ENSG00000205186	0.108876618338055	lscc	-0.01082803771704683	85	74
UBXN2B	ENSG00000215114	0.108876618338055	lscc	-0.48383532962281794	85	74
PMP2	ENSG00000147588	0.11134670852553188	lscc	0.13517832751070874	85	74
ASAP1	ENSG00000153317	0.1185530615210885	lscc	0.9075080602893468	85	74
KCNV1	ENSG00000164794	0.13131850412256396	lscc	0.042985970648616374	85	74
BAALC	ENSG00000164929	0.13909562126953445	lscc	-0.45504661858655293	85	74
CYP11B2	ENSG00000179142	0.14593224800688712	lscc	0.000437539808383272	85	74
RNF139	ENSG00000170881	0.1564369837369472	lscc	-0.9465567475933465	85	74
ZBTB10	ENSG00000205189	0.1626503693076412	lscc	-0.974721679932955	85	74
PXDNL	ENSG00000147485	0.16702366830355886	lscc	0.04618239798104884	85	74
SNX16	ENSG00000104497	0.18053522490388638	lscc	0.21063080851912197	85	74
NKAIN3	ENSG00000185942	0.1834836925382876	lscc	0.010611557403812009	85	74
MATN2	ENSG00000132561	0.18662779778159544	lscc	1.245888432005355	85	74
POU5F1B	ENSG00000212993	0.19089429243920444	lscc	0.08944428089103135	85	74
JPH1	ENSG00000104369	0.19904586297122964	lscc	0.45783342778809955	85	74
ANXA13	ENSG00000104537	0.20483067571413344	lscc	0.017410710231597196	85	74
NBN	ENSG00000104320	0.21316160846922683	lscc	0.7568161884455673	85	74
IMPA1	ENSG00000133731	0.22083464101382386	lscc	0.30110426529078094	85	74
RIPK2	ENSG00000104312	0.2219907968446498	lscc	-0.5980147780678369	85	74
CYP11B1	ENSG00000160882	0.22415896920747846	lscc	0.0006351783926444737	85	74
UQCRB	ENSG00000156467	0.23168966901430782	lscc	0.4788247088754751	85	74
TRIM55	ENSG00000147573	0.24326678683803704	lscc	0.10018673170132095	85	74
RPS20	ENSG00000008988	0.24475724599523702	lscc	16.740720893826847	85	74
TNFRSF11B	ENSG00000164761	0.24871795499381744	lscc	-0.4601097482151648	85	74
DEPTOR	ENSG00000155792	0.2497575535482717	lscc	-0.9115933671552288	85	74
LACTB2	ENSG00000147592	0.2499756869503503	lscc	0.43248733230909764	85	74
DGAT1	ENSG00000185000	0.2744696295749669	lscc	0.2781468079651379	85	74
SLC10A5	ENSG00000253598	0.3604168169263657	lscc	-0.054308496781186655	85	74
CA8	ENSG00000178538	0.38404881701995597	lscc	-0.2387076509358621	85	74
RAB2A	ENSG00000104388	0.3857063427018512	lscc	0.5481701788844795	85	74
GSDMD	ENSG00000104518	0.4076748317423431	lscc	-0.7808584199823745	85	74
C8orf89	ENSG00000274443	0.4162033049726471	lscc	0.013708942589394785	85	74
ZHX1	ENSG00000165156	0.43694130554948335	lscc	-0.3088911328383599	85	74
PTP4A3	ENSG00000184489	0.44370836010357445	lscc	-1.0136931360340977	85	74
CLVS1	ENSG00000177182	0.44370836010357445	lscc	-0.011953592256528707	85	74
SLC26A7	ENSG00000147606	0.44370836010357445	lscc	-0.028354254475431162	85	74
ATP6V1H	ENSG00000047249	0.4600172987211274	lscc	-0.24608174789129222	85	74
SLC30A8	ENSG00000164756	0.46164718609162936	lscc	0.05223124776280105	85	74
AARD	ENSG00000205002	0.48183994172926015	lscc	-0.5722620605174142	85	74
ODF1	ENSG00000155087	0.4884591108811995	lscc	-0.0027802948865404305	85	74
WWP1	ENSG00000123124	0.49009031156159083	lscc	-0.4110017575286662	85	74
ZHX2	ENSG00000178764	0.5037417875433429	lscc	0.3632130803677196	85	74
LY96	ENSG00000154589	0.5185276112545826	lscc	0.5731625119774275	85	74
CHCHD7	ENSG00000170791	0.5205802777125769	lscc	-0.2115477367505676	85	74
PEX2	ENSG00000164751	0.5316651028270708	lscc	-0.18126789547697264	85	74
XKR4	ENSG00000206579	0.5316651028270708	lscc	0.04524683980092592	85	74
PARP10	ENSG00000178685	0.543751177602996	lscc	0.650910444060047	85	74
AC105009.1	ENSG00000281855	0.5573669077395981	lscc	0.011647278554927504	85	74
VPS28	ENSG00000160948	0.5823327188493272	lscc	0.3463915837767164	85	74
LRRC24	ENSG00000254402	0.5869507762408717	lscc	0.08814917608043071	85	74
YTHDF3	ENSG00000185728	0.6031473758159088	lscc	0.2827857381352814	85	74
AC090154.1	ENSG00000278888	0.6134987825333091	lscc	0.0038484133556100503	85	74
CYP7B1	ENSG00000172817	0.6217576832216283	lscc	-0.25595571754978597	85	74
ZNF517	ENSG00000197363	0.6315955333360923	lscc	0.035345577110216686	85	74
GML	ENSG00000104499	0.6465878464700002	lscc	-0.006022658880632248	85	74
LYN	ENSG00000254087	0.6465878464700002	lscc	-0.5521936418121189	85	74
MOS	ENSG00000172680	0.6628023238206641	lscc	0.0010494379515652021	85	74
AC100821.1	ENSG00000276621	0.672804561771488	lscc	0.005173900986217365	85	74
VCPIP1	ENSG00000175073	0.6816666865697543	lscc	0.12107465636622905	85	74
GRINA	ENSG00000178719	0.6880804161062952	lscc	1.107754825852055	85	74
SNTG1	ENSG00000147481	0.6982548758013654	lscc	-0.0006924806885841624	85	74
TMEM67	ENSG00000164953	0.7452535645887081	lscc	-0.06256061670346247	85	74
GDF6	ENSG00000156466	0.7452535645887081	lscc	0.017486238462221138	85	74
TMEM70	ENSG00000175606	0.7629769064262267	lscc	0.08622511501890706	85	74
UBE2W	ENSG00000104343	0.7786773158459933	lscc	0.07026932417881682	85	74
CSMD3	ENSG00000164796	0.7908804695225823	lscc	-0.0035134379860882817	85	74
PRDM14	ENSG00000147596	0.7908804695225823	lscc	0.0011406800475978664	85	74
ADCY8	ENSG00000155897	0.799762914213237	lscc	-0.08126000339685613	85	74
ZFP41	ENSG00000264668	0.8472349282001369	lscc	0.0001967761563012897	85	74
BHLHE22	ENSG00000180828	0.863408470021991	lscc	0.013412806287244394	85	74
TRHR	ENSG00000174417	0.9325898205516254	lscc	0.0001451809602983356	85	74
KLHL38	ENSG00000175946	0.9561552669167358	lscc	0.0005257798487513093	85	74
RSPO2	ENSG00000147655	4.2219069729223394e-43	luad	-2.515686631902872	83	76
PREX2	ENSG00000046889	6.950554588937874e-42	luad	-10.86143426731404	83	76
ANGPT1	ENSG00000154188	1.7575812006333114e-41	luad	-11.138341131763704	83	76
DENND3	ENSG00000105339	3.389436237451986e-41	luad	-12.14215645718901	83	76
SBSPON	ENSG00000164764	8.29432251968291e-37	luad	-3.9431987927314265	83	76
FABP4	ENSG00000170323	3.3032759379389247e-34	luad	-48.588375275210836	83	76
C8orf88	ENSG00000253250	1.85214376877883e-30	luad	-2.456668023590477	83	76
CTHRC1	ENSG00000164932	1.0951109081818316e-27	luad	37.41381958203844	83	76
SOX17	ENSG00000164736	2.9483655390223394e-26	luad	-4.418913864821976	83	76
MRPL13	ENSG00000172172	6.482799528649502e-26	luad	2.9300154048134988	83	76
ADHFE1	ENSG00000147576	1.058734589172885e-25	luad	-2.889614723157834	83	76
ZNF704	ENSG00000164684	2.554289143563727e-24	luad	-6.104214787165678	83	76
TTPA	ENSG00000137561	3.884154149998572e-24	luad	-0.5122096621151259	83	76
PKHD1L1	ENSG00000205038	8.845547858569851e-24	luad	-8.817503998032054	83	76
GPIHBP1	ENSG00000277494	2.092349267408754e-23	luad	-18.906392496635444	83	76
ESRP1	ENSG00000104413	3.5406104125117194e-23	luad	13.653861260196203	83	76
ADCY8	ENSG00000155897	1.4720010437864435e-22	luad	-0.730682036611899	83	76
FAM110B	ENSG00000169122	1.7939771958958965e-22	luad	-0.8634387327272317	83	76
PRKDC	ENSG00000253729	3.941325621508234e-21	luad	15.886999623033006	83	76
GPR20	ENSG00000204882	9.307548244382511e-21	luad	-0.452542107686688	83	76
MCM4	ENSG00000104738	2.4409139608029173e-20	luad	9.619752011587078	83	76
INTS8	ENSG00000164941	2.4409139608029173e-20	luad	4.023681826386279	83	76
SULF1	ENSG00000137573	2.7468220872240685e-20	luad	36.28630117754306	83	76
MRPL15	ENSG00000137547	8.965979742103814e-20	luad	9.986376234398055	83	76
SLC52A2	ENSG00000185803	2.1028717776982663e-19	luad	9.185859166456527	83	76
RECQL4	ENSG00000160957	4.776361951161754e-19	luad	3.2066313846874896	83	76
C8orf34	ENSG00000165084	3.0225479560498353e-18	luad	-1.233568761133648	83	76
RP1	ENSG00000104237	7.509061387574387e-18	luad	-6.032685875227019	83	76
TPD52	ENSG00000076554	1.04377496111609e-17	luad	4.232232874142973	83	76
ZFPM2	ENSG00000169946	1.2659852803641093e-17	luad	-1.2951800775042042	83	76
TMEM64	ENSG00000180694	2.0211448105211228e-17	luad	-4.372897167792967	83	76
ADCK5	ENSG00000173137	2.555027742305002e-17	luad	2.5946882663616373	83	76
CSPP1	ENSG00000104218	3.419156122705591e-17	luad	-3.297442961321228	83	76
C8orf76	ENSG00000189376	5.642042783638934e-17	luad	0.9137389290565918	83	76
AARD	ENSG00000205002	6.251798839947223e-17	luad	-1.3234581718095413	83	76
BOP1	ENSG00000261236	6.370638846554789e-17	luad	5.386538073143932	83	76
NECAB1	ENSG00000123119	1.6262620575277538e-16	luad	-3.218009612037232	83	76
SDCBP	ENSG00000137575	1.853465213570181e-16	luad	-25.236273638527628	83	76
MTBP	ENSG00000172167	1.900483777383938e-16	luad	0.9464318756276356	83	76
COLEC10	ENSG00000184374	2.9592906832894453e-16	luad	-2.361875565523514	83	76
KCNQ3	ENSG00000184156	2.9592906832894453e-16	luad	5.040403611073634	83	76
HEY1	ENSG00000164683	3.215651704183109e-16	luad	-7.86826434225395	83	76
CHMP4C	ENSG00000164695	5.436159015916597e-16	luad	4.673191892063987	83	76
MROH6	ENSG00000204839	6.085109384287465e-16	luad	4.90878051628799	83	76
RAD54B	ENSG00000197275	7.640527683000883e-16	luad	0.4654441661156005	83	76
TONSL	ENSG00000160949	1.5597912977268019e-15	luad	1.7872261302253203	83	76
FAM83H	ENSG00000180921	1.6084736905400954e-15	luad	7.324643710829588	83	76
GRHL2	ENSG00000083307	2.181008290764377e-15	luad	8.942862751807901	83	76
PKIA	ENSG00000171033	2.2348476816366225e-15	luad	-2.1978110483955637	83	76
LYPLA1	ENSG00000120992	6.501204130745834e-15	luad	5.748130698908502	83	76
MAL2	ENSG00000147676	1.0357774813113722e-14	luad	36.69122538862492	83	76
RHPN1	ENSG00000158106	1.3812862007165836e-14	luad	6.813122943471242	83	76
HGH1	ENSG00000235173	1.7742745025229864e-14	luad	3.3003491598316375	83	76
ARC	ENSG00000198576	3.423033806008719e-14	luad	-2.314212629768573	83	76
SCRIB	ENSG00000180900	4.0499155060569086e-14	luad	6.164791096995141	83	76
HNF4G	ENSG00000164749	5.0281921627439923e-14	luad	2.3802566085361874	83	76
CYC1	ENSG00000179091	5.253049158442963e-14	luad	12.959293805191894	83	76
DCAF13	ENSG00000164934	6.510948502590031e-14	luad	3.982167158919241	83	76
DEPTOR	ENSG00000155792	8.34071842961803e-14	luad	9.003540682125076	83	76
TOP1MT	ENSG00000184428	1.0604285838198989e-13	luad	1.7466739173684813	83	76
E2F5	ENSG00000133740	1.1201562209286556e-13	luad	1.3387347835296353	83	76
RGS22	ENSG00000132554	1.1828397750608397e-13	luad	-1.8287428507128962	83	76
ATAD2	ENSG00000156802	1.2202651325031571e-13	luad	6.421822824644386	83	76
LACTB2	ENSG00000147592	1.4648416985654767e-13	luad	7.352690866519331	83	76
YWHAZ	ENSG00000164924	2.288971842276101e-13	luad	32.635196803144645	83	76
SGK3	ENSG00000104205	5.199252634885859e-13	luad	-0.6010534801950653	83	76
GSDMC	ENSG00000147697	5.485467850040505e-13	luad	4.167723918612004	83	76
DSCC1	ENSG00000136982	6.880206698584259e-13	luad	1.1388878336325332	83	76
TCEA1	ENSG00000187735	7.496033152103387e-13	luad	5.513207325268208	83	76
RBM12B	ENSG00000183808	8.924042091298832e-13	luad	3.835883380545985	83	76
MTERF3	ENSG00000156469	9.596625713999646e-13	luad	3.655007568688573	83	76
NDUFAF6	ENSG00000156170	3.1480823821493376e-12	luad	1.4744941739670465	83	76
PCMTD1	ENSG00000168300	3.226701576464162e-12	luad	-4.960729690263403	83	76
PABPC1	ENSG00000070756	3.3879560857067433e-12	luad	80.89459615498927	83	76
EXOSC4	ENSG00000178896	4.090982368619343e-12	luad	4.975798600241327	83	76
FBXO43	ENSG00000156509	6.057045345359406e-12	luad	0.25314329555689075	83	76
POP1	ENSG00000104356	8.352495892041721e-12	luad	1.1851708061960093	83	76
OPLAH	ENSG00000178814	1.0104872257998479e-11	luad	3.5427613054852354	83	76
DECR1	ENSG00000104325	1.0979673124427318e-11	luad	-3.3507640139518085	83	76
NDUFB9	ENSG00000147684	1.157359507178947e-11	luad	6.323642098462688	83	76
FBXO32	ENSG00000156804	1.2425142407632195e-11	luad	9.58543094445097	83	76
SLCO5A1	ENSG00000137571	1.2740385196814439e-11	luad	1.0047539146635713	83	76
FAM83A	ENSG00000147689	1.6753435975186013e-11	luad	8.686279486132715	83	76
CYP7A1	ENSG00000167910	2.0309566880673246e-11	luad	-0.03625091708685437	83	76
KLF10	ENSG00000155090	2.091973798886173e-11	luad	-14.694318523156465	83	76
NCALD	ENSG00000104490	2.335349239033796e-11	luad	-3.304258728282277	83	76
OSGIN2	ENSG00000164823	2.3545288254721115e-11	luad	-3.92531107161437	83	76
FBXL6	ENSG00000182325	3.427480490128424e-11	luad	2.148026198408208	83	76
CEBPD	ENSG00000221869	6.45022430485579e-11	luad	-29.137890158255082	83	76
XKR9	ENSG00000221947	6.56647249551045e-11	luad	1.4421035296612732	83	76
TAF2	ENSG00000064313	6.760495703601474e-11	luad	2.308124098636915	83	76
CPQ	ENSG00000104324	6.979632828793556e-11	luad	-5.30691500316628	83	76
MFSD3	ENSG00000167700	1.177815788395544e-10	luad	4.671759696125807	83	76
STAU2	ENSG00000040341	1.3366658463414078e-10	luad	2.0473205031175192	83	76
RB1CC1	ENSG00000023287	2.9073588881452664e-10	luad	-3.529740402895115	83	76
SLA	ENSG00000155926	3.0102040511109775e-10	luad	-7.48395836943976	83	76
FAM91A1	ENSG00000176853	3.245810018534826e-10	luad	3.745874631823124	83	76
LRP12	ENSG00000147650	3.832975922900022e-10	luad	0.8985188020909887	83	76
PAG1	ENSG00000076641	3.8448394465838604e-10	luad	-4.429343950376246	83	76
CA3	ENSG00000164879	5.278425031609057e-10	luad	-4.187472236676438	83	76
COX6C	ENSG00000164919	6.469963589234697e-10	luad	9.87312599268903	83	76
EFCAB1	ENSG00000034239	1.0644155150868694e-09	luad	-2.1634606506296183	83	76
ZNF623	ENSG00000183309	1.2235132927274759e-09	luad	2.918128835588888	83	76
CCNE2	ENSG00000175305	1.227255914527125e-09	luad	2.4806522009609147	83	76
PPP1R16A	ENSG00000160972	1.3437915392271255e-09	luad	4.155243021071769	83	76
TRAM1	ENSG00000067167	1.3889665793618693e-09	luad	27.38342352011867	83	76
TATDN1	ENSG00000147687	1.5130852428062684e-09	luad	1.255047196159809	83	76
FABP5	ENSG00000164687	1.589389236433712e-09	luad	-7.465042865769561	83	76
PDP1	ENSG00000164951	1.7823563802983174e-09	luad	6.110330447560992	83	76
RPL8	ENSG00000161016	1.7915799525389247e-09	luad	107.73575631092507	83	76
GPAA1	ENSG00000197858	1.8143455423868162e-09	luad	7.133511069635109	83	76
MATN2	ENSG00000132561	1.905887419487846e-09	luad	-2.9002079195091883	83	76
GGH	ENSG00000137563	1.9172037160313148e-09	luad	1.8177094022038576	83	76
PPP1R42	ENSG00000178125	1.9172037160313148e-09	luad	-0.49298129318303935	83	76
ARHGAP39	ENSG00000147799	1.9172037160313148e-09	luad	1.2268288353007066	83	76
MROH1	ENSG00000179832	1.969449772130523e-09	luad	2.179677411991528	83	76
FABP12	ENSG00000197416	1.9881417058683008e-09	luad	-0.19996323459693027	83	76
EIF3H	ENSG00000147677	2.6470904061119535e-09	luad	6.259569301973581	83	76
MTDH	ENSG00000147649	2.7963339332116225e-09	luad	7.687577204787658	83	76
SLC39A4	ENSG00000147804	3.1455190804310593e-09	luad	2.840177960685997	83	76
RRS1	ENSG00000179041	3.2233313045666225e-09	luad	3.299399576299483	83	76
SHARPIN	ENSG00000179526	3.3480272891616882e-09	luad	4.968045831377893	83	76
DERL1	ENSG00000136986	6.317155543400371e-09	luad	2.385265211835934	83	76
UBE2V2	ENSG00000169139	9.292470482734771e-09	luad	1.1937248640703952	83	76
NAPRT	ENSG00000147813	1.4934014650544926e-08	luad	4.75764270924368	83	76
LY96	ENSG00000154589	1.6235560672935575e-08	luad	6.140488878676804	83	76
MTFR1	ENSG00000066855	2.0869194113250547e-08	luad	2.733575930508052	83	76
TIGD5	ENSG00000179886	2.1749843285466077e-08	luad	0.6477400579694321	83	76
CPSF1	ENSG00000071894	3.225447075059382e-08	luad	5.4082359179086925	83	76
MCMDC2	ENSG00000178460	3.906376817419544e-08	luad	0.2743199313901969	83	76
PUF60	ENSG00000179950	4.168721438799944e-08	luad	4.589341899441186	83	76
PENK	ENSG00000181195	4.168721438799944e-08	luad	-0.44844578664186124	83	76
LAPTM4B	ENSG00000104341	4.2524967692548376e-08	luad	63.849617402419426	83	76
JPH1	ENSG00000104369	4.339786879088041e-08	luad	-1.9090085390383336	83	76
ZC3H3	ENSG00000014164	4.5111499212573085e-08	luad	1.258394616865576	83	76
OTUD6B	ENSG00000155100	5.937286038908736e-08	luad	1.4060471005721675	83	76
EEF1D	ENSG00000104529	6.01176087771164e-08	luad	7.030575049417241	83	76
AZIN1	ENSG00000155096	6.520311642439977e-08	luad	9.712798806565349	83	76
NUDCD1	ENSG00000120526	6.874038619837027e-08	luad	2.015081328955124	83	76
EIF3E	ENSG00000104408	9.150021181569783e-08	luad	9.873806940525348	83	76
LRRC14	ENSG00000160959	9.789246543126135e-08	luad	1.986523212346266	83	76
SCX	ENSG00000260428	1.2013037604561107e-07	luad	0.8936357757778709	83	76
ZNF696	ENSG00000185730	1.3553090438843122e-07	luad	0.9202300102149792	83	76
PMP2	ENSG00000147588	1.5672276021436347e-07	luad	-0.030562643155967857	83	76
ZC2HC1A	ENSG00000104427	2.60881782967345e-07	luad	-1.335491060457076	83	76
SPIDR	ENSG00000164808	3.438245020916581e-07	luad	2.1848685336367666	83	76
TRAPPC9	ENSG00000167632	3.779005754318789e-07	luad	2.4421908701480906	83	76
KIFC2	ENSG00000167702	4.31195741471299e-07	luad	4.296869259256152	83	76
C8orf44	ENSG00000213865	5.178841743920215e-07	luad	0.9100765165379943	83	76
ARMC1	ENSG00000104442	6.819242495149291e-07	luad	3.6303381157852854	83	76
ZNF7	ENSG00000147789	8.390659620656629e-07	luad	1.3231040580995792	83	76
ZFP41	ENSG00000181638	8.512923883784701e-07	luad	0.3257066787315951	83	76
PLEC	ENSG00000178209	9.280992087528552e-07	luad	10.005542694026676	83	76
THEM6	ENSG00000130193	1.14480494979082e-06	luad	2.970286869917876	83	76
ASPH	ENSG00000198363	1.186339711409398e-06	luad	10.775452227303363	83	76
ARFGEF1	ENSG00000066777	1.2519226263310632e-06	luad	2.4940101125740703	83	76
EPPK1	ENSG00000261150	1.770453788149179e-06	luad	2.7960672176322934	83	76
PI15	ENSG00000137558	1.7802505656990532e-06	luad	1.0632138341760906	83	76
ZFAT	ENSG00000066827	2.00567999634239e-06	luad	0.7602511607520084	83	76
ZNF707	ENSG00000181135	2.3584880110420185e-06	luad	0.4532268179541763	83	76
LY6K	ENSG00000160886	2.5746597503539022e-06	luad	1.9411999835540361	83	76
EXT1	ENSG00000182197	2.964210400577051e-06	luad	-2.4513005329257407	83	76
CYHR1	ENSG00000187954	3.0994526726053414e-06	luad	1.7215928341137787	83	76
OXR1	ENSG00000164830	3.4738122768120727e-06	luad	3.2463194295002236	83	76
STK3	ENSG00000104375	4.219866612879203e-06	luad	1.4509424246520108	83	76
LYPD2	ENSG00000197353	6.233177379052611e-06	luad	-0.9845568477825468	83	76
PARP10	ENSG00000178685	6.954486772736981e-06	luad	4.057915309943873	83	76
PXDNL	ENSG00000147485	8.414043521904875e-06	luad	-0.15060740291050467	83	76
COPS5	ENSG00000121022	1.2087081395619074e-05	luad	1.027357632628764	83	76
EFR3A	ENSG00000132294	1.2361530966867253e-05	luad	3.61482057402214	83	76
UBR5	ENSG00000104517	1.3810774481889375e-05	luad	6.901626001034856	83	76
ZNF706	ENSG00000120963	1.4338146429147703e-05	luad	1.2489783434018715	83	76
POLR2K	ENSG00000147669	1.4531875993879735e-05	luad	5.679667866089023	83	76
ASAP1	ENSG00000153317	1.6232304740915235e-05	luad	-2.381804927014528	83	76
LY6E	ENSG00000160932	1.7944057430419232e-05	luad	22.32068400315773	83	76
COL22A1	ENSG00000169436	1.994255202647289e-05	luad	1.00769186760134	83	76
DCSTAMP	ENSG00000164935	2.8071347609455458e-05	luad	-1.4335949071270946	83	76
DGAT1	ENSG00000185000	3.0272428531841083e-05	luad	3.0208314812044463	83	76
TMEM68	ENSG00000167904	3.1277601929938326e-05	luad	0.4120265388127642	83	76
TMEM71	ENSG00000165071	3.25628994010544e-05	luad	-1.3153683185730363	83	76
RPL30	ENSG00000156482	3.363006401004791e-05	luad	25.043937734606786	83	76
CCDC166	ENSG00000255181	4.042801136218964e-05	luad	0.011529801157330757	83	76
NDRG1	ENSG00000104419	4.1003246743032026e-05	luad	19.697402169374783	83	76
TRMT12	ENSG00000183665	4.4066347071024286e-05	luad	1.1648322228689558	83	76
TBC1D31	ENSG00000156787	4.603932992223458e-05	luad	0.37903580268917003	83	76
PTP4A3	ENSG00000184489	4.8254117661344524e-05	luad	5.204799358303829	83	76
MMP16	ENSG00000156103	5.160639489296693e-05	luad	0.3053887391793064	83	76
COMMD5	ENSG00000170619	5.167556413971643e-05	luad	1.738173394168931	83	76
TMEM249	ENSG00000261587	5.9882396606584285e-05	luad	0.0328531728712299	83	76
ZHX2	ENSG00000178764	7.115201786242158e-05	luad	-1.2151828910817057	83	76
ZNF572	ENSG00000180938	7.380999889093649e-05	luad	0.5185698605216948	83	76
UBE2W	ENSG00000104343	7.734848287968814e-05	luad	1.1305537661502942	83	76
ERICH5	ENSG00000177459	8.060643110989115e-05	luad	1.7636684480979476	83	76
ATP6V1C1	ENSG00000155097	9.273151441492086e-05	luad	4.03003015247821	83	76
PSKH2	ENSG00000147613	0.00010287371185305175	luad	-0.00897522350933629	83	76
GLI4	ENSG00000250571	0.00010801882592479178	luad	0.9118293085650304	83	76
ZNF16	ENSG00000170631	0.00011783399487893413	luad	0.6465035989200971	83	76
NSMCE2	ENSG00000156831	0.0001201342435191085	luad	1.3765412443376492	83	76
C8orf82	ENSG00000213563	0.00012048398448092308	luad	1.2443630630739428	83	76
PHF20L1	ENSG00000129292	0.00013572295107189695	luad	0.9784494535614279	83	76
TMEM74	ENSG00000164841	0.0001421854429596943	luad	0.12965387855709187	83	76
UTP23	ENSG00000147679	0.00014556618083726015	luad	0.9835900754151821	83	76
CHRAC1	ENSG00000104472	0.00018143900986455707	luad	0.7418887441816047	83	76
RAB2A	ENSG00000104388	0.0002456964876267519	luad	2.2731568703117517	83	76
ZNF251	ENSG00000198169	0.00029538119612463855	luad	1.3381876494606129	83	76
TRPA1	ENSG00000104321	0.00029553782480636526	luad	0.1619567646730785	83	76
LRRC69	ENSG00000214954	0.0003250017416926416	luad	0.44053891562437264	83	76
RGS20	ENSG00000147509	0.0003402455873964916	luad	0.2236973094789862	83	76
TSPYL5	ENSG00000180543	0.00046028182638697376	luad	4.415099402576571	83	76
HSF1	ENSG00000185122	0.000553018307347287	luad	1.727208400241378	83	76
MRPS28	ENSG00000147586	0.000625511244606462	luad	0.7753282609604084	83	76
NRBP2	ENSG00000185189	0.0007410420563409901	luad	-1.6942459709009814	83	76
PTK2	ENSG00000169398	0.0007933966244578035	luad	2.890491624615427	83	76
ZHX1-C8orf76	ENSG00000259305	0.0010029955959958055	luad	0.08583991545752806	83	76
TMEM67	ENSG00000164953	0.0010642948245881978	luad	-0.7345126152281547	83	76
RIMS2	ENSG00000176406	0.0012188431302899753	luad	1.4029208369356818	83	76
ABRA	ENSG00000174429	0.0013244398129168592	luad	-0.030286125686906317	83	76
GDF6	ENSG00000156466	0.0013482645130785769	luad	-0.05945273026558397	83	76
SPAG1	ENSG00000104450	0.0014121843128839246	luad	1.3528845067239472	83	76
CHCHD7	ENSG00000170791	0.0014858256188487688	luad	-0.6579613327962166	83	76
STMN2	ENSG00000104435	0.001543121598143275	luad	0.6287958340838354	83	76
TP53INP1	ENSG00000164938	0.0016020586491823652	luad	7.997493857479736	83	76
SLC10A5	ENSG00000253598	0.0016024757354282547	luad	0.23769654322995026	83	76
SDC2	ENSG00000169439	0.001705565479326194	luad	-3.963916110995763	83	76
ZFHX4	ENSG00000091656	0.001727540852894642	luad	0.5080570681412218	83	76
TRIM55	ENSG00000147573	0.0017486260667222858	luad	0.747045842981569	83	76
KCNV1	ENSG00000164794	0.001873300108816576	luad	0.04513170573797338	83	76
C8orf89	ENSG00000274443	0.0019676629247117098	luad	0.044520727185759654	83	76
ZFAND1	ENSG00000104231	0.0020454094905848776	luad	1.09678535427566	83	76
MTSS1	ENSG00000170873	0.0021033135568233143	luad	-1.7491197217247976	83	76
OPRK1	ENSG00000082556	0.0022275259750940846	luad	0.2344723553251783	83	76
TRIB1	ENSG00000173334	0.0022872090333201267	luad	-11.333553307008156	83	76
LY6D	ENSG00000167656	0.0026640177118053346	luad	2.689584820641982	83	76
RPL7	ENSG00000147604	0.002691041946000922	luad	27.327894699389844	83	76
LYNX1	ENSG00000180155	0.0030995225220664343	luad	-0.7259753637500517	83	76
TRPS1	ENSG00000104447	0.004191457537397427	luad	1.2571320517048346	83	76
MED30	ENSG00000164758	0.004337253078264728	luad	-0.6877893550562195	83	76
SAMD12	ENSG00000177570	0.004520731420971561	luad	1.1426259045585896	83	76
RDH10	ENSG00000121039	0.005158326404874801	luad	7.717805153337181	83	76
RUNX1T1	ENSG00000079102	0.005527411267505422	luad	-1.727051840631356	83	76
RNF19A	ENSG00000034677	0.005748076808535165	luad	8.725906525896207	83	76
BHLHE22	ENSG00000180828	0.005805074547338387	luad	0.20124537204708692	83	76
EMC2	ENSG00000104412	0.006480959178574095	luad	1.5967279759139537	83	76
NIPAL2	ENSG00000104361	0.006742541996470522	luad	1.2513063510507507	83	76
RMDN1	ENSG00000176623	0.006804720297954062	luad	-0.7209938371820925	83	76
CYP7B1	ENSG00000172817	0.007101005309827535	luad	1.2262650302190607	83	76
TMEM70	ENSG00000175606	0.00723314433947636	luad	1.6235567267845123	83	76
TMEM249	ENSG00000271698	0.007373727687736255	luad	0.018650333867640756	83	76
SLC45A4	ENSG00000022567	0.007801614543530123	luad	0.7664107126857238	83	76
SQLE	ENSG00000104549	0.008126057275578193	luad	3.069131171860901	83	76
LYN	ENSG00000254087	0.008697718594163135	luad	2.681635152939032	83	76
UBXN2B	ENSG00000215114	0.009092687538407708	luad	0.6514439852075071	83	76
CNBD1	ENSG00000176571	0.010232085334748613	luad	0.10468629461221579	83	76
CHD7	ENSG00000171316	0.010746359823645699	luad	0.9115009072054105	83	76
ENPP2	ENSG00000136960	0.011192811169265184	luad	-10.403783981403537	83	76
TCF24	ENSG00000261787	0.01464721727653529	luad	0.04984833218915884	83	76
SNTB1	ENSG00000172164	0.015235523482590586	luad	2.7756612123519293	83	76
CA13	ENSG00000185015	0.01527832498710298	luad	1.130819427704624	83	76
DPYS	ENSG00000147647	0.01664056734685226	luad	-0.1477112605567204	83	76
TG	ENSG00000042832	0.016647006833710058	luad	0.0793808118994958	83	76
HAS2	ENSG00000170961	0.016659286931233332	luad	-4.036593497490631	83	76
MSC	ENSG00000178860	0.018201882090417766	luad	0.48276037954335016	83	76
CRISPLD1	ENSG00000121005	0.018359685965159602	luad	1.2208366339115004	83	76
ODF1	ENSG00000155087	0.019064662198722816	luad	-0.017085103133912267	83	76
KHDRBS3	ENSG00000131773	0.02127874113964791	luad	0.39453784029702144	83	76
HHLA1	ENSG00000132297	0.022228893906633594	luad	0.0045529485886938665	83	76
SLC25A32	ENSG00000164933	0.022522601380218867	luad	1.2083525008407605	83	76
FAM135B	ENSG00000147724	0.024977463500568124	luad	0.05011386415233551	83	76
NBN	ENSG00000104320	0.02646382482167912	luad	-1.2847962086064442	83	76
TOX	ENSG00000198846	0.02714098200474689	luad	-0.9849507539618241	83	76
SLURP1	ENSG00000126233	0.02714098200474689	luad	0.03802736086322797	83	76
LRRCC1	ENSG00000133739	0.027332419891930627	luad	0.7476472069832552	83	76
VPS28	ENSG00000160948	0.02733996885382413	luad	2.0597084532311527	83	76
PRDM14	ENSG00000147596	0.028026711021602306	luad	0.007529486929093854	83	76
XKR4	ENSG00000206579	0.030894608938841668	luad	0.11328239481531302	83	76
KCNS2	ENSG00000156486	0.034366884837384794	luad	0.04413166932084227	83	76
CNGB3	ENSG00000170289	0.03793194627821549	luad	0.02686682580576373	83	76
NCOA2	ENSG00000140396	0.038952390064589615	luad	1.6960446690157234	83	76
MAF1	ENSG00000179632	0.045062395734182845	luad	3.213442675032109	83	76
FSBP	ENSG00000265817	0.04549636180290544	luad	0.0007174707074728891	83	76
CPA6	ENSG00000165078	0.04798941206025585	luad	0.43634328105501075	83	76
CALB1	ENSG00000104327	0.04897675151911971	luad	0.17303503405904644	83	76
AC090154.1	ENSG00000278888	0.0509113725208306	luad	-0.023564388082235703	83	76
GRINA	ENSG00000178719	0.051312666294130796	luad	3.2899562538530347	83	76
MAPK15	ENSG00000181085	0.05441759506377347	luad	-1.2311672513875656	83	76
NPBWR1	ENSG00000183729	0.055098235276433954	luad	0.030360626167026547	83	76
ATP6V0D2	ENSG00000147614	0.062035676237526434	luad	-0.9292466506764723	83	76
PDE7A	ENSG00000205268	0.06641804792523608	luad	-1.0292774114725844	83	76
DNAJC5B	ENSG00000147570	0.07203690858257722	luad	-0.24072378333315725	83	76
CRH	ENSG00000147571	0.07278025348420007	luad	-0.008429810260911635	83	76
ZHX1	ENSG00000165156	0.07486589502676443	luad	-0.6573757044311144	83	76
TSNARE1	ENSG00000171045	0.07517334658634624	luad	0.3843293040661093	83	76
LY6H	ENSG00000176956	0.07816615044116679	luad	0.11747613195368775	83	76
TRIQK	ENSG00000205133	0.08595046552329191	luad	0.5913581050675756	83	76
POU5F1B	ENSG00000212993	0.08595046552329191	luad	-0.06871974572363954	83	76
GSDMD	ENSG00000104518	0.08889974928021731	luad	1.185510821131265	83	76
SPATC1	ENSG00000186583	0.08957988815895787	luad	0.03468649816820224	83	76
ANXA13	ENSG00000104537	0.09691594422320803	luad	0.3372217549767776	83	76
RAD21	ENSG00000164754	0.09802221902595759	luad	2.4775117509438616	83	76
OSR2	ENSG00000164920	0.10413378610790114	luad	0.17079056771333412	83	76
CDH17	ENSG00000079112	0.1116043545552872	luad	2.2026750081150355	83	76
EYA1	ENSG00000104313	0.11382649742176318	luad	-0.2502913313663381	83	76
PLAG1	ENSG00000181690	0.11382649742176318	luad	-0.2633959535881163	83	76
GPT	ENSG00000167701	0.11442395022681813	luad	0.6193052359275203	83	76
PSCA	ENSG00000167653	0.11442395022681813	luad	6.020579289017535	83	76
GDAP1	ENSG00000104381	0.13351416706820274	luad	0.5160402641842103	83	76
SDR16C5	ENSG00000170786	0.1387889354198544	luad	-3.219671278072134	83	76
SLC26A7	ENSG00000147606	0.1393367523366613	luad	-0.07745725965245837	83	76
IL7	ENSG00000104432	0.14489123691266972	luad	0.17881320605871975	83	76
TGS1	ENSG00000137574	0.15120345581339104	luad	0.4641734464209879	83	76
FOXH1	ENSG00000160973	0.15956860155808547	luad	0.14172315576540317	83	76
NKAIN3	ENSG00000185942	0.15967646531763535	luad	0.2821464925059124	83	76
DCAF4L2	ENSG00000176566	0.16087902900959655	luad	0.022379042813388848	83	76
RPS20	ENSG00000008988	0.1728679842339014	luad	6.886601171596226	83	76
MYC	ENSG00000136997	0.18000659223017904	luad	-4.02591452129683	83	76
RALYL	ENSG00000184672	0.1803545479624174	luad	0.35242819886462734	83	76
KLHL38	ENSG00000175946	0.19154715692468793	luad	-0.015174576558082006	83	76
ST18	ENSG00000147488	0.19411775075257562	luad	0.3637480287497431	83	76
RNF139	ENSG00000170881	0.19889917626109893	luad	-0.9545228456535675	83	76
SNX31	ENSG00000174226	0.2073099075430078	luad	0.024969704767098602	83	76
FER1L6	ENSG00000214814	0.20758612907084165	luad	5.851669337153783	83	76
VPS13B	ENSG00000132549	0.22384800711508018	luad	0.9485896991525067	83	76
PTDSS1	ENSG00000156471	0.22993632318285684	luad	0.5453006726386995	83	76
TERF1	ENSG00000147601	0.2390837457041583	luad	0.13893841088127346	83	76
SLC7A13	ENSG00000164893	0.23922625564079836	luad	-0.002601835126688978	83	76
TMEM65	ENSG00000164983	0.24387773699241735	luad	0.3974501551070908	83	76
ZNF517	ENSG00000197363	0.24512834547615914	luad	0.12369671889323564	83	76
SNAI2	ENSG00000019549	0.27833582598602613	luad	-0.5380293954045046	83	76
MOS	ENSG00000172680	0.27833582598602613	luad	0.001454235741799955	83	76
AC087350.1	ENSG00000281527	0.2958781998429524	luad	0.21801097932752073	83	76
YTHDF3	ENSG00000185728	0.3022643313901595	luad	-0.47960898896467086	83	76
CYP11B1	ENSG00000160882	0.3254908369339457	luad	0.0004482997807381935	83	76
KCNK9	ENSG00000169427	0.32948232889148477	luad	0.16802581667126545	83	76
LRRC24	ENSG00000254402	0.33463854703150114	luad	0.1802421189057537	83	76
ZNF34	ENSG00000196378	0.3382628729074256	luad	-0.30495770664350674	83	76
SCRT1	ENSG00000261678	0.33940944312205207	luad	0.013600834071454957	83	76
CPNE3	ENSG00000085719	0.33940944312205207	luad	-0.8532042290251525	83	76
UQCRB	ENSG00000156467	0.3444857159979076	luad	0.4292156053991736	83	76
SNX16	ENSG00000104497	0.3529933860276668	luad	-0.10657090608716624	83	76
ZFP41	ENSG00000264668	0.3584819382757663	luad	-0.0012243067837777663	83	76
CA2	ENSG00000104267	0.3740217483686093	luad	-7.11256572124341	83	76
RRM2B	ENSG00000048392	0.3910807015025216	luad	1.0093849688159136	83	76
NSMAF	ENSG00000035681	0.40381331318915953	luad	-0.2394830566207009	83	76
SYBU	ENSG00000147642	0.40381331318915953	luad	1.279477157298209	83	76
C8orf44-SGK3	ENSG00000270024	0.44335212114579836	luad	-0.004162728448207802	83	76
WWP1	ENSG00000123124	0.4445472336544434	luad	-0.8699994350078146	83	76
AC105009.1	ENSG00000281855	0.46111500617895457	luad	0.025555360243304653	83	76
ST3GAL1	ENSG00000008513	0.49269928995973583	luad	0.9559508755645858	83	76
TRHR	ENSG00000174417	0.49823379929997413	luad	-0.0030863525337055456	83	76
DPY19L4	ENSG00000156162	0.4995147709890967	luad	0.21077919318270943	83	76
FZD6	ENSG00000164930	0.5450545135605009	luad	-0.6218431031834655	83	76
BAALC	ENSG00000164929	0.545426367640645	luad	-0.5242909682038004	83	76
GML	ENSG00000104499	0.5478957008152193	luad	-0.007084261728608272	83	76
RIPK2	ENSG00000104312	0.5536766782886424	luad	-0.43528833673498113	83	76
CA8	ENSG00000178538	0.6120171838241242	luad	-0.13654157946006285	83	76
CLVS1	ENSG00000177182	0.6228883003022083	luad	0.013087282435311473	83	76
CSMD3	ENSG00000164796	0.6228883003022083	luad	0.025006555678081903	83	76
ZBTB10	ENSG00000205189	0.6588054533319141	luad	0.22204262581730205	83	76
IMPA1	ENSG00000133731	0.7072019690005571	luad	-0.08453067093710942	83	76
ATP6V1H	ENSG00000047249	0.7103594051212125	luad	-0.11514783751760937	83	76
JRK	ENSG00000234616	0.7195414680302865	luad	0.07365188364176367	83	76
MAFA	ENSG00000182759	0.7312631563522671	luad	-0.0043806675309846915	83	76
MYBL1	ENSG00000185697	0.7450841887770203	luad	-0.08809302895815918	83	76
AC100821.1	ENSG00000276621	0.7549676689222768	luad	0.00499520084733901	83	76
GEM	ENSG00000164949	0.7924258470253795	luad	-0.6294509729272839	83	76
SNTG1	ENSG00000147481	0.7924258470253795	luad	0.0005304914723340808	83	76
PLEKHF2	ENSG00000175895	0.7956194770852996	luad	-0.16976914077604022	83	76
ENY2	ENSG00000120533	0.8326752479037882	luad	0.06455544233144117	83	76
ANKRD46	ENSG00000186106	0.8443144045146271	luad	-0.06604253710595209	83	76
VCPIP1	ENSG00000175073	0.8494856709886801	luad	0.06196360403714962	83	76
TNFRSF11B	ENSG00000164761	0.8508427626869592	luad	-0.0843906382441606	83	76
PEX2	ENSG00000164751	0.893741676078962	luad	-0.045770913264643553	83	76
FABP9	ENSG00000205186	0.893741676078962	luad	-0.0003246811706993191	83	76
KCNB2	ENSG00000182674	0.9085145405637701	luad	0.0174174784502433	83	76
SLC30A8	ENSG00000164756	0.9451346491557884	luad	0.010045095639201973	83	76
EBAG9	ENSG00000147654	0.9487117852410292	luad	-0.02456815764126663	83	76
ZNF250	ENSG00000196150	0.9558679829357795	luad	-0.016952155581968054	83	76
COL14A1	ENSG00000187955	0.9558679829357795	luad	0.18655414971404483	83	76
CA1	ENSG00000133742	0.9625418355012902	luad	0.008719215466498675	83	76
AGO2	ENSG00000123908	0.9821067256540533	luad	0.012195974128594855	83	76
AC108925.1	ENSG00000279524	0.986271740944432	luad	0.00020658137750485112	83	76
OC90	ENSG00000253117		lscc	0.0	85	74
CYP11B2	ENSG00000179142		luad	0.0	83	76
OC90	ENSG00000253117		luad	0.0	83	76
