cancer_type	protein	Database_ID	adj_p	change
brca	CCDC25	ENSG00000147419	9.012912653643267e-08	-5.350170866370114
brca	PPP2R2A	ENSG00000221914	3.9917563730250697e-07	-4.103498007267463
brca	MCPH1	ENSG00000147316	3.9917563730250697e-07	-0.9951316817740623
brca	ENTPD4	ENSG00000197217	3.9917563730250697e-07	-3.140445214050861
brca	INTS9	ENSG00000104299	4.504309364086396e-06	-1.4899301153280557
brca	HMBOX1	ENSG00000147421	4.504309364086396e-06	-1.140030206272272
brca	EPHX2	ENSG00000120915	4.504309364086396e-06	-3.970698675557114
brca	UBXN8	ENSG00000104691	7.951336730591573e-06	-2.2287546132328426
brca	VPS37A	ENSG00000155975	8.861880741787317e-06	-3.1001949835286764
brca	CCAR2	ENSG00000158941	8.861880741787317e-06	-5.020526083447933
brca	CNOT7	ENSG00000198791	8.861880741787317e-06	-3.5351784965135
brca	ELP3	ENSG00000134014	1.0455144167953883e-05	-2.720596764379776
brca	ASAH1	ENSG00000104763	1.2115443455933761e-05	-42.055291266951926
brca	BIN3	ENSG00000147439	1.5412089059484824e-05	-1.7667216583075227
brca	CHMP7	ENSG00000147457	2.8127158610008418e-05	-3.668741133766143
brca	MTMR9	ENSG00000104643	3.231613848357086e-05	-0.9316885940368063
brca	INTS10	ENSG00000104613	3.480189561260473e-05	-3.7362160841732877
brca	TNKS	ENSG00000173273	3.480189561260473e-05	-1.635382642480553
brca	NEIL2	ENSG00000154328	3.6040724314415514e-05	-2.807119363871097
brca	ZNF395	ENSG00000186918	4.433878065471365e-05	-3.918502994195382
brca	ZNF596	ENSG00000172748	4.433878065471365e-05	-0.705585746839631
brca	FBXO16	ENSG00000214050	4.8199875930560266e-05	-0.7496459660450631
brca	PPP2CB	ENSG00000104695	4.8199875930560266e-05	-6.915288298223302
brca	XPO7	ENSG00000130227	4.982581972333735e-05	-4.955045150758259
brca	R3HCC1	ENSG00000104679	4.982581972333735e-05	-3.6135842900824517
brca	PPP3CC	ENSG00000120910	7.114573352484335e-05	-1.522457069766432
brca	MTUS1	ENSG00000129422	8.216816795196202e-05	-3.9145108809714158
brca	KIF13B	ENSG00000197892	8.216816795196202e-05	-4.0581703774948625
brca	POLR3D	ENSG00000168495	0.000125889875854141	-1.7540193702447775
brca	TTI2	ENSG00000129696	0.00014928366287005366	-1.5582356053675759
brca	SARAF	ENSG00000133872	0.0001624028517665909	-43.999004198902014
brca	ERICH1	ENSG00000104714	0.00018791959355418962	-0.7116566041491657
brca	WRN	ENSG00000165392	0.0001986943988244834	-1.7846355769773434
brca	MAK16	ENSG00000198042	0.00019961781743035677	-2.8263242327931923
brca	EXTL3	ENSG00000012232	0.00020899510572382606	-0.8086030156452502
brca	FBXO25	ENSG00000147364	0.0002167903065336534	-1.649189582597375
brca	BNIP3L	ENSG00000104765	0.0004408360600774184	-11.16531753559088
brca	CLN8	ENSG00000182372	0.0005833863395182933	-0.8502198806155397
brca	DCTN6	ENSG00000104671	0.000781365779572149	-5.752859012544228
brca	PPP1R3B	ENSG00000173281	0.000781365779572149	-3.9938081414677695
brca	GTF2E2	ENSG00000197265	0.0009760104721204003	-4.5665171988587545
brca	MSRA	ENSG00000175806	0.0011242898190235069	-0.5227173254422066
brca	TRIM35	ENSG00000104228	0.0011882319784396154	-1.4033756176830825
brca	PCM1	ENSG00000078674	0.001237535863152908	-9.063147877500924
brca	FUT10	ENSG00000172728	0.001237535863152908	-0.652128024211621
brca	FDFT1	ENSG00000079459	0.00150295128446477	-13.2295657125125
brca	ARHGEF10	ENSG00000104728	0.001623450727499439	-1.3695638482721044
brca	GSR	ENSG00000104687	0.0017012173289006655	-7.977537469973688
brca	SH2D4A	ENSG00000104611	0.00243606124974547	-2.688484608258447
brca	FAM86B2	ENSG00000145002	0.0029520546564531305	-0.18214781468708455
brca	NAT1	ENSG00000171428	0.0030732455333554944	-39.972351531722566
brca	TNFRSF10B	ENSG00000120889	0.0031635277337479298	-3.575230714915307
brca	DUSP4	ENSG00000120875	0.0037398350017773746	-19.667925814584848
brca	C8orf48	ENSG00000164743	0.00419184193880777	-0.8041816755101858
brca	SLC7A2	ENSG00000003989	0.005055356657839797	-25.147772404582696
brca	AGPAT5	ENSG00000155189	0.005055356657839797	-3.1348077030027524
brca	NUDT18	ENSG00000275074	0.005206952666597069	-1.8780386890508098
brca	ATP6V1B2	ENSG00000147416	0.005680613539199394	-2.796392723408447
brca	ERI1	ENSG00000104626	0.0057553952722867	-1.5687213181964816
brca	TNFRSF10A	ENSG00000104689	0.006455721970265637	-1.3022776706512293
brca	REEP4	ENSG00000168476	0.010752539668803745	-3.710318004078445
brca	LEPROTL1	ENSG00000104660	0.012272166785085607	-3.121513344591122
brca	SLC39A14	ENSG00000104635	0.012501842727661121	-2.3621518266025427
brca	KCTD9	ENSG00000104756	0.013249344268498617	-4.480813993027373
brca	FAM86B1	ENSG00000186523	0.014621389736291533	-0.3490524881741217
brca	LETM2	ENSG00000165046	0.014621389736291533	-0.42761427474395775
brca	SORBS3	ENSG00000120896	0.01463213554501161	-2.5972322280470204
brca	PINX1	ENSG00000254093	0.015695544620444674	-0.7332845660522549
brca	C8orf58	ENSG00000241852	0.020336960632345264	-0.47692004486410067
brca	LONRF1	ENSG00000154359	0.02246703906567732	-1.1899332467654573
brca	DOCK5	ENSG00000147459	0.023682283752659482	-0.7990520886255972
brca	PBK	ENSG00000168078	0.029060309567165765	-4.906567285974747
brca	PSD3	ENSG00000156011	0.031097155809160656	-4.709936520746393
brca	TUSC3	ENSG00000104723	0.0325817723068906	-4.300686396294884
brca	SLC25A37	ENSG00000147454	0.04496760747638641	-3.992112147661694
brca	FGF20	ENSG00000078579	0.04496760747638641	-0.07936125052537028
brca	ESCO2	ENSG00000171320	0.046171442651564934	-0.4266523213046778
brca	RHOBTB2	ENSG00000008853	0.046171442651564934	-0.7332784837004835
brca	TDRP	ENSG00000180190	0.04619879864891892	-1.3699169055566318
brca	DMTN	ENSG00000158856	0.057688158172551136	-1.0967061832638532
brca	PTK2B	ENSG00000120899	0.05780839335409728	-0.9822096373277116
brca	GNRH1	ENSG00000147437	0.0631138687240974	-1.0942985224032786
brca	MTMR7	ENSG00000003987	0.0631138687240974	-0.514849467284112
brca	CLU	ENSG00000120885	0.0893070620114143	-57.87498246906306
brca	SCARA3	ENSG00000168077	0.09010489935052304	-5.318618752711335
brca	MBOAT4	ENSG00000177669	0.11358250637466333	-0.012619334424181197
brca	STMN4	ENSG00000015592	0.11685210028454239	-0.06473094866664879
brca	XKR6	ENSG00000171044	0.12518957927649285	-0.07276125408433942
brca	TNFRSF10C	ENSG00000173535	0.12606509181703668	-0.40919634258631765
brca	NUGGC	ENSG00000189233	0.12606509181703668	0.17928130570460715
brca	STC1	ENSG00000159167	0.14223601631226168	-11.149236959274177
brca	PEBP4	ENSG00000134020	0.14223601631226168	-1.0260135177101126
brca	RBPMS	ENSG00000157110	0.15225919131361018	-2.499490970357474
brca	FZD3	ENSG00000104290	0.1600054821366026	-0.43455677718830965
brca	NKX3-1	ENSG00000167034	0.1600054821366026	-2.281134597127699
brca	GATA4	ENSG00000136574	0.19058104270552403	0.6139972539568668
brca	PNMA2	ENSG00000240694	0.200069568715859	-0.46962649793078604
brca	CDCA2	ENSG00000184661	0.2021723389295038	-1.5320379952208323
brca	GOT1L1	ENSG00000169154	0.2139942751766959	0.06763025529632934
brca	MFHAS1	ENSG00000147324	0.2369763822835189	-0.6485774088277538
brca	PDLIM2	ENSG00000120913	0.2369763822835189	-0.14057826444565868
brca	PRSS55	ENSG00000184647	0.24479105961560274	0.0055974499421092335
brca	SOX7	ENSG00000171056	0.24508350843256432	-0.4405688877638688
brca	FGL1	ENSG00000104760	0.24519013718317798	-0.18475501094530944
brca	DEFA3	ENSG00000239839	0.273343261845852	0.03221051388053328
brca	DOK2	ENSG00000147443	0.2772014980182668	0.786274228361314
brca	DEFA4	ENSG00000164821	0.2798247688212559	0.005595765868760508
brca	ADAM2	ENSG00000104755	0.3189180932947335	0.19183596604604874
brca	FAM167A	ENSG00000154319	0.3189180932947335	-0.43722788252777567
brca	ADRB3	ENSG00000188778	0.3280478883926394	0.17462120295835637
brca	NPM2	ENSG00000158806	0.3325655649133834	-0.20890152501016307
brca	PRR23D1	ENSG00000255251	0.3325655649133834	
brca	SPAG11B	ENSG00000164871	0.3325655649133834	0.0005154488351397465
brca	PNOC	ENSG00000168081	0.33317678385366223	0.1767242122505041
brca	GFRA2	ENSG00000168546	0.33317678385366223	0.04561078361704013
brca	NKX2-6	ENSG00000180053	0.33317678385366223	-0.005383206283728733
brca	UNC5D	ENSG00000156687	0.33317678385366223	0.0024132954360331217
brca	CSMD1	ENSG00000183117	0.33317678385366223	-0.037920361784184446
brca	NEFM	ENSG00000104722	0.35543038389846227	-0.022753712835682297
brca	NAT2	ENSG00000156006	0.35543038389846227	-0.6067757707223793
brca	DEFB135	ENSG00000205883	0.3584123956470499	
brca	DEFB4B	ENSG00000177257	0.3584123956470499	-0.007142952597557823
brca	ZDHHC2	ENSG00000104219	0.3591100293367996	-0.6002593502702434
brca	MYOM2	ENSG00000036448	0.3636592887454753	-3.6316217067501713
brca	STAR	ENSG00000147465	0.3697744031111849	0.26382071701944376
brca	ZNF705D	ENSG00000215343	0.3737473877443008	-0.012996285600460724
brca	HTRA4	ENSG00000169495	0.3737473877443008	0.21518203078788933
brca	CSGALNACT1	ENSG00000147408	0.3737473877443008	-0.37108088171215137
brca	HR	ENSG00000168453	0.37543185535410845	-0.666399982702895
brca	TM2D2	ENSG00000169490	0.3873373438294584	-2.3964188024918904
brca	CHRNA2	ENSG00000120903	0.3873373438294584	-0.05891034601685817
brca	SGCZ	ENSG00000185053	0.3873373438294584	0.009071546781756323
brca	KCNU1	ENSG00000215262	0.41000817382158	-0.3446803171115966
brca	PIWIL2	ENSG00000197181	0.43234414336884275	-0.09841668853738786
brca	ZNF705B	ENSG00000215356	0.43234414336884275	
brca	ADRA1A	ENSG00000120907	0.43607487665466704	-0.019365064891147372
brca	DEFA6	ENSG00000164822	0.4513944704326507	0.002580259963286567
brca	DEFB4A	ENSG00000171711	0.4513944704326507	-0.016291573337294724
brca	OR4F21	ENSG00000176269	0.45364426429518373	-0.005310907218026222
brca	DEFB1	ENSG00000164825	0.45364426429518373	-6.776466657860833
brca	ADAMDEC1	ENSG00000134028	0.46101917563719613	1.7807092141829335
brca	FGF17	ENSG00000158815	0.46348760903226094	0.06764749014532488
brca	ADAM32	ENSG00000197140	0.46348760903226094	-0.07092139846988338
brca	ADAM28	ENSG00000042980	0.46348760903226094	-0.48563810589934286
brca	MICU3	ENSG00000155970	0.4850614024333472	-0.09125032891113205
brca	LGI3	ENSG00000168481	0.4850614024333472	-0.0070484651477495
brca	ADAM18	ENSG00000168619	0.4897355499693842	-0.0029936392055073036
brca	LOXL2	ENSG00000134013	0.4897355499693842	-1.2733946691285158
brca	DLC1	ENSG00000164741	0.4975324973644595	-0.36196432366998055
brca	ADAM7	ENSG00000069206	0.5016778599972369	0.00321195404539034
brca	TEX15	ENSG00000133863	0.5016778599972369	0.10304120146491204
brca	SLC35G5	ENSG00000177710	0.5016778599972369	-0.014390080608896003
brca	PDGFRL	ENSG00000104213	0.503080485679627	-1.4156021213080763
brca	LPL	ENSG00000175445	0.5123554747079411	-3.9883645073241
brca	SLC18A1	ENSG00000036565	0.5281806254033656	-0.025389011082132977
brca	PURG	ENSG00000172733	0.5466435294349578	0.012062243096702716
brca	EIF4EBP1	ENSG00000187840	0.5466435294349578	-10.436282833881648
brca	DEFB134	ENSG00000205882	0.552983416909724	0.0064047511979759345
brca	IDO1	ENSG00000131203	0.5534430576138815	3.120478406589436
brca	CLDN23	ENSG00000253958	0.5595420482631457	-0.5121635070645851
brca	SPAG11A	ENSG00000178287	0.5595420482631457	
brca	EBF2	ENSG00000221818	0.5595420482631457	-0.06209773459328777
brca	PHYHIP	ENSG00000168490	0.5595420482631457	-0.050970612909881696
brca	NRG1	ENSG00000157168	0.5595420482631457	-0.4265488826898105
brca	DEFA5	ENSG00000164816	0.5695915612929934	-0.0062815939985690055
brca	LSM1	ENSG00000175324	0.6021556910004923	-3.9835396465745347
brca	IDO2	ENSG00000188676	0.6110133377540853	-1.0786013747911165
brca	RP1L1	ENSG00000183638	0.6110133377540853	-0.011434336534568518
brca	C8orf74	ENSG00000171060	0.6110133377540853	-0.0003236374500140578
brca	C8orf86	ENSG00000196166	0.6110133377540853	-0.010036166459353922
brca	TNFRSF10D	ENSG00000173530	0.6588877093192627	-0.18334939722694643
brca	BMP1	ENSG00000168487	0.6696008887994483	-0.31029700545527206
brca	NEFL	ENSG00000277586	0.6735840120176225	0.06912248773858509
brca	DPYSL2	ENSG00000092964	0.679242879755755	-0.5016444878221602
brca	LZTS1	ENSG00000061337	0.6802932981206168	0.0951829308388239
brca	SFTPC	ENSG00000168484	0.7236506207757708	-0.0019779090215176383
brca	RNF122	ENSG00000133874	0.7251864517601465	-0.17258699396820187
brca	MSR1	ENSG00000038945	0.7590091067052857	0.4385070051732658
brca	SCARA5	ENSG00000168079	0.7601689361690183	0.1133802627578846
brca	KBTBD11	ENSG00000176595	0.7936322431021158	-0.11220521975310038
brca	ERLIN2	ENSG00000147475	0.8001893736727068	-1.0793556061262493
brca	SMIM18	ENSG00000253457	0.8019390427342056	0.0019500757209924956
brca	TACC1	ENSG00000147526	0.8019390427342056	0.4820929742536624
brca	ZNF705G	ENSG00000215372	0.8598447472983396	-0.00013500479337952076
brca	DLGAP2	ENSG00000198010	0.8887116533003018	0.0014380119613936447
brca	CTSB	ENSG00000164733	0.8887116533003018	3.2681512704714635
brca	XKR5	ENSG00000275591	0.8887116533003018	-0.0024933092947117055
brca	RAB11FIP1	ENSG00000156675	0.8958953463500821	1.1730263678313761
brca	ANGPT2	ENSG00000091879	0.9114531609043562	0.059211429648668545
brca	FGFR1	ENSG00000077782	0.9294087777427782	0.434355629345367
brca	BAG4	ENSG00000156735	0.955148411530937	-0.20947016756341164
brca	ADAM9	ENSG00000168615	0.955148411530937	-0.4114331189587368
brca	DDHD2	ENSG00000085788	0.9629257733240234	0.2079809521395255
brca	DUSP26	ENSG00000133878	0.9644865074529707	-0.0070150194372890495
brca	BLK	ENSG00000136573	0.9644865074529707	-0.008694098469334388
brca	PRR23D2	ENSG00000255378	0.9661394019859753	
brca	BRF2	ENSG00000104221	0.9661394019859753	0.12281665237033224
brca	ZNF703	ENSG00000183779	0.9799749366014454	0.3428382645216139
brca	PLEKHA2	ENSG00000169499	0.9799749366014454	0.025824322171825287
brca	ASH2L	ENSG00000129691	0.9947602478740987	-0.0610221268724338
brca	EGR3	ENSG00000179388	0.9979750441025984	0.003479961534758047
brca	DEFB136	ENSG00000205884	0.9979750441025984	-8.522633899833015e-05
coad	CCDC25	ENSG00000147419	1.6263027923091445e-05	-5.579460916408522
coad	PPP2R2A	ENSG00000221914	1.3034423487015094e-09	-3.95723186384022
coad	MCPH1	ENSG00000147316	3.7127032671189926e-06	-1.0868528203427772
coad	ENTPD4	ENSG00000197217	1.270590984404467e-05	-2.7727275634825777
coad	INTS9	ENSG00000104299	0.00019902251912371727	-0.8161192204857748
coad	HMBOX1	ENSG00000147421	0.0004201268241896291	-0.6940743392599467
coad	EPHX2	ENSG00000120915	0.0004231668559297147	-3.5012697768977397
coad	UBXN8	ENSG00000104691	1.7650850215509946e-05	-2.717365266481092
coad	VPS37A	ENSG00000155975	4.129460686310015e-08	-2.3545881083092244
coad	CCAR2	ENSG00000158941	0.0002685911555514065	-3.4018032808989
coad	CNOT7	ENSG00000198791	3.162329909530391e-06	-4.020719015891782
coad	ELP3	ENSG00000134014	2.589719405483442e-10	-2.5837759096270725
coad	ASAH1	ENSG00000104763	0.000765540967552414	-15.101045729320596
coad	BIN3	ENSG00000147439	1.1901937205170975e-06	-1.8344351741883056
coad	CHMP7	ENSG00000147457	7.630913746579435e-09	-3.173671008271848
coad	MTMR9	ENSG00000104643	0.00475587857829442	-0.4073506279373649
coad	INTS10	ENSG00000104613	1.6336665671685798e-09	-5.532410155161049
coad	TNKS	ENSG00000173273	8.922259292094802e-05	-1.2349582148505176
coad	NEIL2	ENSG00000154328	1.576103025098738e-06	-1.8164554539201987
coad	ZNF395	ENSG00000186918	0.00373937756229323	-1.6147851813788652
coad	ZNF596	ENSG00000172748	2.1748238749760144e-06	-0.401617965563523
coad	FBXO16	ENSG00000214050	6.285528832681797e-05	-0.38869527856436137
coad	PPP2CB	ENSG00000104695	1.1562086779371584e-07	-7.9587003102818965
coad	XPO7	ENSG00000130227	6.912917309613668e-09	-4.858868797509087
coad	R3HCC1	ENSG00000104679	3.2366826895018123e-07	-3.308836018656894
coad	PPP3CC	ENSG00000120910	0.00047307458953702833	-1.3575618765272282
coad	MTUS1	ENSG00000129422	4.4165584155614115e-06	-3.626075772571216
coad	KIF13B	ENSG00000197892	0.011037462196526203	-1.5800120080999145
coad	POLR3D	ENSG00000168495	1.5285531768956053e-06	-1.4570535169967975
coad	TTI2	ENSG00000129696	1.9589812832237957e-08	-1.2038640856080032
coad	SARAF	ENSG00000133872	3.213636725209782e-08	-36.85797629565589
coad	ERICH1	ENSG00000104714	0.04437531592434411	-0.3667566186829938
coad	WRN	ENSG00000165392	1.3126878241666973e-09	-2.7608930961641986
coad	MAK16	ENSG00000198042	5.089153966099088e-07	-3.7328389312828287
coad	EXTL3	ENSG00000012232	2.613211492041899e-06	-0.8981147632729598
coad	FBXO25	ENSG00000147364	1.0167548008968226e-05	-1.4259371984902982
coad	BNIP3L	ENSG00000104765	1.270590984404467e-05	-7.954466501205413
coad	CLN8	ENSG00000182372	0.0002999670925448253	-0.6610568657670373
coad	DCTN6	ENSG00000104671	4.323001541896114e-08	-4.705385162876913
coad	PPP1R3B	ENSG00000173281	0.48724091231029726	-0.5909733199383611
coad	GTF2E2	ENSG00000197265	1.3108477606349724e-07	-8.082138583930949
coad	MSRA	ENSG00000175806	0.000768227759989596	-0.5645511516278479
coad	TRIM35	ENSG00000104228	6.547822496257189e-07	-1.5783753970410812
coad	PCM1	ENSG00000078674	2.222202978937014e-09	-4.632153772755668
coad	FUT10	ENSG00000172728	1.7042826491956822e-08	-1.1769153913507908
coad	FDFT1	ENSG00000079459	0.00011512332398486346	-23.81715488498098
coad	ARHGEF10	ENSG00000104728	0.03551108251973029	-0.5594043037416461
coad	GSR	ENSG00000104687	1.6642849233567984e-10	-14.450039398586405
coad	SH2D4A	ENSG00000104611	6.798768301331062e-07	-4.058915031978827
coad	FAM86B2	ENSG00000145002	0.21649015773207692	-0.057222769889035296
coad	NAT1	ENSG00000171428	0.0005298824311996029	-2.516802764005318
coad	TNFRSF10B	ENSG00000120889	2.8589516951272496e-06	-8.498495330168144
coad	DUSP4	ENSG00000120875	0.01632356437854949	-5.12742781562258
coad	C8orf48	ENSG00000164743	0.8312069662094762	-0.02085788766390706
coad	SLC7A2	ENSG00000003989	0.22514856205047856	-0.31606162383973935
coad	AGPAT5	ENSG00000155189	5.7316487853380704e-05	-5.767113841145861
coad	NUDT18	ENSG00000275074	8.171724086954452e-06	-1.5564077851957698
coad	ATP6V1B2	ENSG00000147416	1.1901937205170975e-06	-5.599188516416639
coad	ERI1	ENSG00000104626	2.613211492041899e-06	-1.9105304996062134
coad	TNFRSF10A	ENSG00000104689	6.621958114517778e-07	-4.02492962803273
coad	REEP4	ENSG00000168476	0.0017260145432932857	-2.4041100343870125
coad	LEPROTL1	ENSG00000104660	1.2504976202216848e-08	-5.1370979723531836
coad	SLC39A14	ENSG00000104635	0.0033538718494272018	-6.226584829975607
coad	KCTD9	ENSG00000104756	2.8589516951272496e-06	-4.584054722002179
coad	FAM86B1	ENSG00000186523	0.0013436108488520287	-0.24483811444317385
coad	LETM2	ENSG00000165046	0.23908306881587907	-0.150766970714873
coad	SORBS3	ENSG00000120896	0.25053844737625197	-0.8731012589409377
coad	PINX1	ENSG00000254093	6.636064141061828e-05	-1.206271138002232
coad	C8orf58	ENSG00000241852	0.0005824575456006746	-0.33050665876588803
coad	LONRF1	ENSG00000154359	5.940191799834559e-06	-1.5157417307494718
coad	DOCK5	ENSG00000147459	0.0013617380127701605	-1.4317767927912954
coad	PBK	ENSG00000168078	8.922259292094802e-05	-11.444642780959649
coad	PSD3	ENSG00000156011	0.00040346331161793985	-1.163955030310556
coad	TUSC3	ENSG00000104723	0.9753999712483847	-0.013867206089443584
coad	SLC25A37	ENSG00000147454	1.6263027923091445e-05	-3.265912659528846
coad	FGF20	ENSG00000078579	0.6132777784658323	-0.818562542115696
coad	ESCO2	ENSG00000171320	4.6176610416014704e-05	-1.5195332353670108
coad	RHOBTB2	ENSG00000008853	0.21649015773207692	-0.37574636877968803
coad	TDRP	ENSG00000180190	0.471594248560545	0.2039980741684928
coad	DMTN	ENSG00000158856	0.000768227759989596	-2.423541175113926
coad	PTK2B	ENSG00000120899	0.003290011116578004	-1.4338257527936644
coad	GNRH1	ENSG00000147437	0.0013065810783724683	-0.37878637705710716
coad	MTMR7	ENSG00000003987	0.28977690163083397	0.019879938780557892
coad	CLU	ENSG00000120885	0.4586904965002231	-1.2299829992983922
coad	SCARA3	ENSG00000168077	0.7291778556286256	-0.15139294133347692
coad	MBOAT4	ENSG00000177669	0.5550832192672456	-0.0034062120814819666
coad	STMN4	ENSG00000015592	0.24978618479859838	0.014676092538474975
coad	XKR6	ENSG00000171044	0.49336566726414255	0.03796032438587357
coad	TNFRSF10C	ENSG00000173535	0.2454039097506697	-0.3908602653871065
coad	NUGGC	ENSG00000189233	0.06131746925775187	-0.17321715563218976
coad	STC1	ENSG00000159167	0.6618182066581972	-0.4172838389869513
coad	PEBP4	ENSG00000134020	0.4444910703046324	-0.01328308542337607
coad	RBPMS	ENSG00000157110	0.8145249561330564	-0.15145035602178503
coad	FZD3	ENSG00000104290	6.547822496257189e-07	-1.039265761820324
coad	NKX3-1	ENSG00000167034	0.013094370085835208	-0.32710501572518624
coad	GATA4	ENSG00000136574	0.26186648514093874	-0.24276848783082353
coad	PNMA2	ENSG00000240694	0.03843977905317663	-0.6295080070694126
coad	CDCA2	ENSG00000184661	1.067499033289591e-05	-2.581818975217602
coad	GOT1L1	ENSG00000169154	0.4444910703046324	0.0026641721521042387
coad	MFHAS1	ENSG00000147324	0.0026211238762858875	-2.049612418641872
coad	PDLIM2	ENSG00000120913	0.07375022871577257	-0.1457749865009429
coad	PRSS55	ENSG00000184647	0.28977690163083397	-0.0022247977911016344
coad	SOX7	ENSG00000171056	0.2465076649667552	-0.08670602113596293
coad	FGL1	ENSG00000104760	0.5569739667574566	-0.4101286877632305
coad	DEFA3	ENSG00000239839	0.7789310891381207	-0.006944459426908658
coad	DOK2	ENSG00000147443	0.34871630984546764	-0.5620845790803419
coad	DEFA4	ENSG00000164821	0.48724091231029726	-0.010263668166817792
coad	ADAM2	ENSG00000104755	0.7789310891381207	-0.010076311250850303
coad	FAM167A	ENSG00000154319	0.03440288908357877	-0.39188897646536025
coad	ADRB3	ENSG00000188778	0.7124675095702133	-0.00599093872013895
coad	NPM2	ENSG00000158806	0.002329298077919271	-0.5604328950057564
coad	SPAG11B	ENSG00000164871	0.48724091231029726	-0.0005858990737120177
coad	PNOC	ENSG00000168081	0.17633624389655245	-0.13273069433676787
coad	GFRA2	ENSG00000168546	0.3920638475493184	0.02421069330899707
coad	NKX2-6	ENSG00000180053	0.4444910703046324	-0.0021685316205872665
coad	UNC5D	ENSG00000156687	0.8241380036846965	-0.0044106753287830695
coad	CSMD1	ENSG00000183117	0.2892914152103983	-0.004124315632724463
coad	NEFM	ENSG00000104722	0.7139282632190377	-0.005344267539009719
coad	NAT2	ENSG00000156006	0.24978618479859838	-1.7168109827034268
coad	DEFB4B	ENSG00000177257	0.6447645661938705	-0.033220966113502115
coad	ZDHHC2	ENSG00000104219	0.006161299354332785	-2.326545756998595
coad	MYOM2	ENSG00000036448	0.7181288381167881	-0.01909211501555333
coad	STAR	ENSG00000147465	0.9147182550236469	0.0006492371615560745
coad	ZNF705D	ENSG00000215343	0.28478354120473	0.0006030220773852527
coad	HTRA4	ENSG00000169495	0.7312300003496457	-0.056210066303320816
coad	CSGALNACT1	ENSG00000147408	0.29710333301593017	-0.38230005597148686
coad	HR	ENSG00000168453	0.06493084095985363	-0.8845887129097112
coad	TM2D2	ENSG00000169490	0.4537586566667926	-0.7042776430953985
coad	CHRNA2	ENSG00000120903	0.6476923952674302	-0.019673459839101945
coad	SGCZ	ENSG00000185053	0.7124675095702133	-0.04342183973518948
coad	KCNU1	ENSG00000215262	0.30563284519583106	-0.0073423356301879975
coad	PIWIL2	ENSG00000197181	0.8531614106158711	0.06006792597356592
coad	ADRA1A	ENSG00000120907	0.7789310891381207	-0.00225293812408818
coad	DEFA6	ENSG00000164822	0.12509241737576163	-55.989457364219575
coad	DEFB4A	ENSG00000171711	0.9753999712483847	0.004213966092828925
coad	OR4F21	ENSG00000176269	0.7789310891381207	-0.0016303836381474732
coad	DEFB1	ENSG00000164825	0.5043555966760278	-3.682571712658394
coad	ADAMDEC1	ENSG00000134028	0.9147182550236469	-1.1738909738135703
coad	FGF17	ENSG00000158815	0.04765725624597351	-0.034238598309835416
coad	ADAM32	ENSG00000197140	0.1820123313868547	0.12485108455652877
coad	ADAM28	ENSG00000042980	0.06444028681689072	-0.6159987286608053
coad	MICU3	ENSG00000155970	0.9573182685943559	-0.004584091437266236
coad	LGI3	ENSG00000168481	0.5001047931995862	-0.008007144974373225
coad	ADAM18	ENSG00000168619	0.9118839702828843	-0.00015491147334374222
coad	LOXL2	ENSG00000134013	0.778340977800115	-0.48205920067477415
coad	DLC1	ENSG00000164741	0.6476923952674302	-0.13399800423336927
coad	ADAM7	ENSG00000069206	0.9017409421253672	-6.284352958497232e-05
coad	TEX15	ENSG00000133863	0.4183230421677495	-0.0018495043584336565
coad	SLC35G5	ENSG00000177710	0.03843977905317663	-0.01778683945212619
coad	PDGFRL	ENSG00000104213	0.06634473658128036	-0.8855822593043077
coad	LPL	ENSG00000175445	0.43972338465804456	-1.014385003133059
coad	SLC18A1	ENSG00000036565	0.2593485202152255	-0.41214141027606
coad	PURG	ENSG00000172733	0.4444910703046324	0.010268317055295434
coad	EIF4EBP1	ENSG00000187840	0.0004265512855004833	-11.943524861639826
coad	DEFB134	ENSG00000205882	0.10695989322627998	-0.005721852511587908
coad	IDO1	ENSG00000131203	0.32077886748399476	-11.080106998950917
coad	CLDN23	ENSG00000253958	0.638179570981327	0.5770664993753751
coad	EBF2	ENSG00000221818	0.6476923952674302	-0.021084334654220854
coad	PHYHIP	ENSG00000168490	0.8002324909075068	-0.028338574319385856
coad	NRG1	ENSG00000157168	0.024557114430804862	0.14906475972870514
coad	DEFA5	ENSG00000164816	0.1585842333953477	-102.15539280776721
coad	LSM1	ENSG00000175324	0.07838137752655057	-3.882187337787233
coad	IDO2	ENSG00000188676	0.9006633858666776	-0.002408808785172814
coad	RP1L1	ENSG00000183638	0.21484160077587247	-0.012635682812332462
coad	C8orf74	ENSG00000171060	0.638179570981327	-0.00010300485288090273
coad	C8orf86	ENSG00000196166	0.8956022798902176	0.00023178763929884326
coad	TNFRSF10D	ENSG00000173530	0.06403166912363682	-1.4717801968203963
coad	BMP1	ENSG00000168487	0.2465076649667552	-0.5801502716641882
coad	NEFL	ENSG00000277586	0.8241380036846965	-0.07769113772400338
coad	DPYSL2	ENSG00000092964	0.006161299354332785	-4.199576457694858
coad	LZTS1	ENSG00000061337	0.8241380036846965	0.03710090531704435
coad	SFTPC	ENSG00000168484	0.28601643342787664	0.0018167562576239535
coad	RNF122	ENSG00000133874	0.04437531592434411	-0.4985761397728501
coad	MSR1	ENSG00000038945	0.3174829550164973	-1.5878567577556417
coad	SCARA5	ENSG00000168079	0.8649761104428151	0.07368531807572976
coad	KBTBD11	ENSG00000176595	0.004651052529849487	-1.1768773262978933
coad	ERLIN2	ENSG00000147475	0.03145736379346887	-1.6515991548195466
coad	SMIM18	ENSG00000253457	0.28977690163083397	-0.002260936269250713
coad	TACC1	ENSG00000147526	0.28977690163083397	2.200386177979791
coad	ZNF705G	ENSG00000215372	0.638179570981327	-0.0001552999675193959
coad	DLGAP2	ENSG00000198010	0.7875458722276535	0.0008719358313892195
coad	CTSB	ENSG00000164733	0.0020888047812777817	-43.45507433723071
coad	XKR5	ENSG00000275591	0.2454039097506697	0.005030918134452089
coad	RAB11FIP1	ENSG00000156675	0.3899882209099491	-2.476464145119813
coad	ANGPT2	ENSG00000091879	0.858086558136081	0.061445218759919484
coad	FGFR1	ENSG00000077782	0.48724091231029726	-0.3133027594635891
coad	BAG4	ENSG00000156735	0.0019081903544025673	-1.4649624408217008
coad	ADAM9	ENSG00000168615	0.012921865450827985	-10.542545122721258
coad	DDHD2	ENSG00000085788	0.1547564609453352	-0.5001196392700047
coad	DUSP26	ENSG00000133878	0.6232612274489464	-0.03477368202399725
coad	BLK	ENSG00000136573	0.7256776487444738	0.03207985853236256
coad	PRR23D2	ENSG00000255378	0.638179570981327	
coad	BRF2	ENSG00000104221	0.004457602851522191	-1.0149273153604899
coad	ZNF703	ENSG00000183779	0.6618182066581972	-1.5240670273422197
coad	PLEKHA2	ENSG00000169499	0.25053844737625197	1.215199300442352
coad	ASH2L	ENSG00000129691	0.01632356437854949	-1.3078082023639617
coad	EGR3	ENSG00000179388	0.9521022221642259	0.035525990990503464
coad	DEFB136	ENSG00000205884	0.9147182550236469	0.0007793851185909518
hnscc	CCDC25	ENSG00000147419	1.3486868005618758e-06	-3.4846537588847752
hnscc	PPP2R2A	ENSG00000221914	4.1767840649881824e-07	-3.9505139120783443
hnscc	MCPH1	ENSG00000147316	4.813900044066564e-07	-1.5294703095231372
hnscc	ENTPD4	ENSG00000197217	0.00014799119305612096	-4.144954741896816
hnscc	INTS9	ENSG00000104299	1.3486868005618758e-06	-1.3749236336091117
hnscc	HMBOX1	ENSG00000147421	0.0005577252827068743	-2.506323390267756
hnscc	EPHX2	ENSG00000120915	0.03136277911823704	-1.4999936447788755
hnscc	UBXN8	ENSG00000104691	0.009918151555877384	-1.1084181251213785
hnscc	VPS37A	ENSG00000155975	2.799205624441268e-06	-2.1306600289100537
hnscc	CCAR2	ENSG00000158941	0.0005355104217803511	-2.865435219011939
hnscc	CNOT7	ENSG00000198791	1.3280545917411241e-06	-2.76050199975656
hnscc	ELP3	ENSG00000134014	2.778391572048224e-07	-2.7945120134972203
hnscc	ASAH1	ENSG00000104763	0.005458061625658461	-5.497567170318785
hnscc	BIN3	ENSG00000147439	2.0275840572799467e-05	-1.1638879610365667
hnscc	CHMP7	ENSG00000147457	0.0024104359916392714	-2.590359474935843
hnscc	MTMR9	ENSG00000104643	8.833183826825172e-05	-1.2778541103538679
hnscc	INTS10	ENSG00000104613	0.0004925380962136775	-3.098536012694625
hnscc	TNKS	ENSG00000173273	0.02051630385936982	-1.647695394474975
hnscc	NEIL2	ENSG00000154328	0.0028193240612432715	-0.9442783147640972
hnscc	ZNF395	ENSG00000186918	0.023190000058716326	-2.619761256808207
hnscc	ZNF596	ENSG00000172748	0.0016996605114432421	-0.3795133823529864
hnscc	FBXO16	ENSG00000214050	0.03883402329961366	-0.24437626009026497
hnscc	PPP2CB	ENSG00000104695	6.45816273127e-05	-4.541413866309448
hnscc	XPO7	ENSG00000130227	0.0003144473841652498	-4.5419635846011275
hnscc	R3HCC1	ENSG00000104679	7.925994140911193e-05	-2.029839721223394
hnscc	PPP3CC	ENSG00000120910	0.002023946247022757	-2.624440512027949
hnscc	MTUS1	ENSG00000129422	0.028624045413179283	-3.023666367556581
hnscc	KIF13B	ENSG00000197892	2.0275840572799467e-05	-3.4010407392450883
hnscc	POLR3D	ENSG00000168495	6.9502558365779506e-06	-1.5029875748556822
hnscc	TTI2	ENSG00000129696	0.0638810214385134	-0.552075784206949
hnscc	SARAF	ENSG00000133872	1.3127986294881647e-06	-18.19501057410524
hnscc	ERICH1	ENSG00000104714	0.0008481491111923473	-0.6872100222117612
hnscc	WRN	ENSG00000165392	0.0004181686347836273	-3.663818155643847
hnscc	MAK16	ENSG00000198042	0.016022761953173745	-2.328465336360944
hnscc	EXTL3	ENSG00000012232	0.0009896797404402092	-1.7268132152257252
hnscc	FBXO25	ENSG00000147364	0.0010301872487540151	-1.1788463604634796
hnscc	BNIP3L	ENSG00000104765	0.0009896797404402092	-9.493420701491651
hnscc	CLN8	ENSG00000182372	1.3486868005618758e-06	-1.2935950515584111
hnscc	DCTN6	ENSG00000104671	2.4935136446753706e-07	-3.5081331887688485
hnscc	PPP1R3B	ENSG00000173281	0.6060764646138429	-0.6926023718063252
hnscc	GTF2E2	ENSG00000197265	7.925994140911193e-05	-5.445885140531242
hnscc	MSRA	ENSG00000175806	0.04884395850895971	-0.6853954174819961
hnscc	TRIM35	ENSG00000104228	0.03507583577054182	-2.80526456249501
hnscc	PCM1	ENSG00000078674	7.925994140911193e-05	-4.892795821252005
hnscc	FUT10	ENSG00000172728	0.017104874400321865	-0.8973249515084092
hnscc	FDFT1	ENSG00000079459	0.22044546405001902	-2.9884500896258004
hnscc	ARHGEF10	ENSG00000104728	0.030317991703321164	-0.732149758136801
hnscc	GSR	ENSG00000104687	0.09451405038798108	-11.371019185673198
hnscc	SH2D4A	ENSG00000104611	0.02450453111215929	-1.684396915424779
hnscc	FAM86B2	ENSG00000145002	0.7243239835197002	0.008567684475971962
hnscc	NAT1	ENSG00000171428	0.02054998018518511	-0.48594103274591927
hnscc	TNFRSF10B	ENSG00000120889	0.03883402329961366	-4.354203705565226
hnscc	DUSP4	ENSG00000120875	0.022978901091468107	-1.7743349223872071
hnscc	C8orf48	ENSG00000164743	0.5258722248133468	-0.1555653171481588
hnscc	SLC7A2	ENSG00000003989	0.08565266827381778	-3.9639848945687106
hnscc	AGPAT5	ENSG00000155189	0.0026451093441853734	-2.5495043965093984
hnscc	NUDT18	ENSG00000275074	0.02450453111215929	-0.7894347284435437
hnscc	ATP6V1B2	ENSG00000147416	4.647392769979374e-06	-4.228008084643992
hnscc	ERI1	ENSG00000104626	2.0275840572799467e-05	-1.277590948369804
hnscc	TNFRSF10A	ENSG00000104689	0.00013747071231412844	-4.591541811425076
hnscc	REEP4	ENSG00000168476	0.19602977738857946	-1.4494488136243628
hnscc	LEPROTL1	ENSG00000104660	1.5817338218611386e-08	-2.1167195517141693
hnscc	SLC39A14	ENSG00000104635	0.6807528273369634	-0.9793513472525461
hnscc	KCTD9	ENSG00000104756	1.2455684451584006e-05	-5.484070830689049
hnscc	FAM86B1	ENSG00000186523	0.6099293007415874	-0.018194482412406204
hnscc	LETM2	ENSG00000165046	0.35859823656036943	0.24305079062566304
hnscc	SORBS3	ENSG00000120896	0.19281910145878006	-0.40688752599813904
hnscc	PINX1	ENSG00000254093	0.0016996605114432421	-0.8541757076221645
hnscc	C8orf58	ENSG00000241852	0.0026451093441853734	-0.5227064729354265
hnscc	LONRF1	ENSG00000154359	0.029158246460871985	-1.631037476174522
hnscc	DOCK5	ENSG00000147459	0.017104874400321865	-1.825292008782391
hnscc	PBK	ENSG00000168078	0.03507583577054182	-2.857330495677836
hnscc	PSD3	ENSG00000156011	0.1997224170788195	-2.0976434340492887
hnscc	TUSC3	ENSG00000104723	0.2313657218487567	-2.1828532216455745
hnscc	SLC25A37	ENSG00000147454	0.040421451134984604	-1.9517479706190848
hnscc	FGF20	ENSG00000078579	0.6099293007415874	-0.6010804530658961
hnscc	ESCO2	ENSG00000171320	0.04767509806425285	-0.6078920094186253
hnscc	RHOBTB2	ENSG00000008853	0.1350385087076511	-0.5827181188947184
hnscc	TDRP	ENSG00000180190	0.021730765495941128	-1.4424215809312573
hnscc	DMTN	ENSG00000158856	0.32526912343169995	-0.49258442075618736
hnscc	PTK2B	ENSG00000120899	0.010914253527062713	-3.5100191657052235
hnscc	GNRH1	ENSG00000147437	0.0002283535058474749	-1.0228880575781538
hnscc	MTMR7	ENSG00000003987	0.2908034498853893	-0.1296145081699028
hnscc	CLU	ENSG00000120885	0.22312129654448548	-14.247567606162406
hnscc	SCARA3	ENSG00000168077	0.06956529741489355	-2.334053006932322
hnscc	MBOAT4	ENSG00000177669	0.41110690110746745	-0.02118859968737005
hnscc	STMN4	ENSG00000015592	0.582834182049329	-0.010023512668058648
hnscc	XKR6	ENSG00000171044	0.011821702329047327	-0.5488232791245709
hnscc	TNFRSF10C	ENSG00000173535	0.17354702787484655	-0.3790741531309796
hnscc	NUGGC	ENSG00000189233	0.08015038741993023	-1.1719543224103892
hnscc	STC1	ENSG00000159167	0.49245969071955675	-6.7077426692517985
hnscc	PEBP4	ENSG00000134020	0.6164284072324461	-0.13807248315079962
hnscc	RBPMS	ENSG00000157110	0.025311241159062997	-0.6802867361890041
hnscc	FZD3	ENSG00000104290	0.07189329810461419	-0.6930758080423582
hnscc	NKX3-1	ENSG00000167034	0.2587414856546873	-1.1114335194427425
hnscc	GATA4	ENSG00000136574	0.809392501337611	-0.023816432259862214
hnscc	PNMA2	ENSG00000240694	0.212629042398562	-0.22459287974131137
hnscc	CDCA2	ENSG00000184661	0.023904297960348177	-2.565420762175437
hnscc	GOT1L1	ENSG00000169154	0.7243239835197002	-0.0009377348289848356
hnscc	MFHAS1	ENSG00000147324	0.03507583577054182	-2.8438234527389277
hnscc	PDLIM2	ENSG00000120913	0.003462394460732658	-0.45034923521588555
hnscc	PRSS55	ENSG00000184647	0.4479312326665348	-0.02938028028011642
hnscc	SOX7	ENSG00000171056	0.305489930870295	-0.39962962094586496
hnscc	FGL1	ENSG00000104760	0.212629042398562	0.155851564699583
hnscc	DEFA3	ENSG00000239839	0.41110690110746745	0.02031233079144179
hnscc	DOK2	ENSG00000147443	0.11171358061811962	-1.03079867547748
hnscc	DEFA4	ENSG00000164821	0.7944909989029074	0.0029107238464310715
hnscc	ADAM2	ENSG00000104755	0.22994693631245317	0.006226017816051357
hnscc	FAM167A	ENSG00000154319	0.5138055069839512	-0.26235539616236503
hnscc	ADRB3	ENSG00000188778	0.6099293007415874	0.003264079696216133
hnscc	NPM2	ENSG00000158806	0.33595231449933743	-0.33464438303340427
hnscc	SPAG11B	ENSG00000164871	0.19164475329942252	-0.003442114563071099
hnscc	PNOC	ENSG00000168081	0.0392318577417241	-0.5356953958113566
hnscc	GFRA2	ENSG00000168546	0.07874318057893362	-0.1720630999456546
hnscc	NKX2-6	ENSG00000180053	0.4456548546812792	-0.054352496909769114
hnscc	UNC5D	ENSG00000156687	0.6522228111334407	-0.04659590573641098
hnscc	CSMD1	ENSG00000183117	0.41110690110746745	-0.24486419997213174
hnscc	NEFM	ENSG00000104722	0.7243239835197002	-0.3614744287485405
hnscc	NAT2	ENSG00000156006	0.0294289724134594	-0.03163312943939139
hnscc	DEFB135	ENSG00000205883	0.8186422162653817	
hnscc	DEFB4B	ENSG00000177257	0.24109175511285702	-2.685598492289424
hnscc	ZDHHC2	ENSG00000104219	0.14740644997689203	-1.3356152802347792
hnscc	MYOM2	ENSG00000036448	0.7783084848123704	0.09107121969859877
hnscc	STAR	ENSG00000147465	0.4676718425137078	-0.3120488818468383
hnscc	ZNF705D	ENSG00000215343	0.18509920917089337	0.00853805257484443
hnscc	HTRA4	ENSG00000169495	0.7243239835197002	-0.055310574666455836
hnscc	CSGALNACT1	ENSG00000147408	0.19281910145878006	-0.9690258161264262
hnscc	HR	ENSG00000168453	0.2587414856546873	-1.7101398573629272
hnscc	TM2D2	ENSG00000169490	0.38967141219585255	1.6631878123330495
hnscc	CHRNA2	ENSG00000120903	0.27483405053098264	-0.007671058881879254
hnscc	SGCZ	ENSG00000185053	0.6844202137192724	-0.04817362671011878
hnscc	KCNU1	ENSG00000215262	0.3943436006476777	-0.003518441955434157
hnscc	PIWIL2	ENSG00000197181	0.7243239835197002	0.12594602613341999
hnscc	ZNF705B	ENSG00000215356	0.6441698582040937	
hnscc	ADRA1A	ENSG00000120907	0.1597954230437216	-0.11184515509372533
hnscc	DEFA6	ENSG00000164822	0.5617940660540659	-0.00303324347234369
hnscc	DEFB4A	ENSG00000171711	0.41269928059336475	-87.83924021037343
hnscc	OR4F21	ENSG00000176269	0.4878895756319884	-0.011992582787242828
hnscc	DEFB1	ENSG00000164825	0.053302793848218094	-19.93458183016647
hnscc	ADAMDEC1	ENSG00000134028	0.7212654341863078	-0.9406016015120056
hnscc	FGF17	ENSG00000158815	0.24580462760681243	-0.06477709766013244
hnscc	ADAM32	ENSG00000197140	0.212629042398562	0.27258045299376954
hnscc	ADAM28	ENSG00000042980	0.03136277911823704	-2.2706132656219404
hnscc	MICU3	ENSG00000155970	0.25623624493560154	-0.17079608175458794
hnscc	LGI3	ENSG00000168481	0.7606393581659777	-0.07332883286092612
hnscc	ADAM18	ENSG00000168619	0.4233999701680761	0.0036438640751436362
hnscc	LOXL2	ENSG00000134013	0.5258722248133468	0.971800283718462
hnscc	DLC1	ENSG00000164741	0.6099293007415874	-0.29288072048370406
hnscc	ADAM7	ENSG00000069206	0.4825138126217974	-0.0013576561001768766
hnscc	TEX15	ENSG00000133863	0.6844202137192724	-0.09219087176294682
hnscc	SLC35G5	ENSG00000177710	0.03883402329961366	-0.08409605666233924
hnscc	PDGFRL	ENSG00000104213	0.7581815090417997	-0.2227844326916273
hnscc	LPL	ENSG00000175445	0.9771488871671437	-0.02367952330492118
hnscc	SLC18A1	ENSG00000036565	0.49245969071955675	-0.0852200884388662
hnscc	PURG	ENSG00000172733	0.5794780476998558	-0.03435639029458676
hnscc	EIF4EBP1	ENSG00000187840	0.5189229081010741	6.877907537313817
hnscc	DEFB134	ENSG00000205882	0.9231824571010445	-0.00502213589786725
hnscc	IDO1	ENSG00000131203	0.08565266827381778	-9.18951632597133
hnscc	CLDN23	ENSG00000253958	0.3943436006476777	-0.15284071729874493
hnscc	SPAG11A	ENSG00000178287	0.7243239835197002	
hnscc	EBF2	ENSG00000221818	0.724768002298799	0.047303014908203544
hnscc	PHYHIP	ENSG00000168490	0.8713232319713913	-0.02573036946847157
hnscc	NRG1	ENSG00000157168	0.21754252387976122	-2.575053827139631
hnscc	DEFA5	ENSG00000164816	0.6056885895848048	-0.027089278818910507
hnscc	LSM1	ENSG00000175324	0.5108835470186825	1.933853938641514
hnscc	IDO2	ENSG00000188676	0.029158246460871985	-0.10727934151763721
hnscc	RP1L1	ENSG00000183638	0.3897738146226168	-0.019130357752493082
hnscc	C8orf74	ENSG00000171060	0.7383033112627226	0.0003556481885851159
hnscc	C8orf86	ENSG00000196166	0.5506108064035234	-0.0024678363311215652
hnscc	TNFRSF10D	ENSG00000173530	0.09365361618613306	-1.799176796283441
hnscc	BMP1	ENSG00000168487	0.89558659775493	-0.11469144898758898
hnscc	NEFL	ENSG00000277586	0.15939244597951352	-4.737233879883441
hnscc	DPYSL2	ENSG00000092964	0.002564830537913216	-4.8312736458899845
hnscc	LZTS1	ENSG00000061337	0.6844202137192724	0.1322039068904488
hnscc	SFTPC	ENSG00000168484	0.44953924633655457	0.0048217006399052425
hnscc	RNF122	ENSG00000133874	0.1115867835298253	-0.7064662109619704
hnscc	MSR1	ENSG00000038945	0.6060764646138429	-0.6182321692749131
hnscc	SCARA5	ENSG00000168079	0.44953924633655457	-0.6537700466209899
hnscc	KBTBD11	ENSG00000176595	0.04236619715813005	-0.35599210139671533
hnscc	ERLIN2	ENSG00000147475	0.19455674760914643	2.2594829042468536
hnscc	SMIM18	ENSG00000253457	0.429938109497187	0.004302024888187402
hnscc	TACC1	ENSG00000147526	0.8088914349252061	0.48600566271729484
hnscc	ZNF705G	ENSG00000215372	0.7598358885209798	0.0007574053133859891
hnscc	DLGAP2	ENSG00000198010	0.18509920917089337	-0.024701911891591776
hnscc	CTSB	ENSG00000164733	0.5189708073617331	16.19378018255631
hnscc	XKR5	ENSG00000275591	0.37092193489160025	-0.12510303957414448
hnscc	RAB11FIP1	ENSG00000156675	0.7243239835197002	1.7753166925766433
hnscc	ANGPT2	ENSG00000091879	0.7140215099709084	0.21643360130509448
hnscc	FGFR1	ENSG00000077782	0.724768002298799	-0.42374576402561814
hnscc	BAG4	ENSG00000156735	0.40632001755971625	1.681360706380806
hnscc	ADAM9	ENSG00000168615	0.7140215099709084	2.4737714643704933
hnscc	DDHD2	ENSG00000085788	0.8305952287337809	0.1604875013937841
hnscc	DUSP26	ENSG00000133878	0.9701131114966057	-0.030043491625295182
hnscc	BLK	ENSG00000136573	0.3897738146226168	-1.0260174418783203
hnscc	PRR23D2	ENSG00000255378	0.06950471090065753	
hnscc	BRF2	ENSG00000104221	0.14304708282809	2.2054789828584447
hnscc	ZNF703	ENSG00000183779	0.3665300790231437	0.6424615842126498
hnscc	PLEKHA2	ENSG00000169499	0.8191510039535548	-0.4406807332861735
hnscc	ASH2L	ENSG00000129691	0.3943436006476777	0.9196761061850047
hnscc	EGR3	ENSG00000179388	0.21917050052894016	-0.49245231293477176
hnscc	DEFB136	ENSG00000205884	0.41110690110746745	0.0410345794878349
lscc	CCDC25	ENSG00000147419	0.0003524080183697125	-2.297548934788953
lscc	PPP2R2A	ENSG00000221914	0.00013468502631413756	-2.680740931459514
lscc	MCPH1	ENSG00000147316	1.7332631630263396e-06	-1.4810962810442354
lscc	ENTPD4	ENSG00000197217	5.498152139750481e-08	-4.772913004681607
lscc	INTS9	ENSG00000104299	0.00042381592592984714	-1.1057403184159624
lscc	HMBOX1	ENSG00000147421	0.00040606175969477143	-2.356263068647092
lscc	EPHX2	ENSG00000120915	0.08184703201109403	-0.6739200477432767
lscc	UBXN8	ENSG00000104691	0.36220232904395516	-0.23550363267349583
lscc	VPS37A	ENSG00000155975	6.002968093516212e-05	-2.1643898138439583
lscc	CCAR2	ENSG00000158941	0.0020272459572814095	-2.777083735770672
lscc	CNOT7	ENSG00000198791	0.004620100178626959	-1.9483240085320084
lscc	ELP3	ENSG00000134014	1.7076900957216747e-05	-2.2454483857249175
lscc	ASAH1	ENSG00000104763	5.538480660573374e-05	-14.894508564565914
lscc	BIN3	ENSG00000147439	5.853801449509366e-06	-1.3711702608852532
lscc	CHMP7	ENSG00000147457	4.120140262727576e-06	-2.7167317637205315
lscc	MTMR9	ENSG00000104643	6.544473494523993e-05	-1.593046833576948
lscc	INTS10	ENSG00000104613	0.0004170179613341042	-3.7265175673375737
lscc	TNKS	ENSG00000173273	0.011751908600929582	-1.8264685695329739
lscc	NEIL2	ENSG00000154328	0.007349066354966094	-0.9735935553279833
lscc	ZNF395	ENSG00000186918	0.12711048228324898	-1.5841677057795804
lscc	ZNF596	ENSG00000172748	0.02130839356485125	-0.2465818874839827
lscc	FBXO16	ENSG00000214050	0.0020272459572814095	-0.28300426676788637
lscc	PPP2CB	ENSG00000104695	4.006002515172288e-05	-3.260817121347099
lscc	XPO7	ENSG00000130227	0.002577491373042457	-3.5108387074082206
lscc	R3HCC1	ENSG00000104679	0.0024579387665681083	-1.625317344713877
lscc	PPP3CC	ENSG00000120910	0.00038272581388685043	-5.3384491508240774
lscc	MTUS1	ENSG00000129422	0.0026540649180075344	-5.384625126084728
lscc	KIF13B	ENSG00000197892	0.00805937987048291	-2.1365986808755766
lscc	POLR3D	ENSG00000168495	0.00023402177567623332	-1.8984899641136153
lscc	TTI2	ENSG00000129696	0.029157908623206812	-0.6988121381027015
lscc	SARAF	ENSG00000133872	3.415298325499092e-08	-20.52259802582111
lscc	ERICH1	ENSG00000104714	6.778611079069574e-05	-0.8759435952847077
lscc	WRN	ENSG00000165392	0.007317301785063386	-3.0872984426682457
lscc	MAK16	ENSG00000198042	0.020405050884374883	-1.8521479801640153
lscc	EXTL3	ENSG00000012232	0.0003524080183697125	-1.3431245758253576
lscc	FBXO25	ENSG00000147364	0.02795558903861582	-0.9405770451528546
lscc	BNIP3L	ENSG00000104765	9.186092770223796e-05	-8.958804726477606
lscc	CLN8	ENSG00000182372	0.0004897946140619043	-1.266987882180497
lscc	DCTN6	ENSG00000104671	5.661082091930784e-08	-2.498889426806297
lscc	PPP1R3B	ENSG00000173281	0.0009398086472157986	-3.231395088738525
lscc	GTF2E2	ENSG00000197265	0.008485785111515723	-4.109671443085883
lscc	MSRA	ENSG00000175806	9.191169578807296e-05	-0.6282395248568815
lscc	TRIM35	ENSG00000104228	0.020405050884374883	-1.8016019631561653
lscc	PCM1	ENSG00000078674	0.0004982160662426992	-5.252486723374981
lscc	FUT10	ENSG00000172728	0.0005657397933500646	-1.071450270944076
lscc	FDFT1	ENSG00000079459	0.14524909202196676	-4.6573723500336754
lscc	ARHGEF10	ENSG00000104728	0.10462050562237811	-0.5827453006120416
lscc	GSR	ENSG00000104687	0.8984871182609877	1.0869437867877565
lscc	SH2D4A	ENSG00000104611	0.1815378299373764	-0.9468670354976769
lscc	FAM86B2	ENSG00000145002	0.560442582254183	-0.018753080176934125
lscc	NAT1	ENSG00000171428	0.00805937987048291	-0.7786347058412477
lscc	TNFRSF10B	ENSG00000120889	0.00042381592592984714	-6.000460552205748
lscc	DUSP4	ENSG00000120875	0.28814839380966795	-0.8392178856321713
lscc	C8orf48	ENSG00000164743	0.05197447541750235	-0.229256282916668
lscc	SLC7A2	ENSG00000003989	0.029157908623206812	-2.8777787150705394
lscc	AGPAT5	ENSG00000155189	0.2463484911769134	-1.6045242263217885
lscc	NUDT18	ENSG00000275074	0.002577491373042457	-1.2578723867041246
lscc	ATP6V1B2	ENSG00000147416	5.661082091930784e-08	-5.767687049542534
lscc	ERI1	ENSG00000104626	6.778611079069574e-05	-1.4257360619217758
lscc	TNFRSF10A	ENSG00000104689	0.0015647327902498724	-3.315779574520011
lscc	REEP4	ENSG00000168476	0.2825957497061488	-1.555528703148246
lscc	LEPROTL1	ENSG00000104660	3.415298325499092e-08	-2.076656976443063
lscc	SLC39A14	ENSG00000104635	0.002849734243506886	-5.41183209382271
lscc	KCTD9	ENSG00000104756	0.00019816361229698442	-3.0463224166457836
lscc	FAM86B1	ENSG00000186523	0.26717442419866905	-0.06198312267766068
lscc	LETM2	ENSG00000165046	0.17547213250935337	0.676131510472305
lscc	SORBS3	ENSG00000120896	0.004370353208124632	-1.059475462996975
lscc	PINX1	ENSG00000254093	0.030697002490805675	-0.6141955118945979
lscc	C8orf58	ENSG00000241852	0.002137565310112624	-0.6160362592089967
lscc	LONRF1	ENSG00000154359	0.021078988366977334	-1.934747365157068
lscc	DOCK5	ENSG00000147459	0.008714395393124403	-1.6069937226535345
lscc	PBK	ENSG00000168078	0.06765804663628974	-1.9246428139220217
lscc	PSD3	ENSG00000156011	0.009144715029131289	-3.3017497049229174
lscc	TUSC3	ENSG00000104723	0.37939543532402503	-1.5070379523887993
lscc	SLC25A37	ENSG00000147454	0.024805443096705144	-2.201383643557577
lscc	FGF20	ENSG00000078579	0.5340907826661835	-0.05033283984425424
lscc	ESCO2	ENSG00000171320	0.14401698919758946	-0.3531893542323852
lscc	RHOBTB2	ENSG00000008853	0.0021999404288308337	-2.9277953149650706
lscc	TDRP	ENSG00000180190	0.05005559039355478	-1.5833387056279653
lscc	DMTN	ENSG00000158856	0.17166612451239127	-0.6887933536523443
lscc	PTK2B	ENSG00000120899	6.778611079069574e-05	-4.872045165986902
lscc	GNRH1	ENSG00000147437	0.0019181318765372248	-0.5282756561163069
lscc	MTMR7	ENSG00000003987	0.860235335704613	-0.042870512036958464
lscc	CLU	ENSG00000120885	0.06607631346365099	-6.465411558469739
lscc	SCARA3	ENSG00000168077	0.041709932698114585	-1.7041849339243518
lscc	MBOAT4	ENSG00000177669	0.3013320302104812	0.007187334057878789
lscc	STMN4	ENSG00000015592	0.32357023996091655	-0.030243399470235577
lscc	XKR6	ENSG00000171044	0.0005657397933500646	-0.6664955418010806
lscc	TNFRSF10C	ENSG00000173535	0.02795558903861582	-0.6798786569008253
lscc	NUGGC	ENSG00000189233	0.0017478512112480288	-1.569496804926815
lscc	STC1	ENSG00000159167	0.16816000515402302	-2.759017162850016
lscc	PEBP4	ENSG00000134020	0.029157908623206812	-3.387936373373386
lscc	RBPMS	ENSG00000157110	8.94532218220229e-05	-1.7941527032150772
lscc	FZD3	ENSG00000104290	0.09828472309446709	-0.6529561815764751
lscc	NKX3-1	ENSG00000167034	0.19915137494988625	-0.5969980082036626
lscc	GATA4	ENSG00000136574	0.6141190832821087	-0.04594659866404355
lscc	PNMA2	ENSG00000240694	0.012986946987123228	-0.8219771447350203
lscc	CDCA2	ENSG00000184661	0.2759605778764631	-0.8007128532363224
lscc	GOT1L1	ENSG00000169154	0.5297291693607058	-0.0024502306581791512
lscc	MFHAS1	ENSG00000147324	0.18005832028392657	-2.885097720583909
lscc	PDLIM2	ENSG00000120913	0.00034971332232849216	-0.5290118812616105
lscc	PRSS55	ENSG00000184647	0.1702507416135913	-0.0033314985228993293
lscc	SOX7	ENSG00000171056	0.013913535653503225	-0.6691418350187713
lscc	FGL1	ENSG00000104760	0.3042564693881548	-0.3216725211220662
lscc	DEFA3	ENSG00000239839	0.2767745739804003	-0.05337907841006738
lscc	DOK2	ENSG00000147443	0.048586947256309035	-1.4611707164342898
lscc	DEFA4	ENSG00000164821	0.4445848215014813	-0.011972763681786333
lscc	ADAM2	ENSG00000104755	0.48273092248485194	-0.02009939206350733
lscc	FAM167A	ENSG00000154319	0.011751908600929582	-0.916727116875416
lscc	ADRB3	ENSG00000188778	0.06201376869797017	-0.01412580836187867
lscc	NPM2	ENSG00000158806	0.41292000439347476	-0.240990966354375
lscc	PRR23D1	ENSG00000255251	0.5123679015830396	
lscc	SPAG11B	ENSG00000164871	0.8984871182609877	0.00022950908543532995
lscc	PNOC	ENSG00000168081	0.0025631355760613486	-0.6658062971960239
lscc	GFRA2	ENSG00000168546	0.35057045395521447	-0.049850641248848526
lscc	NKX2-6	ENSG00000180053	0.4069629888686037	-0.03010770212771452
lscc	UNC5D	ENSG00000156687	0.35688275627239163	-0.08828470316385519
lscc	CSMD1	ENSG00000183117	0.6676980782734965	0.09300991369749712
lscc	NEFM	ENSG00000104722	0.43402863149977083	-0.10921920388028558
lscc	NAT2	ENSG00000156006	0.2432811902771364	-0.023705252316710487
lscc	DEFB135	ENSG00000205883	0.36662629458284524	
lscc	DEFB4B	ENSG00000177257	0.14401698919758946	-0.10209825460416146
lscc	ZDHHC2	ENSG00000104219	0.2825957497061488	-1.4675185770064347
lscc	MYOM2	ENSG00000036448	0.07705706917019654	-0.23621064126618235
lscc	STAR	ENSG00000147465	0.860235335704613	-0.16217586141467355
lscc	ZNF705D	ENSG00000215343	0.6676980782734965	-0.0008533725733346419
lscc	HTRA4	ENSG00000169495	0.021078988366977334	-0.8108940605014385
lscc	CSGALNACT1	ENSG00000147408	0.004620100178626959	-1.3469122092099326
lscc	HR	ENSG00000168453	0.37939543532402503	-1.079406796800741
lscc	TM2D2	ENSG00000169490	0.3034918744938705	2.728386877429191
lscc	CHRNA2	ENSG00000120903	0.20400107897112482	-0.0037394158690591105
lscc	SGCZ	ENSG00000185053	0.24012142711330434	-0.08583278169440452
lscc	KCNU1	ENSG00000215262	0.31528749466655237	-0.019560879894295752
lscc	PIWIL2	ENSG00000197181	0.8577238268596976	0.07035219120598424
lscc	ZNF705B	ENSG00000215356	0.8577238268596976	
lscc	ADRA1A	ENSG00000120907	0.06201376869797017	-0.05066620301238424
lscc	DEFA6	ENSG00000164822	0.2825957497061488	0.001480819870118005
lscc	DEFB4A	ENSG00000171711	0.16924223924382154	-2.1700915612706755
lscc	OR4F21	ENSG00000176269	0.28713681960984944	-0.015454244158795316
lscc	DEFB1	ENSG00000164825	0.8298468402306142	-1.6114514563427278
lscc	ADAMDEC1	ENSG00000134028	0.0019181318765372248	-5.473837773787486
lscc	FGF17	ENSG00000158815	0.21197354539787597	-0.06509293969394755
lscc	ADAM32	ENSG00000197140	0.5336761759513148	-0.15961519378969347
lscc	ADAM28	ENSG00000042980	0.00720569708282583	-3.2832388413739233
lscc	MICU3	ENSG00000155970	0.11182220867684736	-0.4451804425114645
lscc	LGI3	ENSG00000168481	0.26717442419866905	-0.260154605829366
lscc	ADAM18	ENSG00000168619	0.4101319467491992	0.0032730913224703582
lscc	LOXL2	ENSG00000134013	0.09828472309446709	-2.862629854833415
lscc	DLC1	ENSG00000164741	0.007840788068494087	-2.507406649397108
lscc	ADAM7	ENSG00000069206	0.4191207519888815	-0.0007915706089520295
lscc	TEX15	ENSG00000133863	0.30337833848099865	0.29470728913868743
lscc	SLC35G5	ENSG00000177710	0.0026540649180075344	-0.1151474501981149
lscc	PDGFRL	ENSG00000104213	0.004620100178626959	-1.656411423959737
lscc	LPL	ENSG00000175445	0.002948376359182809	-4.0130967115431435
lscc	SLC18A1	ENSG00000036565	0.11694123419771332	-0.027902986334981512
lscc	PURG	ENSG00000172733	0.28814839380966795	-0.10604080232772592
lscc	EIF4EBP1	ENSG00000187840	0.05005559039355478	27.844893445701196
lscc	DEFB134	ENSG00000205882	0.26717442419866905	-0.027705107645868046
lscc	IDO1	ENSG00000131203	0.8304962172409999	-1.3353828682958913
lscc	CLDN23	ENSG00000253958	0.860235335704613	-0.09659183173423447
lscc	SPAG11A	ENSG00000178287	0.35057045395521447	
lscc	EBF2	ENSG00000221818	0.03194491466438976	-0.10873135978399023
lscc	PHYHIP	ENSG00000168490	0.11346901159881556	-0.07831922563417501
lscc	NRG1	ENSG00000157168	0.0723816485470556	-0.961106627523963
lscc	DEFA5	ENSG00000164816	0.530336718973854	0.004696669446473353
lscc	LSM1	ENSG00000175324	0.22738033530103022	4.571711716369233
lscc	IDO2	ENSG00000188676	0.33929633589791647	0.29144483551836275
lscc	RP1L1	ENSG00000183638	0.5123679015830396	-0.024947614925863948
lscc	C8orf74	ENSG00000171060	0.41754178654073315	-0.0009197115885461939
lscc	C8orf86	ENSG00000196166	0.49699201897155465	-0.026476503805317103
lscc	TNFRSF10D	ENSG00000173530	0.10462050562237811	-1.6045078621904763
lscc	BMP1	ENSG00000168487	0.002577491373042457	-2.578531210786931
lscc	NEFL	ENSG00000277586	0.8743978056316071	0.2906588478309651
lscc	DPYSL2	ENSG00000092964	0.00019988840144419904	-6.995394636749969
lscc	LZTS1	ENSG00000061337	0.3543092686485866	-0.45741413678493315
lscc	SFTPC	ENSG00000168484	0.07074841218274035	-107.72576966411859
lscc	RNF122	ENSG00000133874	0.000602003355648761	-1.8872497333901785
lscc	MSR1	ENSG00000038945	0.0008846495213478614	-4.511610080804674
lscc	SCARA5	ENSG00000168079	0.02795558903861582	-0.7241733980121147
lscc	KBTBD11	ENSG00000176595	0.3596575222789409	-0.29523719660935144
lscc	ERLIN2	ENSG00000147475	0.2285361745110431	3.4954753111096775
lscc	SMIM18	ENSG00000253457	0.47863922763693334	0.004004869235468085
lscc	TACC1	ENSG00000147526	0.3660908551893658	11.698256301379022
lscc	ZNF705G	ENSG00000215372	0.10462050562237811	-0.002621381303163675
lscc	DLGAP2	ENSG00000198010	0.3242790945351962	0.34098566521764084
lscc	CTSB	ENSG00000164733	0.008922453579340892	-55.411371271956995
lscc	XKR5	ENSG00000275591	0.103059789621609	-0.13410437282145832
lscc	RAB11FIP1	ENSG00000156675	0.41292000439347476	4.34024792573959
lscc	ANGPT2	ENSG00000091879	0.37954021779037267	-0.43061238049252815
lscc	FGFR1	ENSG00000077782	0.9073581457670853	-0.32185387234687646
lscc	BAG4	ENSG00000156735	0.1870672581228524	3.7112745302102983
lscc	ADAM9	ENSG00000168615	0.3494797744082823	8.617100931570462
lscc	DDHD2	ENSG00000085788	0.9436553183845375	-0.12845170993387356
lscc	DUSP26	ENSG00000133878	0.06715141354757403	-0.22220164847857887
lscc	BLK	ENSG00000136573	0.020368352535598298	-0.9118927207315854
lscc	PRR23D2	ENSG00000255378	0.9803418159695689	
lscc	BRF2	ENSG00000104221	0.2159889553578569	2.5671884906785234
lscc	ZNF703	ENSG00000183779	0.4115719357763959	0.844682049014386
lscc	PLEKHA2	ENSG00000169499	0.5297291693607058	2.485930198316346
lscc	ASH2L	ENSG00000129691	0.1428152057274347	2.9252983445222664
lscc	EGR3	ENSG00000179388	0.016920612261108622	-0.6330718955350596
lscc	DEFB136	ENSG00000205884	0.8577238268596976	-0.005630157397166796
luad	CCDC25	ENSG00000147419	8.748291795851685e-07	-2.3397969723690784
luad	PPP2R2A	ENSG00000221914	8.301259915955866e-07	-3.57605522424179
luad	MCPH1	ENSG00000147316	3.1726423498514746e-09	-1.5201314686198737
luad	ENTPD4	ENSG00000197217	2.5357960158249975e-07	-4.96257500910265
luad	INTS9	ENSG00000104299	1.1874070500340493e-06	-1.293209041423983
luad	HMBOX1	ENSG00000147421	1.6044011256720345e-08	-3.358266955975842
luad	EPHX2	ENSG00000120915	0.10276918100657412	-0.7889199487366048
luad	UBXN8	ENSG00000104691	0.0005771589051401704	-0.7630602679326128
luad	VPS37A	ENSG00000155975	8.496143815275271e-07	-3.330615092577725
luad	CCAR2	ENSG00000158941	2.5357960158249975e-07	-3.5868298776464407
luad	CNOT7	ENSG00000198791	1.6044011256720345e-08	-2.9807954407881647
luad	ELP3	ENSG00000134014	0.0008603589256016928	-2.132440103129614
luad	ASAH1	ENSG00000104763	0.0024980999360529293	-22.380057747105354
luad	BIN3	ENSG00000147439	8.301259915955866e-07	-1.6393496366491496
luad	CHMP7	ENSG00000147457	2.6169616980348416e-05	-3.379246990753602
luad	MTMR9	ENSG00000104643	2.073154182102421e-07	-1.3314610566022984
luad	INTS10	ENSG00000104613	8.51985753860348e-08	-3.6226720554428216
luad	TNKS	ENSG00000173273	2.4968595269254704e-08	-2.8082895114849507
luad	NEIL2	ENSG00000154328	0.0004875804704216805	-1.0878853203513623
luad	ZNF395	ENSG00000186918	0.0011587617604112842	-2.2505880891280494
luad	ZNF596	ENSG00000172748	0.0019389622349076348	-0.4140789825651129
luad	FBXO16	ENSG00000214050	0.00017400703093459812	-0.5170532381264529
luad	PPP2CB	ENSG00000104695	3.6654507120077413e-06	-4.401163346320828
luad	XPO7	ENSG00000130227	5.699235041044303e-07	-4.186122715365386
luad	R3HCC1	ENSG00000104679	0.0001069112902366193	-2.213893765107734
luad	PPP3CC	ENSG00000120910	7.504136195205878e-05	-2.5924745798053443
luad	MTUS1	ENSG00000129422	4.328270683129621e-05	-15.05109473654441
luad	KIF13B	ENSG00000197892	0.0015341097057904821	-5.061894574788134
luad	POLR3D	ENSG00000168495	1.975648353088705e-06	-1.8634809639931182
luad	TTI2	ENSG00000129696	0.00025974911056674677	-0.8181627603062802
luad	SARAF	ENSG00000133872	1.149016053231726e-05	-21.455352144094235
luad	ERICH1	ENSG00000104714	0.0005422731207744282	-0.7916080983706237
luad	WRN	ENSG00000165392	2.4452721040004656e-06	-2.962574296581213
luad	MAK16	ENSG00000198042	0.010595179718135787	-2.1601579457064055
luad	EXTL3	ENSG00000012232	0.03285332532888696	-1.3986963730800168
luad	FBXO25	ENSG00000147364	0.0008603589256016928	-1.099347723758863
luad	BNIP3L	ENSG00000104765	7.504136195205878e-05	-10.602228093641997
luad	CLN8	ENSG00000182372	5.394672020383494e-05	-1.589684862050817
luad	DCTN6	ENSG00000104671	3.837032999862727e-06	-2.7897973888541188
luad	PPP1R3B	ENSG00000173281	0.012537116284309638	-8.707437541240708
luad	GTF2E2	ENSG00000197265	2.5357960158249975e-07	-3.7018298959967453
luad	MSRA	ENSG00000175806	1.4962081230272761e-05	-1.1339936923478127
luad	TRIM35	ENSG00000104228	3.833416049444258e-07	-1.6896479782328182
luad	PCM1	ENSG00000078674	0.00011649667228662385	-9.582558536353567
luad	FUT10	ENSG00000172728	0.06653394699178422	-1.0960790035116945
luad	FDFT1	ENSG00000079459	0.00095714625423788	-8.002757954252765
luad	ARHGEF10	ENSG00000104728	0.0033500977266491473	-1.5382513162251947
luad	GSR	ENSG00000104687	0.052102737881331136	-9.828447544795509
luad	SH2D4A	ENSG00000104611	0.0046471952352838955	-4.367873117819739
luad	FAM86B2	ENSG00000145002	0.21099032463804865	-0.037011994864077066
luad	NAT1	ENSG00000171428	0.013552598545203106	-1.128129803924335
luad	TNFRSF10B	ENSG00000120889	3.6654507120077413e-06	-8.425389116647702
luad	DUSP4	ENSG00000120875	0.194357524172307	-6.748321264781328
luad	C8orf48	ENSG00000164743	0.6596425052957196	-0.07225403414932352
luad	SLC7A2	ENSG00000003989	0.06516487029631403	-17.715134787823892
luad	AGPAT5	ENSG00000155189	0.002523731232210768	-2.5673459458857373
luad	NUDT18	ENSG00000275074	0.0010668388046868535	-1.1230494933156945
luad	ATP6V1B2	ENSG00000147416	0.0019389622349076348	-4.003324069444947
luad	ERI1	ENSG00000104626	1.3045713208036831e-05	-1.640429165827018
luad	TNFRSF10A	ENSG00000104689	7.392394510947289e-05	-5.480153934301278
luad	REEP4	ENSG00000168476	7.42616199067315e-05	-1.511266569660064
luad	LEPROTL1	ENSG00000104660	4.110686710137409e-07	-2.3775423897965213
luad	SLC39A14	ENSG00000104635	0.050152514747689864	-3.91335967617933
luad	KCTD9	ENSG00000104756	7.18989529819124e-06	-3.6384285642811705
luad	FAM86B1	ENSG00000186523	0.03867261278195413	-0.08819419085817942
luad	LETM2	ENSG00000165046	0.9076053708699214	-0.014266863486846248
luad	SORBS3	ENSG00000120896	0.00095714625423788	-0.9927969351237387
luad	PINX1	ENSG00000254093	3.833416049444258e-07	-0.6734487569134082
luad	C8orf58	ENSG00000241852	0.0062418364667218874	-0.28891044657303855
luad	LONRF1	ENSG00000154359	5.62428567327311e-05	-2.3175887414211633
luad	DOCK5	ENSG00000147459	0.0003700857229718918	-5.035598371635561
luad	PBK	ENSG00000168078	0.04588400494467358	-1.4855040962625834
luad	PSD3	ENSG00000156011	0.002945064797246104	-3.1420415819707124
luad	TUSC3	ENSG00000104723	0.009308424162602249	-6.058514542670651
luad	SLC25A37	ENSG00000147454	0.01791995959778591	-5.0057015050636355
luad	FGF20	ENSG00000078579	0.6404150203232666	-0.33252828497172543
luad	ESCO2	ENSG00000171320	0.019115927650838478	-0.35511770427914024
luad	RHOBTB2	ENSG00000008853	0.03993109478017308	-6.009672690598748
luad	TDRP	ENSG00000180190	0.09196457833225079	-1.4217473020131877
luad	DMTN	ENSG00000158856	0.00106774628078113	-1.1470031325423244
luad	PTK2B	ENSG00000120899	7.392394510947289e-05	-3.6728890307116826
luad	GNRH1	ENSG00000147437	0.0001673125521698915	-0.7369282904828904
luad	MTMR7	ENSG00000003987	0.7237550607286605	-0.9819933301491772
luad	CLU	ENSG00000120885	0.32403033245779883	-15.610611870546222
luad	SCARA3	ENSG00000168077	0.24530002863980088	-0.7906813991307309
luad	MBOAT4	ENSG00000177669	0.3913912324581599	-0.017469996820255802
luad	STMN4	ENSG00000015592	0.4926228650403436	-0.00955690786029124
luad	XKR6	ENSG00000171044	0.03369086254423047	-0.3515511437270017
luad	TNFRSF10C	ENSG00000173535	0.08177041019379405	-1.7575169459855724
luad	NUGGC	ENSG00000189233	0.08437953022822073	-0.8251697571279288
luad	STC1	ENSG00000159167	0.609163828459367	-1.6262048639877493
luad	PEBP4	ENSG00000134020	0.7985558046346655	-0.8533908075719463
luad	RBPMS	ENSG00000157110	0.010595179718135787	-3.5960610919089913
luad	FZD3	ENSG00000104290	0.025996214649606834	-0.8182855257510173
luad	NKX3-1	ENSG00000167034	0.22514563805084292	-0.22131294856308414
luad	GATA4	ENSG00000136574	0.40454231247913197	-0.18975945555119392
luad	PNMA2	ENSG00000240694	0.052102737881331136	-2.2675138510295216
luad	CDCA2	ENSG00000184661	0.05738071253128122	-1.198477046795019
luad	GOT1L1	ENSG00000169154	0.39983451523543195	-0.003507853836370431
luad	MFHAS1	ENSG00000147324	0.0001673125521698915	-4.732972173344175
luad	PDLIM2	ENSG00000120913	0.21099032463804865	-0.21085650079691387
luad	PRSS55	ENSG00000184647	0.10358856827154203	-0.0036547760093606513
luad	SOX7	ENSG00000171056	0.07696317351350311	-0.2233506657965566
luad	FGL1	ENSG00000104760	0.13623602592579548	-16.159396975050658
luad	DEFA3	ENSG00000239839	0.7985558046346655	-0.009354961843608511
luad	DOK2	ENSG00000147443	0.514973700759057	-0.6669716734269509
luad	DEFA4	ENSG00000164821	0.330510798227288	-0.03647377054508281
luad	ADAM2	ENSG00000104755	0.40075488509137913	-0.48104294233519873
luad	FAM167A	ENSG00000154319	0.034377329136469334	-1.623037155230241
luad	ADRB3	ENSG00000188778	0.8136382409696823	0.0034262630398080793
luad	NPM2	ENSG00000158806	0.06143486507580794	-0.46590824414528476
luad	SPAG11B	ENSG00000164871	0.4926228650403436	-0.047329702461369486
luad	PNOC	ENSG00000168081	0.052102737881331136	-0.3225957599358672
luad	GFRA2	ENSG00000168546	0.12790387174264117	-0.08141560150107896
luad	NKX2-6	ENSG00000180053	0.5333460511713197	-0.0025644777231474307
luad	UNC5D	ENSG00000156687	0.330510798227288	-0.29135867088228956
luad	CSMD1	ENSG00000183117	0.514973700759057	-0.44166937095772507
luad	NEFM	ENSG00000104722	0.6276826591395039	0.04588011970581482
luad	NAT2	ENSG00000156006	0.9076053708699214	0.01596968925384129
luad	DEFB135	ENSG00000205883	0.9083575008317905	
luad	DEFB4B	ENSG00000177257	0.3406450515572814	-0.031503731584877084
luad	ZDHHC2	ENSG00000104219	0.0002492386769400491	-3.2575513427325697
luad	MYOM2	ENSG00000036448	0.6501491371645666	-0.02177602318572694
luad	STAR	ENSG00000147465	0.3406450515572814	-0.011613264695729722
luad	ZNF705D	ENSG00000215343	0.7237550607286605	0.0003190090878056112
luad	HTRA4	ENSG00000169495	0.2560261075074969	-0.42664684913833684
luad	CSGALNACT1	ENSG00000147408	0.005206322746014135	-1.815568928180797
luad	HR	ENSG00000168453	0.8994384003646801	0.01452711307633242
luad	TM2D2	ENSG00000169490	0.4926228650403436	-0.5525284268434225
luad	CHRNA2	ENSG00000120903	0.4926228650403436	-0.006814223498323796
luad	SGCZ	ENSG00000185053	0.37971092397673534	-0.0032330828604911115
luad	KCNU1	ENSG00000215262	0.84552554027814	0.08558865277433586
luad	PIWIL2	ENSG00000197181	0.21099032463804865	0.232156030731097
luad	ZNF705B	ENSG00000215356	0.6404150203232666	
luad	ADRA1A	ENSG00000120907	0.5201793649493496	-0.060799560404657504
luad	DEFA6	ENSG00000164822	0.6276826591395039	-2.916770286911914
luad	DEFB4A	ENSG00000171711	0.21447567203754023	-0.9198814050310884
luad	OR4F21	ENSG00000176269	0.6111770976730688	0.009009320787170462
luad	DEFB1	ENSG00000164825	0.22472760263974825	-4.049909855789342
luad	ADAMDEC1	ENSG00000134028	0.38172404211096206	-1.46114330961763
luad	FGF17	ENSG00000158815	0.06753556343387938	-0.03860365797765631
luad	ADAM32	ENSG00000197140	0.009308424162602249	-0.22309108234147668
luad	ADAM28	ENSG00000042980	0.02710218270490846	-5.32228425668838
luad	MICU3	ENSG00000155970	0.023509808680473622	-0.5778952452101498
luad	LGI3	ENSG00000168481	0.06193829011447743	-0.2698771495597435
luad	ADAM18	ENSG00000168619	0.8734466462016268	-0.0028515508884432855
luad	LOXL2	ENSG00000134013	0.4926228650403436	-1.0279801117834158
luad	DLC1	ENSG00000164741	0.6411317261395396	-1.073779587785058
luad	ADAM7	ENSG00000069206	0.05327628676792621	0.012317608734128974
luad	TEX15	ENSG00000133863	0.4926228650403436	0.15004087542293326
luad	SLC35G5	ENSG00000177710	0.023509808680473622	-0.1057479756209258
luad	PDGFRL	ENSG00000104213	0.06374477363058538	-1.6088074299841928
luad	LPL	ENSG00000175445	0.27437132794211216	-4.2718700852595095
luad	SLC18A1	ENSG00000036565	0.5289053775464264	-0.31206542764487744
luad	PURG	ENSG00000172733	0.7320794514227299	-0.00894324206686109
luad	EIF4EBP1	ENSG00000187840	0.6276826591395039	2.776638279614083
luad	DEFB134	ENSG00000205882	0.7561641373227327	-0.010984625623294206
luad	IDO1	ENSG00000131203	0.6079608146334604	-6.530489260551349
luad	CLDN23	ENSG00000253958	0.17984811844126744	-3.45479444689244
luad	SPAG11A	ENSG00000178287	0.5802922373648759	
luad	EBF2	ENSG00000221818	0.13623602592579548	-0.1668590803636442
luad	PHYHIP	ENSG00000168490	0.10276918100657412	-0.10854278834087974
luad	NRG1	ENSG00000157168	0.6596425052957196	0.11125963268613315
luad	DEFA5	ENSG00000164816	0.6273193446918589	-352.9058546344749
luad	LSM1	ENSG00000175324	0.9496318430636372	0.1218664927464701
luad	IDO2	ENSG00000188676	0.8008399628023619	-0.05727360627580769
luad	RP1L1	ENSG00000183638	0.07696317351350311	-0.043660276387101266
luad	C8orf74	ENSG00000171060	0.5201793649493496	-0.0005043811474060248
luad	C8orf86	ENSG00000196166	0.609163828459367	-0.004380109573603394
luad	TNFRSF10D	ENSG00000173530	0.005206322746014135	-3.116096861150133
luad	BMP1	ENSG00000168487	0.056436695882468926	-1.115239009604995
luad	NEFL	ENSG00000277586	0.8358400229109776	-0.0573672945857088
luad	DPYSL2	ENSG00000092964	0.07187669723434821	-6.673517493038219
luad	LZTS1	ENSG00000061337	0.6645800055598321	-0.10121317894940174
luad	SFTPC	ENSG00000168484	0.17165314768375733	-98.51534027969922
luad	RNF122	ENSG00000133874	0.009546356490560891	-1.7975887647799724
luad	MSR1	ENSG00000038945	0.873277478934384	-0.44419451770437846
luad	SCARA5	ENSG00000168079	0.48287659752259204	-0.8069412570967875
luad	KBTBD11	ENSG00000176595	0.0042346107590137015	-1.3119245786579912
luad	ERLIN2	ENSG00000147475	0.8994384003646801	0.2473071053993081
luad	SMIM18	ENSG00000253457	0.6881793257905817	0.0020657326299816457
luad	TACC1	ENSG00000147526	0.05385810229531219	-4.368215582934338
luad	ZNF705G	ENSG00000215372	0.08350128322379495	-0.002770772097514584
luad	DLGAP2	ENSG00000198010	0.332271136799059	-0.01540972584277249
luad	CTSB	ENSG00000164733	0.257085731367132	-20.884060989584867
luad	XKR5	ENSG00000275591	0.40230296380545333	-0.027196105648966934
luad	RAB11FIP1	ENSG00000156675	0.942941635815224	0.4431514819170772
luad	ANGPT2	ENSG00000091879	0.4926228650403436	-0.4164840175457858
luad	FGFR1	ENSG00000077782	0.85268806698176	0.27009860935680763
luad	BAG4	ENSG00000156735	0.8734466462016268	-0.20356435421866692
luad	ADAM9	ENSG00000168615	0.17143358609072917	-7.434593081731229
luad	DDHD2	ENSG00000085788	0.8136382409696823	-0.29222070112604825
luad	DUSP26	ENSG00000133878	0.13899464373138556	-0.1991316352176425
luad	BLK	ENSG00000136573	0.057814171448181115	-0.61339091346779
luad	BRF2	ENSG00000104221	0.5289053775464264	1.0539600447916726
luad	ZNF703	ENSG00000183779	0.2648099857007335	-0.7072854622260176
luad	PLEKHA2	ENSG00000169499	0.015728587846789193	-2.4625538599742995
luad	ASH2L	ENSG00000129691	0.7500562680281452	-0.4162902966941635
luad	EGR3	ENSG00000179388	0.014206389588223914	-0.49388094680037486
luad	DEFB136	ENSG00000205884	0.7556741985590877	-0.014951652362789128
ov	CCDC25	ENSG00000147419	0.0007321628008398405	-4.824617504603568
ov	PPP2R2A	ENSG00000221914	5.988196667732579e-07	-3.569819402869032
ov	MCPH1	ENSG00000147316	6.152594869365618e-06	-1.4822533372172324
ov	ENTPD4	ENSG00000197217	0.0003523566540191447	-2.651600235917865
ov	INTS9	ENSG00000104299	0.0018158995392810835	-1.0712657815064395
ov	HMBOX1	ENSG00000147421	0.011612972654692287	-0.8575559908577066
ov	EPHX2	ENSG00000120915	0.0053500911204869325	-1.6157859055826713
ov	UBXN8	ENSG00000104691	0.0003523566540191447	-2.5924956002626027
ov	VPS37A	ENSG00000155975	0.00014965172324284343	-3.1331327537603295
ov	CCAR2	ENSG00000158941	0.0005112569240400416	-4.279700874781625
ov	CNOT7	ENSG00000198791	0.00015440853562897873	-6.05574082609005
ov	ELP3	ENSG00000134014	0.001782632845593691	-4.491541738932575
ov	ASAH1	ENSG00000104763	0.0020865433093204037	-18.997431713254187
ov	BIN3	ENSG00000147439	0.00010310433907676648	-1.6845635707468225
ov	CHMP7	ENSG00000147457	0.0003611596011426291	-2.4361373143731493
ov	MTMR9	ENSG00000104643	0.0012993732768902249	-0.7932227986289608
ov	INTS10	ENSG00000104613	0.00014965172324284343	-4.297078915153535
ov	TNKS	ENSG00000173273	0.00014965172324284343	-2.5168132889371537
ov	NEIL2	ENSG00000154328	0.0007904365466196098	-2.5078692263163953
ov	ZNF395	ENSG00000186918	0.0007979710480516692	-3.1912835859051194
ov	ZNF596	ENSG00000172748	0.0006140415907833988	-0.7857568951896647
ov	FBXO16	ENSG00000214050	0.0008945238196942757	-1.1678563761586902
ov	PPP2CB	ENSG00000104695	7.77585719985974e-05	-11.075971776609457
ov	XPO7	ENSG00000130227	6.816885761839162e-06	-5.6448859916061505
ov	R3HCC1	ENSG00000104679	5.800857863501019e-05	-3.902670141513065
ov	PPP3CC	ENSG00000120910	0.01138125736554514	-1.2212824966288358
ov	MTUS1	ENSG00000129422	0.003672051944521928	-1.8087074365513636
ov	KIF13B	ENSG00000197892	0.0021099263069683087	-1.2520148845170764
ov	POLR3D	ENSG00000168495	6.152594869365618e-06	-2.732384037423154
ov	TTI2	ENSG00000129696	0.0001185999345262506	-1.0270007627372122
ov	SARAF	ENSG00000133872	6.152594869365618e-06	-42.38396145670684
ov	ERICH1	ENSG00000104714	0.0005671367169688611	-0.7211487698503292
ov	WRN	ENSG00000165392	0.00041168765264335564	-2.389499137232602
ov	MAK16	ENSG00000198042	6.152594869365618e-06	-2.9048282108489696
ov	EXTL3	ENSG00000012232	0.0005112569240400416	-1.4063792958494425
ov	FBXO25	ENSG00000147364	0.00010310433907676648	-1.8243926113737756
ov	BNIP3L	ENSG00000104765	0.00042829981567081625	-11.328679353905127
ov	CLN8	ENSG00000182372	0.00248091887627525	-0.766561229806068
ov	DCTN6	ENSG00000104671	0.0005618587021139679	-5.015420611403092
ov	PPP1R3B	ENSG00000173281	0.0033931632536698493	-2.0167697131316094
ov	GTF2E2	ENSG00000197265	0.0003523566540191447	-6.200678342720089
ov	MSRA	ENSG00000175806	0.000838420515830178	-0.44448991484269273
ov	TRIM35	ENSG00000104228	2.320426099929369e-05	-1.7316530609046237
ov	PCM1	ENSG00000078674	0.0003611596011426291	-7.770244618158143
ov	FUT10	ENSG00000172728	0.0003523566540191447	-0.8040201539418723
ov	FDFT1	ENSG00000079459	0.026879234551300753	-6.412596763096964
ov	ARHGEF10	ENSG00000104728	0.024671133047601705	-1.0399409558278159
ov	GSR	ENSG00000104687	1.5280324858463763e-06	-10.374074593803483
ov	SH2D4A	ENSG00000104611	0.00019932194600463636	-3.522370709962594
ov	FAM86B2	ENSG00000145002	0.0003523566540191447	-0.2670114317551823
ov	NAT1	ENSG00000171428	0.013292578279061763	-1.487757181448333
ov	TNFRSF10B	ENSG00000120889	0.0003523566540191447	-5.52225210831241
ov	DUSP4	ENSG00000120875	0.0408766132320501	-2.072811976732928
ov	C8orf48	ENSG00000164743	0.5598268267428422	-0.31456843087211306
ov	SLC7A2	ENSG00000003989	0.049221843370949404	-10.66111004671882
ov	AGPAT5	ENSG00000155189	0.0005534441580906028	-5.247688650383397
ov	NUDT18	ENSG00000275074	0.007591488876008389	-0.897656174004307
ov	ATP6V1B2	ENSG00000147416	0.005860127655992459	-3.2567812747979374
ov	ERI1	ENSG00000104626	0.00015691888533813001	-2.2471425615246954
ov	TNFRSF10A	ENSG00000104689	6.152594869365618e-06	-2.5728490140433373
ov	REEP4	ENSG00000168476	0.008222254954664514	-2.559389457348046
ov	LEPROTL1	ENSG00000104660	6.152594869365618e-06	-4.5600177261318615
ov	SLC39A14	ENSG00000104635	0.10986513532728666	-3.074286442592568
ov	KCTD9	ENSG00000104756	0.002440145662880426	-3.2596841169246273
ov	FAM86B1	ENSG00000186523	0.011666445137917175	-0.43019025505643693
ov	LETM2	ENSG00000165046	0.37471163556097475	-0.18967783634095003
ov	SORBS3	ENSG00000120896	0.06610352032122327	-1.8937862957004672
ov	PINX1	ENSG00000254093	0.0053500911204869325	-0.9811243436147419
ov	C8orf58	ENSG00000241852	0.0001185999345262506	-0.8067563614384019
ov	LONRF1	ENSG00000154359	0.0071673382775220874	-1.894219323087655
ov	DOCK5	ENSG00000147459	0.00299699681072324	-0.8668176996823093
ov	PBK	ENSG00000168078	0.024068958455423287	-6.8934331909766335
ov	PSD3	ENSG00000156011	0.0742919192330654	-0.9475915671027286
ov	TUSC3	ENSG00000104723	0.003886736338523757	-8.079112306932329
ov	SLC25A37	ENSG00000147454	0.00041168765264335564	-3.6663223452496894
ov	FGF20	ENSG00000078579	0.3525985094702107	-0.8605153299904625
ov	ESCO2	ENSG00000171320	0.0034976918023965934	-0.7843084903615132
ov	RHOBTB2	ENSG00000008853	0.0003523566540191447	-1.1781716166438594
ov	TDRP	ENSG00000180190	0.0053500911204869325	-2.4200503207500272
ov	DMTN	ENSG00000158856	0.0010273204385137067	-3.52286600935764
ov	PTK2B	ENSG00000120899	0.008848903242836435	-1.3747604359570045
ov	GNRH1	ENSG00000147437	0.09348822085834	-0.4470014199557655
ov	MTMR7	ENSG00000003987	0.08922800301034864	-0.2901632880957287
ov	CLU	ENSG00000120885	0.8708997930493169	-11.303528453939606
ov	SCARA3	ENSG00000168077	0.007591488876008389	-23.33598631690925
ov	MBOAT4	ENSG00000177669	0.2936749638324176	-0.016642075446777455
ov	STMN4	ENSG00000015592	0.5533345564685169	0.025813786710012575
ov	XKR6	ENSG00000171044	0.026879234551300753	-0.17995155696087545
ov	TNFRSF10C	ENSG00000173535	0.20376878639577925	-0.43511808163190513
ov	NUGGC	ENSG00000189233	0.37471163556097475	-0.9192144739344947
ov	STC1	ENSG00000159167	0.36390695288364017	-2.723302676695801
ov	PEBP4	ENSG00000134020	0.2588142965214898	-0.38118041324366836
ov	RBPMS	ENSG00000157110	0.007629795122497826	-1.6084704557199
ov	FZD3	ENSG00000104290	0.00010310433907676648	-3.7472193580196262
ov	NKX3-1	ENSG00000167034	0.4276241209815205	-0.15999941615537316
ov	GATA4	ENSG00000136574	0.5167843472617911	-0.14535660713875498
ov	PNMA2	ENSG00000240694	0.27619296108827396	-1.2286937203097525
ov	CDCA2	ENSG00000184661	0.026373065363465082	-1.7872662136758373
ov	GOT1L1	ENSG00000169154	0.17503680793767368	0.00443460254664857
ov	MFHAS1	ENSG00000147324	0.0050859876929906025	-3.7898638807061964
ov	PDLIM2	ENSG00000120913	0.12221131154807148	-0.24159208910760666
ov	PRSS55	ENSG00000184647	0.5326604122252353	0.0018276210909638456
ov	SOX7	ENSG00000171056	0.12999734341183386	-0.10016932930144476
ov	FGL1	ENSG00000104760	0.3651527337355222	-0.061874014808313206
ov	DEFA3	ENSG00000239839	0.7375833848728499	-0.006131282615512983
ov	DOK2	ENSG00000147443	0.5167843472617911	0.34690509105309664
ov	DEFA4	ENSG00000164821	0.5931120592614767	-0.006181688477407909
ov	ADAM2	ENSG00000104755	0.45524231701772855	-0.008516569936643202
ov	FAM167A	ENSG00000154319	0.14005820786566706	-1.0012037987187794
ov	ADRB3	ENSG00000188778	0.5931120592614767	0.015724593720127904
ov	NPM2	ENSG00000158806	0.10038873706515257	-0.41965857783893196
ov	PRR23D1	ENSG00000255251	0.41696430594099343	
ov	SPAG11B	ENSG00000164871	0.921286560368974	-0.03339760872511427
ov	PNOC	ENSG00000168081	0.5748027348857269	-6.2964425217384665
ov	GFRA2	ENSG00000168546	0.8280885639761751	0.02032013408477068
ov	NKX2-6	ENSG00000180053	0.025025344785405454	-0.008880313152659434
ov	UNC5D	ENSG00000156687	0.7580314371266239	-0.008267684815889742
ov	CSMD1	ENSG00000183117	0.6145165168606845	0.01707309608618767
ov	NEFM	ENSG00000104722	0.8957839366185059	-0.0028554603075075582
ov	NAT2	ENSG00000156006	0.596019624046315	-0.02925634687481038
ov	DEFB135	ENSG00000205883	0.6161340246053799	
ov	DEFB4B	ENSG00000177257	0.02451923123219087	-0.18109340255057604
ov	ZDHHC2	ENSG00000104219	0.010988812340257887	-3.5778578009864805
ov	MYOM2	ENSG00000036448	0.27109576950664277	-0.08228577394200043
ov	STAR	ENSG00000147465	0.5678905896055793	-0.7119383026949277
ov	ZNF705D	ENSG00000215343	0.34136045822294236	-0.007963046918743753
ov	HTRA4	ENSG00000169495	0.5586453202521109	-0.053972236946241814
ov	CSGALNACT1	ENSG00000147408	0.719174054391766	-0.07633813428476244
ov	HR	ENSG00000168453	0.23316374126306405	-1.431661777311215
ov	TM2D2	ENSG00000169490	0.16212052213053982	-2.269730873864532
ov	CHRNA2	ENSG00000120903	0.623562393634916	-0.0015423632512954356
ov	SGCZ	ENSG00000185053	0.7249681663850367	0.003912400306984589
ov	KCNU1	ENSG00000215262	0.40361917779120493	0.023846126417902482
ov	PIWIL2	ENSG00000197181	0.9099530476111273	-0.008688280949218002
ov	ZNF705B	ENSG00000215356	0.13117156538666908	
ov	ADRA1A	ENSG00000120907	0.3918802719495782	0.010366651558887906
ov	DEFA6	ENSG00000164822	0.41696430594099343	-50.37972259279008
ov	DEFB4A	ENSG00000171711	0.5072818307415812	-0.18147479289434454
ov	OR4F21	ENSG00000176269	0.5729017465479208	-0.004377423383836355
ov	DEFB1	ENSG00000164825	0.03000504574923542	-64.84748821851063
ov	ADAMDEC1	ENSG00000134028	0.6381127914885703	1.5373601382258926
ov	FGF17	ENSG00000158815	0.45524231701772855	-1.220305604598312
ov	ADAM32	ENSG00000197140	0.23169916161604084	-0.1563460880082871
ov	ADAM28	ENSG00000042980	0.28755317219442666	-1.4185457169386888
ov	MICU3	ENSG00000155970	0.08922800301034864	-0.8872806083045803
ov	LGI3	ENSG00000168481	0.2756467080704122	-0.014325015713191645
ov	ADAM18	ENSG00000168619	0.5972009314906315	-0.003697901671582699
ov	LOXL2	ENSG00000134013	0.25788374383095986	-2.892648358809274
ov	DLC1	ENSG00000164741	0.3379552315518857	-0.5517587342760588
ov	ADAM7	ENSG00000069206	0.8824918144530878	9.485660022696214e-05
ov	TEX15	ENSG00000133863	0.6632533590425883	-0.21130722952419423
ov	SLC35G5	ENSG00000177710	0.3835618169834941	-0.012235687979073998
ov	PDGFRL	ENSG00000104213	0.8219538141389015	-0.4805841289236046
ov	LPL	ENSG00000175445	0.921286560368974	0.10942638903624369
ov	SLC18A1	ENSG00000036565	0.3854377103052884	-0.11016360161719468
ov	PURG	ENSG00000172733	0.41696430594099343	-0.26046002864315854
ov	EIF4EBP1	ENSG00000187840	0.748845995753327	-1.796642536066269
ov	DEFB134	ENSG00000205882	0.21777208277128246	0.003780144845466407
ov	IDO1	ENSG00000131203	0.8219538141389015	-1.7449903095146038
ov	CLDN23	ENSG00000253958	0.16883157677922753	-0.5904324255445423
ov	SPAG11A	ENSG00000178287	0.43391462956847354	
ov	EBF2	ENSG00000221818	0.4522327343376958	-0.15548279044820393
ov	PHYHIP	ENSG00000168490	0.4519675093863535	-0.04903840818532504
ov	NRG1	ENSG00000157168	0.31442189498064654	-0.12772595664779607
ov	DEFA5	ENSG00000164816	0.41696430594099343	-738.3816794812767
ov	LSM1	ENSG00000175324	0.24851728348355775	-6.88324128041058
ov	IDO2	ENSG00000188676	0.8506291950018897	-0.006294608547199848
ov	RP1L1	ENSG00000183638	0.8818439582417439	-0.0019786742565545135
ov	C8orf74	ENSG00000171060	0.24195392065688506	-0.00043147088605270504
ov	C8orf86	ENSG00000196166	0.2954096939081346	-0.01769532736335231
ov	TNFRSF10D	ENSG00000173530	0.004527478743372181	-1.215575678576724
ov	BMP1	ENSG00000168487	0.03746430997716622	-1.6371175527040651
ov	NEFL	ENSG00000277586	0.8280885639761751	-0.016121276592263867
ov	DPYSL2	ENSG00000092964	0.0742919192330654	-3.4846004057075435
ov	LZTS1	ENSG00000061337	0.5167843472617911	-0.2110828395698262
ov	SFTPC	ENSG00000168484	0.41696430594099343	-0.005820394064505282
ov	RNF122	ENSG00000133874	0.21357106292105613	-0.9324558635630442
ov	MSR1	ENSG00000038945	0.0536408506476905	3.111165810127371
ov	SCARA5	ENSG00000168079	0.5905409147487649	0.084923763344748
ov	KBTBD11	ENSG00000176595	0.09554749472274142	-0.2463244586767946
ov	ERLIN2	ENSG00000147475	0.16061146425460102	-1.7213534288798584
ov	SMIM18	ENSG00000253457	0.7249681663850367	0.0017128598686904722
ov	TACC1	ENSG00000147526	0.20376878639577925	-1.5725151052769384
ov	ZNF705G	ENSG00000215372	0.5533345564685169	0.000453840853474889
ov	DLGAP2	ENSG00000198010	0.10841455976220457	-0.03858942408682581
ov	CTSB	ENSG00000164733	0.002649588918197325	-66.23139565485334
ov	XKR5	ENSG00000275591	0.3773724004732287	-0.09420317296747545
ov	RAB11FIP1	ENSG00000156675	0.00579441575538387	-3.4310160718515164
ov	ANGPT2	ENSG00000091879	0.8957839366185059	-0.10602703476535247
ov	FGFR1	ENSG00000077782	0.06809417105412396	-7.327109267018976
ov	BAG4	ENSG00000156735	0.025025344785405454	-2.778489257651896
ov	ADAM9	ENSG00000168615	0.5167843472617911	-2.9928244102085912
ov	DDHD2	ENSG00000085788	0.0050835991348784	-3.079362645716466
ov	DUSP26	ENSG00000133878	0.8957839366185059	-0.00889691478555793
ov	BLK	ENSG00000136573	0.43391462956847354	-1.234312763318584
ov	PRR23D2	ENSG00000255378	0.5167843472617911	
ov	BRF2	ENSG00000104221	0.3854377103052884	-0.8398541337461332
ov	ZNF703	ENSG00000183779	0.8219538141389015	-0.3058389024162338
ov	PLEKHA2	ENSG00000169499	0.00969857257235223	-4.758655284292333
ov	ASH2L	ENSG00000129691	0.30601885421744635	-1.7159413700986939
ov	EGR3	ENSG00000179388	0.6069807199831598	-0.3071448744125618
ov	DEFB136	ENSG00000205884	0.5721954228791535	0.0049757122181699805
pdac	CCDC25	ENSG00000147419	3.1993372140528764e-05	-2.040743173453774
pdac	PPP2R2A	ENSG00000221914	0.0398594316244428	-1.8109537968494305
pdac	MCPH1	ENSG00000147316	0.0014282976498096761	-0.9474773895493165
pdac	ENTPD4	ENSG00000197217	0.0014282976498096761	-2.8992209893088603
pdac	INTS9	ENSG00000104299	0.0012416115099476773	-0.7049447606032149
pdac	HMBOX1	ENSG00000147421	0.04259225222546076	-1.2664704507853557
pdac	EPHX2	ENSG00000120915	0.082725912402165	-1.2765899314442808
pdac	UBXN8	ENSG00000104691	0.0012416115099476773	-0.7086965759802495
pdac	VPS37A	ENSG00000155975	7.702752611008999e-05	-1.6766649044328785
pdac	CCAR2	ENSG00000158941	0.02639258387024793	-1.529906579741997
pdac	CNOT7	ENSG00000198791	0.00032847178695873504	-1.6076831719542248
pdac	ELP3	ENSG00000134014	3.83972932774514e-06	-2.0228690562590117
pdac	ASAH1	ENSG00000104763	0.00017316233094443045	-13.684586997222745
pdac	BIN3	ENSG00000147439	0.0338324228422574	-1.026292118406876
pdac	CHMP7	ENSG00000147457	0.06093129443458426	-2.160010194174454
pdac	MTMR9	ENSG00000104643	3.1993372140528764e-05	-1.3354990871164016
pdac	INTS10	ENSG00000104613	2.862407414606304e-05	-2.578695666396559
pdac	TNKS	ENSG00000173273	0.10399142799147958	-0.7264413396820331
pdac	NEIL2	ENSG00000154328	0.014955256031326462	-0.77744460827215
pdac	ZNF395	ENSG00000186918	0.3749866981242182	-0.6654663790874924
pdac	ZNF596	ENSG00000172748	0.04039031987400379	-0.22686872919585
pdac	FBXO16	ENSG00000214050	0.23329975156141305	-0.10931728200703306
pdac	PPP2CB	ENSG00000104695	7.702752611008999e-05	-3.461846300840234
pdac	XPO7	ENSG00000130227	0.027418975127771597	-1.5188505560121701
pdac	R3HCC1	ENSG00000104679	4.489588208929309e-05	-1.6420501925319728
pdac	PPP3CC	ENSG00000120910	9.92139645353397e-05	-2.854234197700908
pdac	MTUS1	ENSG00000129422	0.40095147258209163	-1.9829179408044553
pdac	KIF13B	ENSG00000197892	0.6594331075428425	-1.5902503007831186
pdac	POLR3D	ENSG00000168495	0.028841904989359672	-0.7778356084159253
pdac	TTI2	ENSG00000129696	0.0003834299693638011	-0.5335372819263537
pdac	SARAF	ENSG00000133872	2.263251230603012e-07	-27.09125259118416
pdac	ERICH1	ENSG00000104714	0.5593190296446297	-0.21567620221489348
pdac	WRN	ENSG00000165392	0.009075288568382132	-1.560257056484251
pdac	MAK16	ENSG00000198042	0.0014282976498096761	-1.6188118091048844
pdac	EXTL3	ENSG00000012232	0.028841904989359672	-0.5328709833070526
pdac	FBXO25	ENSG00000147364	0.006662783929693204	-0.6215868984656732
pdac	BNIP3L	ENSG00000104765	0.39758951312675694	-4.401530756167013
pdac	CLN8	ENSG00000182372	0.00032847178695873504	-1.1028640916000758
pdac	DCTN6	ENSG00000104671	1.0263797728031184e-05	-2.730003626639407
pdac	PPP1R3B	ENSG00000173281	0.648413315203059	-1.0059956217966395
pdac	GTF2E2	ENSG00000197265	9.92139645353397e-05	-3.4489139708255276
pdac	MSRA	ENSG00000175806	0.027418975127771597	-0.4903787911534354
pdac	TRIM35	ENSG00000104228	0.02450121258732653	-0.9388048823183608
pdac	PCM1	ENSG00000078674	0.0003228550580239224	-4.551441301496606
pdac	FUT10	ENSG00000172728	0.012140708567665205	-0.8683732844927388
pdac	FDFT1	ENSG00000079459	0.04557200068622176	-6.634933079697941
pdac	ARHGEF10	ENSG00000104728	0.5149992820942431	-0.3094166690431477
pdac	GSR	ENSG00000104687	0.07604325162951521	-4.592865170082245
pdac	SH2D4A	ENSG00000104611	0.4694096588385945	-1.4948489322065797
pdac	FAM86B2	ENSG00000145002	0.6390946207203708	0.018510391449899077
pdac	NAT1	ENSG00000171428	0.0718117098276254	-0.5005623114327058
pdac	TNFRSF10B	ENSG00000120889	0.054333040157715104	-5.722519255047498
pdac	DUSP4	ENSG00000120875	0.8383198666438835	0.5303158772027903
pdac	C8orf48	ENSG00000164743	0.10399142799147958	-0.1866957752455859
pdac	SLC7A2	ENSG00000003989	0.45811097913520865	-2.739783382793318
pdac	AGPAT5	ENSG00000155189	0.1146932847575361	-1.5124874243065776
pdac	NUDT18	ENSG00000275074	0.34344092275233623	-0.34282222919142313
pdac	ATP6V1B2	ENSG00000147416	2.1521208012061697e-05	-4.944972472532978
pdac	ERI1	ENSG00000104626	0.12849338904529248	-0.6922179426293731
pdac	TNFRSF10A	ENSG00000104689	0.11156381961318766	-3.221710351611131
pdac	REEP4	ENSG00000168476	0.9867940267299397	0.013191966473839578
pdac	LEPROTL1	ENSG00000104660	1.0622606675678941e-05	-2.7281587771814966
pdac	SLC39A14	ENSG00000104635	0.007211713232151112	-11.403713472234656
pdac	KCTD9	ENSG00000104756	0.02172551529088837	-2.720640828854327
pdac	FAM86B1	ENSG00000186523	0.7322971759035034	0.017840556099324528
pdac	LETM2	ENSG00000165046	0.02172551529088837	2.507045835210393
pdac	SORBS3	ENSG00000120896	0.8971597835377597	0.06222262260635869
pdac	PINX1	ENSG00000254093	0.17761584027919194	-0.21596510232039057
pdac	C8orf58	ENSG00000241852	0.018035542046770738	-0.37317787027363636
pdac	LONRF1	ENSG00000154359	0.022869563341421626	-1.9975133903364686
pdac	DOCK5	ENSG00000147459	0.3675015916397947	-1.2143363051998648
pdac	PBK	ENSG00000168078	0.7463724528006737	-0.27398901367266637
pdac	PSD3	ENSG00000156011	0.39758951312675694	-1.2723028002309356
pdac	TUSC3	ENSG00000104723	0.7395522263840585	-0.5931367195792241
pdac	SLC25A37	ENSG00000147454	0.9199769835594448	-0.22512800777522912
pdac	FGF20	ENSG00000078579	0.6853507805633344	-0.12191617233936447
pdac	ESCO2	ENSG00000171320	0.45977956442469564	-0.15830178178511112
pdac	RHOBTB2	ENSG00000008853	0.7997951407812322	0.1233125629689118
pdac	TDRP	ENSG00000180190	0.10959044135143396	-0.4232747659720184
pdac	DMTN	ENSG00000158856	0.45977956442469564	-0.44353273217186695
pdac	PTK2B	ENSG00000120899	0.10879214019941133	-1.9055489698252543
pdac	GNRH1	ENSG00000147437	0.22191608586924602	-0.3618729351062875
pdac	MTMR7	ENSG00000003987	0.2611621491277978	-0.2991899623252181
pdac	CLU	ENSG00000120885	0.022869563341421626	-17.54211531700396
pdac	SCARA3	ENSG00000168077	0.5986297572063354	-0.449064770311967
pdac	MBOAT4	ENSG00000177669	0.08324814725621142	-0.7670830547943703
pdac	STMN4	ENSG00000015592	0.5352579294858236	-0.008954108800843727
pdac	XKR6	ENSG00000171044	0.21286646396948997	-0.26641864624333755
pdac	TNFRSF10C	ENSG00000173535	0.4229756964267622	-0.27743700390352743
pdac	NUGGC	ENSG00000189233	0.08443861790337732	-0.4930734350115469
pdac	STC1	ENSG00000159167	0.863586259914453	0.47699970500265465
pdac	PEBP4	ENSG00000134020	0.24379683478151562	-0.1751107125417501
pdac	RBPMS	ENSG00000157110	0.9307739083111245	-0.06440995525045867
pdac	FZD3	ENSG00000104290	0.01247618784891828	-0.429258061182308
pdac	NKX3-1	ENSG00000167034	0.884863083582492	0.036884363954170274
pdac	GATA4	ENSG00000136574	0.6946666586776239	-0.467890970434911
pdac	PNMA2	ENSG00000240694	0.39758951312675694	-1.072469409788698
pdac	CDCA2	ENSG00000184661	0.9776343513247555	-0.02067430347858279
pdac	GOT1L1	ENSG00000169154	0.7743402570521902	0.0036239001398932595
pdac	MFHAS1	ENSG00000147324	0.0735353857756916	-1.364871046323871
pdac	PDLIM2	ENSG00000120913	0.020725719936165853	-0.34439480392424837
pdac	PRSS55	ENSG00000184647	0.42159288354389457	-0.010342922927555861
pdac	SOX7	ENSG00000171056	0.7997951407812322	0.09326502310933726
pdac	FGL1	ENSG00000104760	0.7743402570521902	-0.8424586806666485
pdac	DEFA3	ENSG00000239839	0.648413315203059	-0.042933266355370155
pdac	DOK2	ENSG00000147443	0.047577700779805554	-1.6577560556626265
pdac	DEFA4	ENSG00000164821	0.2625520742673368	-0.023537592740344462
pdac	ADAM2	ENSG00000104755	0.28104346359752846	0.023146887287992454
pdac	FAM167A	ENSG00000154319	0.07621250145373416	-0.5690618539179175
pdac	ADRB3	ENSG00000188778	0.648413315203059	-0.015038154589818317
pdac	NPM2	ENSG00000158806	0.02874865942715319	-0.43753916305281115
pdac	SPAG11B	ENSG00000164871	0.648413315203059	-0.0004247247458609613
pdac	PNOC	ENSG00000168081	0.07376216295032213	-0.43297915801426645
pdac	GFRA2	ENSG00000168546	0.07332616397349458	-0.14996629521533375
pdac	NKX2-6	ENSG00000180053	0.5228140945787184	-0.0069775728142915305
pdac	UNC5D	ENSG00000156687	0.3675015916397947	-0.037614837129852356
pdac	CSMD1	ENSG00000183117	0.5133545783380837	0.016316262641794296
pdac	NEFM	ENSG00000104722	0.6992428755514487	-0.031739517222753616
pdac	NAT2	ENSG00000156006	0.7463724528006737	-0.06174468145231796
pdac	DEFB135	ENSG00000205883	0.9298485247208498	
pdac	DEFB4B	ENSG00000177257	0.9536449136216155	0.0009410473775059418
pdac	ZDHHC2	ENSG00000104219	0.0012416115099476773	-5.070695030912129
pdac	MYOM2	ENSG00000036448	0.23061992793111322	-0.06067526813941343
pdac	STAR	ENSG00000147465	0.0722979733623141	-0.032984207833838736
pdac	ZNF705D	ENSG00000215343	0.6709339839316979	-0.0009897349528525368
pdac	HTRA4	ENSG00000169495	0.34712230166448194	-0.41141344369443567
pdac	CSGALNACT1	ENSG00000147408	0.9593956220358855	-0.04398688706333509
pdac	HR	ENSG00000168453	0.7743402570521902	-0.10248279384418568
pdac	TM2D2	ENSG00000169490	0.6946666586776239	-0.4188389193772881
pdac	CHRNA2	ENSG00000120903	0.7997951407812322	-0.0008908761297250836
pdac	SGCZ	ENSG00000185053	0.7997951407812322	-0.010235400297260527
pdac	KCNU1	ENSG00000215262	0.8125764171774369	-0.0015549368846888047
pdac	PIWIL2	ENSG00000197181	0.5119177173805469	-0.12232245966638167
pdac	ZNF705B	ENSG00000215356	0.7395522263840585	
pdac	ADRA1A	ENSG00000120907	0.5133545783380837	-0.03249103574500607
pdac	DEFA6	ENSG00000164822	0.884863083582492	3.5277741976479184
pdac	DEFB4A	ENSG00000171711	0.5933159860617305	-0.03590995880291242
pdac	OR4F21	ENSG00000176269	0.22316419866330464	-0.046868921967172184
pdac	DEFB1	ENSG00000164825	0.7386700674476743	-7.478520988410928
pdac	ADAMDEC1	ENSG00000134028	0.7386700674476743	-1.1353301713095254
pdac	FGF17	ENSG00000158815	0.18055260344065133	-0.03473768871550702
pdac	ADAM32	ENSG00000197140	0.1255598530717693	0.36835383921019016
pdac	ADAM28	ENSG00000042980	0.22191608586924602	-5.176116844730222
pdac	MICU3	ENSG00000155970	0.07549198705884051	-0.5015192931073202
pdac	LGI3	ENSG00000168481	0.6445440310015575	-0.022924703700551927
pdac	ADAM18	ENSG00000168619	0.0398594316244428	0.00892582934187051
pdac	LOXL2	ENSG00000134013	0.6814815312158717	1.5618779539112744
pdac	DLC1	ENSG00000164741	0.0722979733623141	-1.6044292313336364
pdac	ADAM7	ENSG00000069206	0.39758951312675694	-0.0017419288139589322
pdac	TEX15	ENSG00000133863	0.5119177173805469	-0.0531295738711359
pdac	SLC35G5	ENSG00000177710	0.5023898358913396	-0.05607307936808387
pdac	PDGFRL	ENSG00000104213	0.014955256031326462	-2.7877995329303955
pdac	LPL	ENSG00000175445	0.4914290608163435	-2.4055852119380825
pdac	SLC18A1	ENSG00000036565	0.9264443757959596	0.014379230739141463
pdac	PURG	ENSG00000172733	0.8743231789994143	-0.012325795232413728
pdac	EIF4EBP1	ENSG00000187840	0.06658353396128605	8.154764257640164
pdac	DEFB134	ENSG00000205882	0.2666455703249831	0.04176804166327211
pdac	IDO1	ENSG00000131203	0.8971597835377597	-0.5845625376062547
pdac	CLDN23	ENSG00000253958	0.39758951312675694	-2.2100280236263306
pdac	SPAG11A	ENSG00000178287	0.7463724528006737	
pdac	EBF2	ENSG00000221818	0.4016248534300184	-0.33468887423819993
pdac	PHYHIP	ENSG00000168490	0.9264443757959596	0.027512947899841045
pdac	NRG1	ENSG00000157168	0.39758951312675694	-0.12868157589837081
pdac	DEFA5	ENSG00000164816	0.9134666580849026	-5.103898254577657
pdac	LSM1	ENSG00000175324	0.08051607984738422	4.0172258901972775
pdac	IDO2	ENSG00000188676	0.5112130120108401	-0.03342626458575074
pdac	RP1L1	ENSG00000183638	0.7386700674476743	0.04490988904738741
pdac	C8orf74	ENSG00000171060	0.9867940267299397	-3.841241070714433e-05
pdac	C8orf86	ENSG00000196166	0.5020522011181665	-0.006368347995851301
pdac	TNFRSF10D	ENSG00000173530	0.22191608586924602	-1.7281238538614208
pdac	BMP1	ENSG00000168487	0.5593190296446297	-0.6352434232647575
pdac	NEFL	ENSG00000277586	0.10879214019941133	0.6942725777731344
pdac	DPYSL2	ENSG00000092964	0.09322422696531808	-4.646224405771022
pdac	LZTS1	ENSG00000061337	0.6465168394888114	-0.2533380099586595
pdac	SFTPC	ENSG00000168484	0.6992428755514487	-0.06246001761978507
pdac	RNF122	ENSG00000133874	0.02428280653420688	-1.227715766677802
pdac	MSR1	ENSG00000038945	0.07549198705884051	-4.384025823141087
pdac	SCARA5	ENSG00000168079	0.1758709044083526	-1.3418565660599877
pdac	KBTBD11	ENSG00000176595	0.18087374389402316	-0.8868327215247307
pdac	ERLIN2	ENSG00000147475	0.025301512537306628	5.099076989778643
pdac	SMIM18	ENSG00000253457	0.18747518775064187	-0.03824692682566505
pdac	TACC1	ENSG00000147526	0.5133545783380837	2.932897709416462
pdac	ZNF705G	ENSG00000215372	0.5133545783380837	-0.0009940193151228751
pdac	DLGAP2	ENSG00000198010	0.21729096238879964	-0.011191264004422365
pdac	CTSB	ENSG00000164733	0.028841904989359672	-39.74697941042285
pdac	XKR5	ENSG00000275591	0.9264443757959596	-0.0035985994598268373
pdac	RAB11FIP1	ENSG00000156675	0.08307409677642899	13.013329830382954
pdac	ANGPT2	ENSG00000091879	0.5237789501490877	0.4864141786436411
pdac	FGFR1	ENSG00000077782	0.0722979733623141	-1.5667533918272998
pdac	BAG4	ENSG00000156735	0.02428280653420688	3.239302596076005
pdac	ADAM9	ENSG00000168615	0.7864350643045911	3.429433224272259
pdac	DDHD2	ENSG00000085788	0.034819172449750975	2.193210987864732
pdac	DUSP26	ENSG00000133878	0.22191608586924602	-0.4042980767228026
pdac	BLK	ENSG00000136573	0.5133545783380837	-0.7438051427185944
pdac	BRF2	ENSG00000104221	0.022869563341421626	1.650361693785169
pdac	ZNF703	ENSG00000183779	0.1255598530717693	0.8795743874909969
pdac	PLEKHA2	ENSG00000169499	0.8563610040519728	0.356566147249854
pdac	ASH2L	ENSG00000129691	0.013421697094091837	3.1990341173053407
pdac	EGR3	ENSG00000179388	0.18747518775064187	-0.990428969464261
pdac	DEFB136	ENSG00000205884	0.8853037098941491	0.00782476182670222
